Time,Driver,LapNumber,LapTime,Compound,TyreLife,Stint,TrackStatus,PitInTime,PitOutTime,LapTimeSeconds,Year,GrandPrix
0 days 00:57:13.827000,PIA,1.0,0 days 00:01:38.693000,SOFT,4.0,1.0,1,,,98.693,2025,Bahrain
0 days 00:58:51.319000,PIA,2.0,0 days 00:01:37.492000,SOFT,5.0,1.0,1,,,97.492,2025,Bahrain
0 days 01:00:29.402000,PIA,3.0,0 days 00:01:38.083000,SOFT,6.0,1.0,1,,,98.083,2025,Bahrain
0 days 01:02:07.535000,PIA,4.0,0 days 00:01:38.133000,SOFT,7.0,1.0,1,,,98.133,2025,Bahrain
0 days 01:03:45.578000,PIA,5.0,0 days 00:01:38.043000,SOFT,8.0,1.0,1,,,98.043,2025,Bahrain
0 days 01:05:23.941000,PIA,6.0,0 days 00:01:38.363000,SOFT,9.0,1.0,1,,,98.363,2025,Bahrain
0 days 01:07:02.439000,PIA,7.0,0 days 00:01:38.498000,SOFT,10.0,1.0,1,,,98.498,2025,Bahrain
0 days 01:08:41.006000,PIA,8.0,0 days 00:01:38.567000,SOFT,11.0,1.0,1,,,98.567,2025,Bahrain
0 days 01:10:19.806000,PIA,9.0,0 days 00:01:38.800000,SOFT,12.0,1.0,1,,,98.8,2025,Bahrain
0 days 01:11:58.355000,PIA,10.0,0 days 00:01:38.549000,SOFT,13.0,1.0,1,,,98.549,2025,Bahrain
0 days 01:13:37.036000,PIA,11.0,0 days 00:01:38.681000,SOFT,14.0,1.0,1,,,98.681,2025,Bahrain
0 days 01:15:16.064000,PIA,12.0,0 days 00:01:39.028000,SOFT,15.0,1.0,1,,,99.028,2025,Bahrain
0 days 01:16:54.827000,PIA,13.0,0 days 00:01:38.763000,SOFT,16.0,1.0,1,,,98.763,2025,Bahrain
0 days 01:18:36.124000,PIA,14.0,0 days 00:01:41.297000,SOFT,17.0,1.0,1,0 days 01:18:34.427000,,101.297,2025,Bahrain
0 days 01:20:34.980000,PIA,15.0,0 days 00:01:58.856000,MEDIUM,1.0,2.0,1,,0 days 01:18:58.980000,118.856,2025,Bahrain
0 days 01:22:13.043000,PIA,16.0,0 days 00:01:38.063000,MEDIUM,2.0,2.0,1,,,98.063,2025,Bahrain
0 days 01:23:50.776000,PIA,17.0,0 days 00:01:37.733000,MEDIUM,3.0,2.0,1,,,97.733,2025,Bahrain
0 days 01:25:28.464000,PIA,18.0,0 days 00:01:37.688000,MEDIUM,4.0,2.0,1,,,97.688,2025,Bahrain
0 days 01:27:06.355000,PIA,19.0,0 days 00:01:37.891000,MEDIUM,5.0,2.0,1,,,97.891,2025,Bahrain
0 days 01:28:43.859000,PIA,20.0,0 days 00:01:37.504000,MEDIUM,6.0,2.0,1,,,97.504,2025,Bahrain
0 days 01:30:21.571000,PIA,21.0,0 days 00:01:37.712000,MEDIUM,7.0,2.0,1,,,97.712,2025,Bahrain
0 days 01:31:58.713000,PIA,22.0,0 days 00:01:37.142000,MEDIUM,8.0,2.0,1,,,97.142,2025,Bahrain
0 days 01:33:36.646000,PIA,23.0,0 days 00:01:37.933000,MEDIUM,9.0,2.0,1,,,97.933,2025,Bahrain
0 days 01:35:14.280000,PIA,24.0,0 days 00:01:37.634000,MEDIUM,10.0,2.0,1,,,97.634,2025,Bahrain
0 days 01:36:52.091000,PIA,25.0,0 days 00:01:37.811000,MEDIUM,11.0,2.0,1,,,97.811,2025,Bahrain
0 days 01:38:29.481000,PIA,26.0,0 days 00:01:37.390000,MEDIUM,12.0,2.0,1,,,97.39,2025,Bahrain
0 days 01:40:07.060000,PIA,27.0,0 days 00:01:37.579000,MEDIUM,13.0,2.0,1,,,97.579,2025,Bahrain
0 days 01:41:44.753000,PIA,28.0,0 days 00:01:37.693000,MEDIUM,14.0,2.0,1,,,97.693,2025,Bahrain
0 days 01:43:22.430000,PIA,29.0,0 days 00:01:37.677000,MEDIUM,15.0,2.0,1,,,97.677,2025,Bahrain
0 days 01:45:00.241000,PIA,30.0,0 days 00:01:37.811000,MEDIUM,16.0,2.0,1,,,97.811,2025,Bahrain
0 days 01:46:37.797000,PIA,31.0,0 days 00:01:37.556000,MEDIUM,17.0,2.0,1,,,97.556,2025,Bahrain
0 days 01:48:26.499000,PIA,32.0,0 days 00:01:48.702000,MEDIUM,18.0,2.0,14,0 days 01:48:24.783000,,108.702,2025,Bahrain
0 days 01:51:12.577000,PIA,33.0,,MEDIUM,1.0,3.0,4,,0 days 01:48:49.751000,,2025,Bahrain
0 days 01:53:33.140000,PIA,34.0,0 days 00:02:20.563000,MEDIUM,2.0,3.0,4,,,140.563,2025,Bahrain
0 days 01:55:59.373000,PIA,35.0,0 days 00:02:26.233000,MEDIUM,3.0,3.0,41,,,146.233,2025,Bahrain
0 days 01:57:34.513000,PIA,36.0,0 days 00:01:35.140000,MEDIUM,4.0,3.0,1,,,95.14,2025,Bahrain
0 days 01:59:09.888000,PIA,37.0,0 days 00:01:35.375000,MEDIUM,5.0,3.0,1,,,95.375,2025,Bahrain
0 days 02:00:45.885000,PIA,38.0,0 days 00:01:35.997000,MEDIUM,6.0,3.0,1,,,95.997,2025,Bahrain
0 days 02:02:22.059000,PIA,39.0,0 days 00:01:36.174000,MEDIUM,7.0,3.0,1,,,96.174,2025,Bahrain
0 days 02:03:58.419000,PIA,40.0,0 days 00:01:36.360000,MEDIUM,8.0,3.0,1,,,96.36,2025,Bahrain
0 days 02:05:34.745000,PIA,41.0,0 days 00:01:36.326000,MEDIUM,9.0,3.0,1,,,96.326,2025,Bahrain
0 days 02:07:10.994000,PIA,42.0,0 days 00:01:36.249000,MEDIUM,10.0,3.0,1,,,96.249,2025,Bahrain
0 days 02:08:47.112000,PIA,43.0,0 days 00:01:36.118000,MEDIUM,11.0,3.0,1,,,96.118,2025,Bahrain
0 days 02:10:23.401000,PIA,44.0,0 days 00:01:36.289000,MEDIUM,12.0,3.0,1,,,96.289,2025,Bahrain
0 days 02:11:59.436000,PIA,45.0,0 days 00:01:36.035000,MEDIUM,13.0,3.0,1,,,96.035,2025,Bahrain
0 days 02:13:35.334000,PIA,46.0,0 days 00:01:35.898000,MEDIUM,14.0,3.0,1,,,95.898,2025,Bahrain
0 days 02:15:11.424000,PIA,47.0,0 days 00:01:36.090000,MEDIUM,15.0,3.0,1,,,96.09,2025,Bahrain
0 days 02:16:47.781000,PIA,48.0,0 days 00:01:36.357000,MEDIUM,16.0,3.0,1,,,96.357,2025,Bahrain
0 days 02:18:24.596000,PIA,49.0,0 days 00:01:36.815000,MEDIUM,17.0,3.0,1,,,96.815,2025,Bahrain
0 days 02:20:00.859000,PIA,50.0,0 days 00:01:36.263000,MEDIUM,18.0,3.0,1,,,96.263,2025,Bahrain
0 days 02:21:36.964000,PIA,51.0,0 days 00:01:36.105000,MEDIUM,19.0,3.0,1,,,96.105,2025,Bahrain
0 days 02:23:12.925000,PIA,52.0,0 days 00:01:35.961000,MEDIUM,20.0,3.0,1,,,95.961,2025,Bahrain
0 days 02:24:49.258000,PIA,53.0,0 days 00:01:36.333000,MEDIUM,21.0,3.0,1,,,96.333,2025,Bahrain
0 days 02:26:25.487000,PIA,54.0,0 days 00:01:36.229000,MEDIUM,22.0,3.0,1,,,96.229,2025,Bahrain
0 days 02:28:01.746000,PIA,55.0,0 days 00:01:36.259000,MEDIUM,23.0,3.0,1,,,96.259,2025,Bahrain
0 days 02:29:37.989000,PIA,56.0,0 days 00:01:36.243000,MEDIUM,24.0,3.0,1,,,96.243,2025,Bahrain
0 days 02:31:14.577000,PIA,57.0,0 days 00:01:36.588000,MEDIUM,25.0,3.0,1,,,96.588,2025,Bahrain
0 days 00:57:14.716000,RUS,1.0,0 days 00:01:39.582000,SOFT,4.0,1.0,1,,,99.582,2025,Bahrain
0 days 00:58:52.533000,RUS,2.0,0 days 00:01:37.817000,SOFT,5.0,1.0,1,,,97.817,2025,Bahrain
0 days 01:00:30.819000,RUS,3.0,0 days 00:01:38.286000,SOFT,6.0,1.0,1,,,98.286,2025,Bahrain
0 days 01:02:09.197000,RUS,4.0,0 days 00:01:38.378000,SOFT,7.0,1.0,1,,,98.378,2025,Bahrain
0 days 01:03:47.801000,RUS,5.0,0 days 00:01:38.604000,SOFT,8.0,1.0,1,,,98.604,2025,Bahrain
0 days 01:05:26.268000,RUS,6.0,0 days 00:01:38.467000,SOFT,9.0,1.0,1,,,98.467,2025,Bahrain
0 days 01:07:04.954000,RUS,7.0,0 days 00:01:38.686000,SOFT,10.0,1.0,1,,,98.686,2025,Bahrain
0 days 01:08:43.961000,RUS,8.0,0 days 00:01:39.007000,SOFT,11.0,1.0,1,,,99.007,2025,Bahrain
0 days 01:10:22.861000,RUS,9.0,0 days 00:01:38.900000,SOFT,12.0,1.0,1,,,98.9,2025,Bahrain
0 days 01:12:01.750000,RUS,10.0,0 days 00:01:38.889000,SOFT,13.0,1.0,1,,,98.889,2025,Bahrain
0 days 01:13:40.902000,RUS,11.0,0 days 00:01:39.152000,SOFT,14.0,1.0,1,,,99.152,2025,Bahrain
0 days 01:15:20,RUS,12.0,0 days 00:01:39.098000,SOFT,15.0,1.0,1,,,99.098,2025,Bahrain
0 days 01:17:01.867000,RUS,13.0,0 days 00:01:41.867000,SOFT,16.0,1.0,1,0 days 01:17:00.288000,,101.867,2025,Bahrain
0 days 01:18:59.182000,RUS,14.0,0 days 00:01:57.315000,MEDIUM,1.0,2.0,1,,0 days 01:17:24.227000,117.315,2025,Bahrain
0 days 01:20:37.010000,RUS,15.0,0 days 00:01:37.828000,MEDIUM,2.0,2.0,1,,,97.828,2025,Bahrain
0 days 01:22:15.077000,RUS,16.0,0 days 00:01:38.067000,MEDIUM,3.0,2.0,1,,,98.067,2025,Bahrain
0 days 01:23:53.270000,RUS,17.0,0 days 00:01:38.193000,MEDIUM,4.0,2.0,1,,,98.193,2025,Bahrain
0 days 01:25:31.653000,RUS,18.0,0 days 00:01:38.383000,MEDIUM,5.0,2.0,1,,,98.383,2025,Bahrain
0 days 01:27:09.815000,RUS,19.0,0 days 00:01:38.162000,MEDIUM,6.0,2.0,1,,,98.162,2025,Bahrain
0 days 01:28:47.963000,RUS,20.0,0 days 00:01:38.148000,MEDIUM,7.0,2.0,1,,,98.148,2025,Bahrain
0 days 01:30:25.804000,RUS,21.0,0 days 00:01:37.841000,MEDIUM,8.0,2.0,1,,,97.841,2025,Bahrain
0 days 01:32:03.610000,RUS,22.0,0 days 00:01:37.806000,MEDIUM,9.0,2.0,1,,,97.806,2025,Bahrain
0 days 01:33:41.628000,RUS,23.0,0 days 00:01:38.018000,MEDIUM,10.0,2.0,1,,,98.018,2025,Bahrain
0 days 01:35:19.412000,RUS,24.0,0 days 00:01:37.784000,MEDIUM,11.0,2.0,1,,,97.784,2025,Bahrain
0 days 01:36:57.488000,RUS,25.0,0 days 00:01:38.076000,MEDIUM,12.0,2.0,1,,,98.076,2025,Bahrain
0 days 01:38:35.533000,RUS,26.0,0 days 00:01:38.045000,MEDIUM,13.0,2.0,1,,,98.045,2025,Bahrain
0 days 01:40:13.462000,RUS,27.0,0 days 00:01:37.929000,MEDIUM,14.0,2.0,1,,,97.929,2025,Bahrain
0 days 01:41:51.458000,RUS,28.0,0 days 00:01:37.996000,MEDIUM,15.0,2.0,1,,,97.996,2025,Bahrain
0 days 01:43:29.235000,RUS,29.0,0 days 00:01:37.777000,MEDIUM,16.0,2.0,1,,,97.777,2025,Bahrain
0 days 01:45:06.888000,RUS,30.0,0 days 00:01:37.653000,MEDIUM,17.0,2.0,1,,,97.653,2025,Bahrain
0 days 01:46:44.972000,RUS,31.0,0 days 00:01:38.084000,MEDIUM,18.0,2.0,1,,,98.084,2025,Bahrain
0 days 01:48:35.988000,RUS,32.0,0 days 00:01:51.016000,MEDIUM,19.0,2.0,14,0 days 01:48:34.368000,,111.016,2025,Bahrain
0 days 01:51:13.839000,RUS,33.0,,SOFT,4.0,3.0,4,,0 days 01:48:58.415000,,2025,Bahrain
0 days 01:53:34.359000,RUS,34.0,0 days 00:02:20.520000,SOFT,5.0,3.0,4,,,140.52,2025,Bahrain
0 days 01:55:59.888000,RUS,35.0,0 days 00:02:25.529000,SOFT,6.0,3.0,41,,,145.529,2025,Bahrain
0 days 01:57:35.406000,RUS,36.0,0 days 00:01:35.518000,SOFT,7.0,3.0,1,,,95.518,2025,Bahrain
0 days 01:59:11.248000,RUS,37.0,0 days 00:01:35.842000,SOFT,8.0,3.0,1,,,95.842,2025,Bahrain
0 days 02:00:47.455000,RUS,38.0,0 days 00:01:36.207000,SOFT,9.0,3.0,1,,,96.207,2025,Bahrain
0 days 02:02:23.853000,RUS,39.0,0 days 00:01:36.398000,SOFT,10.0,3.0,1,,,96.398,2025,Bahrain
0 days 02:04:00.324000,RUS,40.0,0 days 00:01:36.471000,SOFT,11.0,3.0,1,,,96.471,2025,Bahrain
0 days 02:05:36.715000,RUS,41.0,0 days 00:01:36.391000,SOFT,12.0,3.0,1,,,96.391,2025,Bahrain
0 days 02:07:12.995000,RUS,42.0,0 days 00:01:36.280000,SOFT,13.0,3.0,1,,,96.28,2025,Bahrain
0 days 02:08:49.660000,RUS,43.0,0 days 00:01:36.665000,SOFT,14.0,3.0,1,,,96.665,2025,Bahrain
0 days 02:10:26.545000,RUS,44.0,0 days 00:01:36.885000,SOFT,15.0,3.0,1,,,96.885,2025,Bahrain
0 days 02:12:03.291000,RUS,45.0,0 days 00:01:36.746000,SOFT,16.0,3.0,1,,,96.746,2025,Bahrain
0 days 02:13:39.747000,RUS,46.0,0 days 00:01:36.456000,SOFT,17.0,3.0,1,,,96.456,2025,Bahrain
0 days 02:15:16.455000,RUS,47.0,0 days 00:01:36.708000,SOFT,18.0,3.0,1,,,96.708,2025,Bahrain
0 days 02:16:53.201000,RUS,48.0,0 days 00:01:36.746000,SOFT,19.0,3.0,1,,,96.746,2025,Bahrain
0 days 02:18:30.516000,RUS,49.0,0 days 00:01:37.315000,SOFT,20.0,3.0,1,,,97.315,2025,Bahrain
0 days 02:20:07.489000,RUS,50.0,0 days 00:01:36.973000,SOFT,21.0,3.0,1,,,96.973,2025,Bahrain
0 days 02:21:44.866000,RUS,51.0,0 days 00:01:37.377000,SOFT,22.0,3.0,1,,,97.377,2025,Bahrain
0 days 02:23:22.147000,RUS,52.0,0 days 00:01:37.281000,SOFT,23.0,3.0,1,,,97.281,2025,Bahrain
0 days 02:24:59.559000,RUS,53.0,0 days 00:01:37.412000,SOFT,24.0,3.0,1,,,97.412,2025,Bahrain
0 days 02:26:36.928000,RUS,54.0,0 days 00:01:37.369000,SOFT,25.0,3.0,1,,,97.369,2025,Bahrain
0 days 02:28:14.315000,RUS,55.0,0 days 00:01:37.387000,SOFT,26.0,3.0,1,,,97.387,2025,Bahrain
0 days 02:29:52.159000,RUS,56.0,0 days 00:01:37.844000,SOFT,27.0,3.0,1,,,97.844,2025,Bahrain
0 days 02:31:30.115000,RUS,57.0,0 days 00:01:37.956000,SOFT,28.0,3.0,1,,,97.956,2025,Bahrain
0 days 00:57:15.558000,NOR,1.0,0 days 00:01:40.424000,SOFT,4.0,1.0,1,,,100.424,2025,Bahrain
0 days 00:58:53.468000,NOR,2.0,0 days 00:01:37.910000,SOFT,5.0,1.0,1,,,97.91,2025,Bahrain
0 days 01:00:31.885000,NOR,3.0,0 days 00:01:38.417000,SOFT,6.0,1.0,1,,,98.417,2025,Bahrain
0 days 01:02:10.120000,NOR,4.0,0 days 00:01:38.235000,SOFT,7.0,1.0,1,,,98.235,2025,Bahrain
0 days 01:03:48.724000,NOR,5.0,0 days 00:01:38.604000,SOFT,8.0,1.0,1,,,98.604,2025,Bahrain
0 days 01:05:27.294000,NOR,6.0,0 days 00:01:38.570000,SOFT,9.0,1.0,1,,,98.57,2025,Bahrain
0 days 01:07:05.762000,NOR,7.0,0 days 00:01:38.468000,SOFT,10.0,1.0,1,,,98.468,2025,Bahrain
0 days 01:08:44.732000,NOR,8.0,0 days 00:01:38.970000,SOFT,11.0,1.0,1,,,98.97,2025,Bahrain
0 days 01:10:23.836000,NOR,9.0,0 days 00:01:39.104000,SOFT,12.0,1.0,1,,,99.104,2025,Bahrain
0 days 01:12:05.370000,NOR,10.0,0 days 00:01:41.534000,SOFT,13.0,1.0,1,0 days 01:12:03.834000,,101.534,2025,Bahrain
0 days 01:14:08.221000,NOR,11.0,0 days 00:02:02.851000,MEDIUM,1.0,2.0,1,,0 days 01:12:33.449000,122.851,2025,Bahrain
0 days 01:15:46.088000,NOR,12.0,0 days 00:01:37.867000,MEDIUM,2.0,2.0,1,,,97.867,2025,Bahrain
0 days 01:17:23.541000,NOR,13.0,0 days 00:01:37.453000,MEDIUM,3.0,2.0,1,,,97.453,2025,Bahrain
0 days 01:19:02.314000,NOR,14.0,0 days 00:01:38.773000,MEDIUM,4.0,2.0,1,,,98.773,2025,Bahrain
0 days 01:20:40.061000,NOR,15.0,0 days 00:01:37.747000,MEDIUM,5.0,2.0,1,,,97.747,2025,Bahrain
0 days 01:22:18.455000,NOR,16.0,0 days 00:01:38.394000,MEDIUM,6.0,2.0,1,,,98.394,2025,Bahrain
0 days 01:23:56.022000,NOR,17.0,0 days 00:01:37.567000,MEDIUM,7.0,2.0,1,,,97.567,2025,Bahrain
0 days 01:25:33.692000,NOR,18.0,0 days 00:01:37.670000,MEDIUM,8.0,2.0,1,,,97.67,2025,Bahrain
0 days 01:27:11.347000,NOR,19.0,0 days 00:01:37.655000,MEDIUM,9.0,2.0,1,,,97.655,2025,Bahrain
0 days 01:28:49.273000,NOR,20.0,0 days 00:01:37.926000,MEDIUM,10.0,2.0,1,,,97.926,2025,Bahrain
0 days 01:30:27.256000,NOR,21.0,0 days 00:01:37.983000,MEDIUM,11.0,2.0,1,,,97.983,2025,Bahrain
0 days 01:32:05.043000,NOR,22.0,0 days 00:01:37.787000,MEDIUM,12.0,2.0,1,,,97.787,2025,Bahrain
0 days 01:33:43.177000,NOR,23.0,0 days 00:01:38.134000,MEDIUM,13.0,2.0,1,,,98.134,2025,Bahrain
0 days 01:35:21.160000,NOR,24.0,0 days 00:01:37.983000,MEDIUM,14.0,2.0,1,,,97.983,2025,Bahrain
0 days 01:37:00.450000,NOR,25.0,0 days 00:01:39.290000,MEDIUM,15.0,2.0,1,,,99.29,2025,Bahrain
0 days 01:38:38.665000,NOR,26.0,0 days 00:01:38.215000,MEDIUM,16.0,2.0,1,,,98.215,2025,Bahrain
0 days 01:40:16.635000,NOR,27.0,0 days 00:01:37.970000,MEDIUM,17.0,2.0,1,,,97.97,2025,Bahrain
0 days 01:41:54.584000,NOR,28.0,0 days 00:01:37.949000,MEDIUM,18.0,2.0,1,,,97.949,2025,Bahrain
0 days 01:43:32.714000,NOR,29.0,0 days 00:01:38.130000,MEDIUM,19.0,2.0,1,,,98.13,2025,Bahrain
0 days 01:45:10.450000,NOR,30.0,0 days 00:01:37.736000,MEDIUM,20.0,2.0,1,,,97.736,2025,Bahrain
0 days 01:46:48.377000,NOR,31.0,0 days 00:01:37.927000,MEDIUM,21.0,2.0,1,,,97.927,2025,Bahrain
0 days 01:48:40.081000,NOR,32.0,0 days 00:01:51.704000,MEDIUM,22.0,2.0,14,0 days 01:48:38.428000,,111.704,2025,Bahrain
0 days 01:51:16.679000,NOR,33.0,,MEDIUM,1.0,3.0,4,,0 days 01:49:02.487000,,2025,Bahrain
0 days 01:53:36.358000,NOR,34.0,0 days 00:02:19.679000,MEDIUM,2.0,3.0,4,,,139.679,2025,Bahrain
0 days 01:56:00.856000,NOR,35.0,0 days 00:02:24.498000,MEDIUM,3.0,3.0,41,,,144.498,2025,Bahrain
0 days 01:57:37.361000,NOR,36.0,0 days 00:01:36.505000,MEDIUM,4.0,3.0,1,,,96.505,2025,Bahrain
0 days 01:59:15.328000,NOR,37.0,0 days 00:01:37.967000,MEDIUM,5.0,3.0,1,,,97.967,2025,Bahrain
0 days 02:00:51.056000,NOR,38.0,0 days 00:01:35.728000,MEDIUM,6.0,3.0,1,,,95.728,2025,Bahrain
0 days 02:02:27.315000,NOR,39.0,0 days 00:01:36.259000,MEDIUM,7.0,3.0,1,,,96.259,2025,Bahrain
0 days 02:04:03.436000,NOR,40.0,0 days 00:01:36.121000,MEDIUM,8.0,3.0,1,,,96.121,2025,Bahrain
0 days 02:05:39.695000,NOR,41.0,0 days 00:01:36.259000,MEDIUM,9.0,3.0,1,,,96.259,2025,Bahrain
0 days 02:07:15.838000,NOR,42.0,0 days 00:01:36.143000,MEDIUM,10.0,3.0,1,,,96.143,2025,Bahrain
0 days 02:08:51.880000,NOR,43.0,0 days 00:01:36.042000,MEDIUM,11.0,3.0,1,,,96.042,2025,Bahrain
0 days 02:10:28.332000,NOR,44.0,0 days 00:01:36.452000,MEDIUM,12.0,3.0,1,,,96.452,2025,Bahrain
0 days 02:12:04.926000,NOR,45.0,0 days 00:01:36.594000,MEDIUM,13.0,3.0,1,,,96.594,2025,Bahrain
0 days 02:13:42.577000,NOR,46.0,0 days 00:01:37.651000,MEDIUM,14.0,3.0,1,,,97.651,2025,Bahrain
0 days 02:15:18.892000,NOR,47.0,0 days 00:01:36.315000,MEDIUM,15.0,3.0,1,,,96.315,2025,Bahrain
0 days 02:16:55.471000,NOR,48.0,0 days 00:01:36.579000,MEDIUM,16.0,3.0,1,,,96.579,2025,Bahrain
0 days 02:18:33.332000,NOR,49.0,0 days 00:01:37.861000,MEDIUM,17.0,3.0,1,,,97.861,2025,Bahrain
0 days 02:20:10.368000,NOR,50.0,0 days 00:01:37.036000,MEDIUM,18.0,3.0,1,,,97.036,2025,Bahrain
0 days 02:21:47.451000,NOR,51.0,0 days 00:01:37.083000,MEDIUM,19.0,3.0,1,,,97.083,2025,Bahrain
0 days 02:23:23.776000,NOR,52.0,0 days 00:01:36.325000,MEDIUM,20.0,3.0,1,,,96.325,2025,Bahrain
0 days 02:25:00.513000,NOR,53.0,0 days 00:01:36.737000,MEDIUM,21.0,3.0,1,,,96.737,2025,Bahrain
0 days 02:26:37.640000,NOR,54.0,0 days 00:01:37.127000,MEDIUM,22.0,3.0,1,,,97.127,2025,Bahrain
0 days 02:28:14.980000,NOR,55.0,0 days 00:01:37.340000,MEDIUM,23.0,3.0,1,,,97.34,2025,Bahrain
0 days 02:29:52.707000,NOR,56.0,0 days 00:01:37.727000,MEDIUM,24.0,3.0,1,,,97.727,2025,Bahrain
0 days 02:31:30.836000,NOR,57.0,0 days 00:01:38.129000,MEDIUM,25.0,3.0,1,,,98.129,2025,Bahrain
0 days 00:57:16.466000,LEC,1.0,0 days 00:01:41.332000,MEDIUM,1.0,1.0,1,,,101.332,2025,Bahrain
0 days 00:58:54.514000,LEC,2.0,0 days 00:01:38.048000,MEDIUM,2.0,1.0,1,,,98.048,2025,Bahrain
0 days 01:00:32.977000,LEC,3.0,0 days 00:01:38.463000,MEDIUM,3.0,1.0,1,,,98.463,2025,Bahrain
0 days 01:02:11.250000,LEC,4.0,0 days 00:01:38.273000,MEDIUM,4.0,1.0,1,,,98.273,2025,Bahrain
0 days 01:03:49.677000,LEC,5.0,0 days 00:01:38.427000,MEDIUM,5.0,1.0,1,,,98.427,2025,Bahrain
0 days 01:05:28.461000,LEC,6.0,0 days 00:01:38.784000,MEDIUM,6.0,1.0,1,,,98.784,2025,Bahrain
0 days 01:07:07.141000,LEC,7.0,0 days 00:01:38.680000,MEDIUM,7.0,1.0,1,,,98.68,2025,Bahrain
0 days 01:08:46.274000,LEC,8.0,0 days 00:01:39.133000,MEDIUM,8.0,1.0,1,,,99.133,2025,Bahrain
0 days 01:10:25.438000,LEC,9.0,0 days 00:01:39.164000,MEDIUM,9.0,1.0,1,,,99.164,2025,Bahrain
0 days 01:12:04.319000,LEC,10.0,0 days 00:01:38.881000,MEDIUM,10.0,1.0,1,,,98.881,2025,Bahrain
0 days 01:13:43.504000,LEC,11.0,0 days 00:01:39.185000,MEDIUM,11.0,1.0,1,,,99.185,2025,Bahrain
0 days 01:15:22.477000,LEC,12.0,0 days 00:01:38.973000,MEDIUM,12.0,1.0,1,,,98.973,2025,Bahrain
0 days 01:17:01.198000,LEC,13.0,0 days 00:01:38.721000,MEDIUM,13.0,1.0,1,,,98.721,2025,Bahrain
0 days 01:18:40.068000,LEC,14.0,0 days 00:01:38.870000,MEDIUM,14.0,1.0,1,,,98.87,2025,Bahrain
0 days 01:20:18.924000,LEC,15.0,0 days 00:01:38.856000,MEDIUM,15.0,1.0,1,,,98.856,2025,Bahrain
0 days 01:21:57.985000,LEC,16.0,0 days 00:01:39.061000,MEDIUM,16.0,1.0,1,,,99.061,2025,Bahrain
0 days 01:23:39.545000,LEC,17.0,0 days 00:01:41.560000,MEDIUM,17.0,1.0,1,0 days 01:23:38.022000,,101.56,2025,Bahrain
0 days 01:25:37.362000,LEC,18.0,0 days 00:01:57.817000,MEDIUM,1.0,2.0,1,,0 days 01:24:02.723000,117.817,2025,Bahrain
0 days 01:27:14.238000,LEC,19.0,0 days 00:01:36.876000,MEDIUM,2.0,2.0,1,,,96.876,2025,Bahrain
0 days 01:28:51.444000,LEC,20.0,0 days 00:01:37.206000,MEDIUM,3.0,2.0,1,,,97.206,2025,Bahrain
0 days 01:30:28.837000,LEC,21.0,0 days 00:01:37.393000,MEDIUM,4.0,2.0,1,,,97.393,2025,Bahrain
0 days 01:32:06.200000,LEC,22.0,0 days 00:01:37.363000,MEDIUM,5.0,2.0,1,,,97.363,2025,Bahrain
0 days 01:33:43.866000,LEC,23.0,0 days 00:01:37.666000,MEDIUM,6.0,2.0,1,,,97.666,2025,Bahrain
0 days 01:35:21.879000,LEC,24.0,0 days 00:01:38.013000,MEDIUM,7.0,2.0,1,,,98.013,2025,Bahrain
0 days 01:36:59.331000,LEC,25.0,0 days 00:01:37.452000,MEDIUM,8.0,2.0,1,,,97.452,2025,Bahrain
0 days 01:38:36.807000,LEC,26.0,0 days 00:01:37.476000,MEDIUM,9.0,2.0,1,,,97.476,2025,Bahrain
0 days 01:40:14.754000,LEC,27.0,0 days 00:01:37.947000,MEDIUM,10.0,2.0,1,,,97.947,2025,Bahrain
0 days 01:41:52.859000,LEC,28.0,0 days 00:01:38.105000,MEDIUM,11.0,2.0,1,,,98.105,2025,Bahrain
0 days 01:43:30.640000,LEC,29.0,0 days 00:01:37.781000,MEDIUM,12.0,2.0,1,,,97.781,2025,Bahrain
0 days 01:45:08.259000,LEC,30.0,0 days 00:01:37.619000,MEDIUM,13.0,2.0,1,,,97.619,2025,Bahrain
0 days 01:46:46.307000,LEC,31.0,0 days 00:01:38.048000,MEDIUM,14.0,2.0,1,,,98.048,2025,Bahrain
0 days 01:48:37.423000,LEC,32.0,0 days 00:01:51.116000,MEDIUM,15.0,2.0,14,0 days 01:48:35.804000,,111.116,2025,Bahrain
0 days 01:51:15.498000,LEC,33.0,,HARD,1.0,3.0,4,,0 days 01:49:00.041000,,2025,Bahrain
0 days 01:53:35.209000,LEC,34.0,0 days 00:02:19.711000,HARD,2.0,3.0,4,,,139.711,2025,Bahrain
0 days 01:56:00.787000,LEC,35.0,0 days 00:02:25.578000,HARD,3.0,3.0,41,,,145.578,2025,Bahrain
0 days 01:57:36.919000,LEC,36.0,0 days 00:01:36.132000,HARD,4.0,3.0,1,,,96.132,2025,Bahrain
0 days 01:59:13.243000,LEC,37.0,0 days 00:01:36.324000,HARD,5.0,3.0,1,,,96.324,2025,Bahrain
0 days 02:00:49.385000,LEC,38.0,0 days 00:01:36.142000,HARD,6.0,3.0,1,,,96.142,2025,Bahrain
0 days 02:02:25.583000,LEC,39.0,0 days 00:01:36.198000,HARD,7.0,3.0,1,,,96.198,2025,Bahrain
0 days 02:04:01.863000,LEC,40.0,0 days 00:01:36.280000,HARD,8.0,3.0,1,,,96.28,2025,Bahrain
0 days 02:05:38.356000,LEC,41.0,0 days 00:01:36.493000,HARD,9.0,3.0,1,,,96.493,2025,Bahrain
0 days 02:07:14.660000,LEC,42.0,0 days 00:01:36.304000,HARD,10.0,3.0,1,,,96.304,2025,Bahrain
0 days 02:08:51.166000,LEC,43.0,0 days 00:01:36.506000,HARD,11.0,3.0,1,,,96.506,2025,Bahrain
0 days 02:10:27.713000,LEC,44.0,0 days 00:01:36.547000,HARD,12.0,3.0,1,,,96.547,2025,Bahrain
0 days 02:12:04.413000,LEC,45.0,0 days 00:01:36.700000,HARD,13.0,3.0,1,,,96.7,2025,Bahrain
0 days 02:13:41.307000,LEC,46.0,0 days 00:01:36.894000,HARD,14.0,3.0,1,,,96.894,2025,Bahrain
0 days 02:15:18.081000,LEC,47.0,0 days 00:01:36.774000,HARD,15.0,3.0,1,,,96.774,2025,Bahrain
0 days 02:16:55.035000,LEC,48.0,0 days 00:01:36.954000,HARD,16.0,3.0,1,,,96.954,2025,Bahrain
0 days 02:18:32.693000,LEC,49.0,0 days 00:01:37.658000,HARD,17.0,3.0,1,,,97.658,2025,Bahrain
0 days 02:20:09.649000,LEC,50.0,0 days 00:01:36.956000,HARD,18.0,3.0,1,,,96.956,2025,Bahrain
0 days 02:21:46.928000,LEC,51.0,0 days 00:01:37.279000,HARD,19.0,3.0,1,,,97.279,2025,Bahrain
0 days 02:23:25.351000,LEC,52.0,0 days 00:01:38.423000,HARD,20.0,3.0,1,,,98.423,2025,Bahrain
0 days 02:25:02.934000,LEC,53.0,0 days 00:01:37.583000,HARD,21.0,3.0,1,,,97.583,2025,Bahrain
0 days 02:26:40.728000,LEC,54.0,0 days 00:01:37.794000,HARD,22.0,3.0,1,,,97.794,2025,Bahrain
0 days 02:28:18.314000,LEC,55.0,0 days 00:01:37.586000,HARD,23.0,3.0,1,,,97.586,2025,Bahrain
0 days 02:29:55.980000,LEC,56.0,0 days 00:01:37.666000,HARD,24.0,3.0,1,,,97.666,2025,Bahrain
0 days 02:31:34.253000,LEC,57.0,0 days 00:01:38.273000,HARD,25.0,3.0,1,,,98.273,2025,Bahrain
0 days 00:57:19.702000,HAM,1.0,0 days 00:01:44.568000,MEDIUM,1.0,1.0,1,,,104.568,2025,Bahrain
0 days 00:58:58.268000,HAM,2.0,0 days 00:01:38.566000,MEDIUM,2.0,1.0,1,,,98.566,2025,Bahrain
0 days 01:00:36.687000,HAM,3.0,0 days 00:01:38.419000,MEDIUM,3.0,1.0,1,,,98.419,2025,Bahrain
0 days 01:02:15.341000,HAM,4.0,0 days 00:01:38.654000,MEDIUM,4.0,1.0,1,,,98.654,2025,Bahrain
0 days 01:03:54.806000,HAM,5.0,0 days 00:01:39.465000,MEDIUM,5.0,1.0,1,,,99.465,2025,Bahrain
0 days 01:05:33.910000,HAM,6.0,0 days 00:01:39.104000,MEDIUM,6.0,1.0,1,,,99.104,2025,Bahrain
0 days 01:07:13.189000,HAM,7.0,0 days 00:01:39.279000,MEDIUM,7.0,1.0,1,,,99.279,2025,Bahrain
0 days 01:08:52.932000,HAM,8.0,0 days 00:01:39.743000,MEDIUM,8.0,1.0,1,,,99.743,2025,Bahrain
0 days 01:10:33.877000,HAM,9.0,0 days 00:01:40.945000,MEDIUM,9.0,1.0,1,,,100.945,2025,Bahrain
0 days 01:12:13.174000,HAM,10.0,0 days 00:01:39.297000,MEDIUM,10.0,1.0,1,,,99.297,2025,Bahrain
0 days 01:13:52.320000,HAM,11.0,0 days 00:01:39.146000,MEDIUM,11.0,1.0,1,,,99.146,2025,Bahrain
0 days 01:15:31.205000,HAM,12.0,0 days 00:01:38.885000,MEDIUM,12.0,1.0,1,,,98.885,2025,Bahrain
0 days 01:17:10.108000,HAM,13.0,0 days 00:01:38.903000,MEDIUM,13.0,1.0,1,,,98.903,2025,Bahrain
0 days 01:18:49.235000,HAM,14.0,0 days 00:01:39.127000,MEDIUM,14.0,1.0,1,,,99.127,2025,Bahrain
0 days 01:20:28.511000,HAM,15.0,0 days 00:01:39.276000,MEDIUM,15.0,1.0,1,,,99.276,2025,Bahrain
0 days 01:22:07.997000,HAM,16.0,0 days 00:01:39.486000,MEDIUM,16.0,1.0,1,,,99.486,2025,Bahrain
0 days 01:23:49.681000,HAM,17.0,0 days 00:01:41.684000,MEDIUM,17.0,1.0,1,0 days 01:23:48.039000,,101.684,2025,Bahrain
0 days 01:25:47.568000,HAM,18.0,0 days 00:01:57.887000,MEDIUM,1.0,2.0,1,,0 days 01:24:12.399000,117.887,2025,Bahrain
0 days 01:27:24.366000,HAM,19.0,0 days 00:01:36.798000,MEDIUM,2.0,2.0,1,,,96.798,2025,Bahrain
0 days 01:29:01.692000,HAM,20.0,0 days 00:01:37.326000,MEDIUM,3.0,2.0,1,,,97.326,2025,Bahrain
0 days 01:30:40.122000,HAM,21.0,0 days 00:01:38.430000,MEDIUM,4.0,2.0,1,,,98.43,2025,Bahrain
0 days 01:32:18.132000,HAM,22.0,0 days 00:01:38.010000,MEDIUM,5.0,2.0,1,,,98.01,2025,Bahrain
0 days 01:33:56.056000,HAM,23.0,0 days 00:01:37.924000,MEDIUM,6.0,2.0,1,,,97.924,2025,Bahrain
0 days 01:35:34.582000,HAM,24.0,0 days 00:01:38.526000,MEDIUM,7.0,2.0,1,,,98.526,2025,Bahrain
0 days 01:37:12.245000,HAM,25.0,0 days 00:01:37.663000,MEDIUM,8.0,2.0,1,,,97.663,2025,Bahrain
0 days 01:38:49.630000,HAM,26.0,0 days 00:01:37.385000,MEDIUM,9.0,2.0,1,,,97.385,2025,Bahrain
0 days 01:40:27.325000,HAM,27.0,0 days 00:01:37.695000,MEDIUM,10.0,2.0,1,,,97.695,2025,Bahrain
0 days 01:42:04.999000,HAM,28.0,0 days 00:01:37.674000,MEDIUM,11.0,2.0,1,,,97.674,2025,Bahrain
0 days 01:43:42.287000,HAM,29.0,0 days 00:01:37.288000,MEDIUM,12.0,2.0,1,,,97.288,2025,Bahrain
0 days 01:45:19.804000,HAM,30.0,0 days 00:01:37.517000,MEDIUM,13.0,2.0,1,,,97.517,2025,Bahrain
0 days 01:46:57.402000,HAM,31.0,0 days 00:01:37.598000,MEDIUM,14.0,2.0,1,,,97.598,2025,Bahrain
0 days 01:48:53.065000,HAM,32.0,0 days 00:01:55.663000,MEDIUM,15.0,2.0,14,0 days 01:48:51.358000,,115.663,2025,Bahrain
0 days 01:51:25.268000,HAM,33.0,,HARD,1.0,3.0,4,,0 days 01:49:15.781000,,2025,Bahrain
0 days 01:53:38.119000,HAM,34.0,0 days 00:02:12.851000,HARD,2.0,3.0,4,,,132.851,2025,Bahrain
0 days 01:56:01.183000,HAM,35.0,0 days 00:02:23.064000,HARD,3.0,3.0,41,,,143.064,2025,Bahrain
0 days 01:57:38.697000,HAM,36.0,0 days 00:01:37.514000,HARD,4.0,3.0,1,,,97.514,2025,Bahrain
0 days 01:59:14.932000,HAM,37.0,0 days 00:01:36.235000,HARD,5.0,3.0,1,,,96.235,2025,Bahrain
0 days 02:00:52.130000,HAM,38.0,0 days 00:01:37.198000,HARD,6.0,3.0,1,,,97.198,2025,Bahrain
0 days 02:02:28.450000,HAM,39.0,0 days 00:01:36.320000,HARD,7.0,3.0,1,,,96.32,2025,Bahrain
0 days 02:04:05.109000,HAM,40.0,0 days 00:01:36.659000,HARD,8.0,3.0,1,,,96.659,2025,Bahrain
0 days 02:05:41.957000,HAM,41.0,0 days 00:01:36.848000,HARD,9.0,3.0,1,,,96.848,2025,Bahrain
0 days 02:07:19.072000,HAM,42.0,0 days 00:01:37.115000,HARD,10.0,3.0,1,,,97.115,2025,Bahrain
0 days 02:08:55.828000,HAM,43.0,0 days 00:01:36.756000,HARD,11.0,3.0,1,,,96.756,2025,Bahrain
0 days 02:10:32.829000,HAM,44.0,0 days 00:01:37.001000,HARD,12.0,3.0,1,,,97.001,2025,Bahrain
0 days 02:12:09.863000,HAM,45.0,0 days 00:01:37.034000,HARD,13.0,3.0,1,,,97.034,2025,Bahrain
0 days 02:13:46.888000,HAM,46.0,0 days 00:01:37.025000,HARD,14.0,3.0,1,,,97.025,2025,Bahrain
0 days 02:15:23.770000,HAM,47.0,0 days 00:01:36.882000,HARD,15.0,3.0,1,,,96.882,2025,Bahrain
0 days 02:17:00.787000,HAM,48.0,0 days 00:01:37.017000,HARD,16.0,3.0,1,,,97.017,2025,Bahrain
0 days 02:18:38.420000,HAM,49.0,0 days 00:01:37.633000,HARD,17.0,3.0,1,,,97.633,2025,Bahrain
0 days 02:20:15.996000,HAM,50.0,0 days 00:01:37.576000,HARD,18.0,3.0,1,,,97.576,2025,Bahrain
0 days 02:21:54.108000,HAM,51.0,0 days 00:01:38.112000,HARD,19.0,3.0,1,,,98.112,2025,Bahrain
0 days 02:23:31.855000,HAM,52.0,0 days 00:01:37.747000,HARD,20.0,3.0,1,,,97.747,2025,Bahrain
0 days 02:25:10.017000,HAM,53.0,0 days 00:01:38.162000,HARD,21.0,3.0,1,,,98.162,2025,Bahrain
0 days 02:26:48.045000,HAM,54.0,0 days 00:01:38.028000,HARD,22.0,3.0,1,,,98.028,2025,Bahrain
0 days 02:28:26.071000,HAM,55.0,0 days 00:01:38.026000,HARD,23.0,3.0,1,,,98.026,2025,Bahrain
0 days 02:30:04.133000,HAM,56.0,0 days 00:01:38.062000,HARD,24.0,3.0,1,,,98.062,2025,Bahrain
0 days 02:31:42.571000,HAM,57.0,0 days 00:01:38.438000,HARD,25.0,3.0,1,,,98.438,2025,Bahrain
0 days 00:57:19.011000,VER,1.0,0 days 00:01:43.877000,SOFT,4.0,1.0,1,,,103.877,2025,Bahrain
0 days 00:58:57.414000,VER,2.0,0 days 00:01:38.403000,SOFT,5.0,1.0,1,,,98.403,2025,Bahrain
0 days 01:00:35.889000,VER,3.0,0 days 00:01:38.475000,SOFT,6.0,1.0,1,,,98.475,2025,Bahrain
0 days 01:02:14.438000,VER,4.0,0 days 00:01:38.549000,SOFT,7.0,1.0,1,,,98.549,2025,Bahrain
0 days 01:03:53.198000,VER,5.0,0 days 00:01:38.760000,SOFT,8.0,1.0,1,,,98.76,2025,Bahrain
0 days 01:05:31.791000,VER,6.0,0 days 00:01:38.593000,SOFT,9.0,1.0,1,,,98.593,2025,Bahrain
0 days 01:07:10.720000,VER,7.0,0 days 00:01:38.929000,SOFT,10.0,1.0,1,,,98.929,2025,Bahrain
0 days 01:08:50.105000,VER,8.0,0 days 00:01:39.385000,SOFT,11.0,1.0,1,,,99.385,2025,Bahrain
0 days 01:10:29.775000,VER,9.0,0 days 00:01:39.670000,SOFT,12.0,1.0,1,,,99.67,2025,Bahrain
0 days 01:12:13.068000,VER,10.0,0 days 00:01:43.293000,SOFT,13.0,1.0,1,0 days 01:12:11.433000,,103.293,2025,Bahrain
0 days 01:14:12.986000,VER,11.0,0 days 00:01:59.918000,HARD,1.0,2.0,1,,0 days 01:12:37.959000,119.918,2025,Bahrain
0 days 01:15:50.190000,VER,12.0,0 days 00:01:37.204000,HARD,2.0,2.0,1,,,97.204,2025,Bahrain
0 days 01:17:28.517000,VER,13.0,0 days 00:01:38.327000,HARD,3.0,2.0,1,,,98.327,2025,Bahrain
0 days 01:19:06.604000,VER,14.0,0 days 00:01:38.087000,HARD,4.0,2.0,1,,,98.087,2025,Bahrain
0 days 01:20:44.891000,VER,15.0,0 days 00:01:38.287000,HARD,5.0,2.0,1,,,98.287,2025,Bahrain
0 days 01:22:24.194000,VER,16.0,0 days 00:01:39.303000,HARD,6.0,2.0,1,,,99.303,2025,Bahrain
0 days 01:24:02.602000,VER,17.0,0 days 00:01:38.408000,HARD,7.0,2.0,1,,,98.408,2025,Bahrain
0 days 01:25:41.155000,VER,18.0,0 days 00:01:38.553000,HARD,8.0,2.0,1,,,98.553,2025,Bahrain
0 days 01:27:19.670000,VER,19.0,0 days 00:01:38.515000,HARD,9.0,2.0,1,,,98.515,2025,Bahrain
0 days 01:29:00.097000,VER,20.0,0 days 00:01:40.427000,HARD,10.0,2.0,1,,,100.427,2025,Bahrain
0 days 01:30:39.045000,VER,21.0,0 days 00:01:38.948000,HARD,11.0,2.0,1,,,98.948,2025,Bahrain
0 days 01:32:19.121000,VER,22.0,0 days 00:01:40.076000,HARD,12.0,2.0,1,,,100.076,2025,Bahrain
0 days 01:33:57.554000,VER,23.0,0 days 00:01:38.433000,HARD,13.0,2.0,1,,,98.433,2025,Bahrain
0 days 01:35:36.425000,VER,24.0,0 days 00:01:38.871000,HARD,14.0,2.0,1,,,98.871,2025,Bahrain
0 days 01:37:15.917000,VER,25.0,0 days 00:01:39.492000,HARD,15.0,2.0,1,,,99.492,2025,Bahrain
0 days 01:38:58.405000,VER,26.0,0 days 00:01:42.488000,HARD,16.0,2.0,1,0 days 01:38:56.736000,,102.488,2025,Bahrain
0 days 01:40:58.450000,VER,27.0,0 days 00:02:00.045000,MEDIUM,1.0,3.0,1,,0 days 01:39:24.978000,120.045,2025,Bahrain
0 days 01:42:35.540000,VER,28.0,0 days 00:01:37.090000,MEDIUM,2.0,3.0,1,,,97.09,2025,Bahrain
0 days 01:44:11.707000,VER,29.0,0 days 00:01:36.167000,MEDIUM,3.0,3.0,1,,,96.167,2025,Bahrain
0 days 01:45:48.401000,VER,30.0,0 days 00:01:36.694000,MEDIUM,4.0,3.0,1,,,96.694,2025,Bahrain
0 days 01:47:26.441000,VER,31.0,0 days 00:01:38.040000,MEDIUM,5.0,3.0,1,,,98.04,2025,Bahrain
0 days 01:49:30.678000,VER,32.0,0 days 00:02:04.237000,MEDIUM,6.0,3.0,14,,,124.237,2025,Bahrain
0 days 01:51:43.129000,VER,33.0,0 days 00:02:12.451000,MEDIUM,7.0,3.0,4,,,132.451,2025,Bahrain
0 days 01:53:43.498000,VER,34.0,0 days 00:02:00.369000,MEDIUM,8.0,3.0,4,,,120.369,2025,Bahrain
0 days 01:56:02.648000,VER,35.0,0 days 00:02:19.150000,MEDIUM,9.0,3.0,41,,,139.15,2025,Bahrain
0 days 01:57:41.270000,VER,36.0,0 days 00:01:38.622000,MEDIUM,10.0,3.0,1,,,98.622,2025,Bahrain
0 days 01:59:18.615000,VER,37.0,0 days 00:01:37.345000,MEDIUM,11.0,3.0,1,,,97.345,2025,Bahrain
0 days 02:00:54.786000,VER,38.0,0 days 00:01:36.171000,MEDIUM,12.0,3.0,1,,,96.171,2025,Bahrain
0 days 02:02:31.456000,VER,39.0,0 days 00:01:36.670000,MEDIUM,13.0,3.0,1,,,96.67,2025,Bahrain
0 days 02:04:08.515000,VER,40.0,0 days 00:01:37.059000,MEDIUM,14.0,3.0,1,,,97.059,2025,Bahrain
0 days 02:05:45.437000,VER,41.0,0 days 00:01:36.922000,MEDIUM,15.0,3.0,1,,,96.922,2025,Bahrain
0 days 02:07:22.600000,VER,42.0,0 days 00:01:37.163000,MEDIUM,16.0,3.0,1,,,97.163,2025,Bahrain
0 days 02:08:59.695000,VER,43.0,0 days 00:01:37.095000,MEDIUM,17.0,3.0,1,,,97.095,2025,Bahrain
0 days 02:10:36.733000,VER,44.0,0 days 00:01:37.038000,MEDIUM,18.0,3.0,1,,,97.038,2025,Bahrain
0 days 02:12:14.118000,VER,45.0,0 days 00:01:37.385000,MEDIUM,19.0,3.0,1,,,97.385,2025,Bahrain
0 days 02:13:51.469000,VER,46.0,0 days 00:01:37.351000,MEDIUM,20.0,3.0,1,,,97.351,2025,Bahrain
0 days 02:15:28.838000,VER,47.0,0 days 00:01:37.369000,MEDIUM,21.0,3.0,1,,,97.369,2025,Bahrain
0 days 02:17:06.322000,VER,48.0,0 days 00:01:37.484000,MEDIUM,22.0,3.0,1,,,97.484,2025,Bahrain
0 days 02:18:43.942000,VER,49.0,0 days 00:01:37.620000,MEDIUM,23.0,3.0,1,,,97.62,2025,Bahrain
0 days 02:20:21.626000,VER,50.0,0 days 00:01:37.684000,MEDIUM,24.0,3.0,1,,,97.684,2025,Bahrain
0 days 02:21:59.701000,VER,51.0,0 days 00:01:38.075000,MEDIUM,25.0,3.0,1,,,98.075,2025,Bahrain
0 days 02:23:37.766000,VER,52.0,0 days 00:01:38.065000,MEDIUM,26.0,3.0,1,,,98.065,2025,Bahrain
0 days 02:25:16.201000,VER,53.0,0 days 00:01:38.435000,MEDIUM,27.0,3.0,1,,,98.435,2025,Bahrain
0 days 02:26:54.599000,VER,54.0,0 days 00:01:38.398000,MEDIUM,28.0,3.0,1,,,98.398,2025,Bahrain
0 days 02:28:33.286000,VER,55.0,0 days 00:01:38.687000,MEDIUM,29.0,3.0,1,,,98.687,2025,Bahrain
0 days 02:30:11.302000,VER,56.0,0 days 00:01:38.016000,MEDIUM,30.0,3.0,1,,,98.016,2025,Bahrain
0 days 02:31:48.964000,VER,57.0,0 days 00:01:37.662000,MEDIUM,31.0,3.0,1,,,97.662,2025,Bahrain
0 days 00:57:17.184000,GAS,1.0,0 days 00:01:42.050000,SOFT,4.0,1.0,1,,,102.05,2025,Bahrain
0 days 00:58:55.248000,GAS,2.0,0 days 00:01:38.064000,SOFT,5.0,1.0,1,,,98.064,2025,Bahrain
0 days 01:00:33.666000,GAS,3.0,0 days 00:01:38.418000,SOFT,6.0,1.0,1,,,98.418,2025,Bahrain
0 days 01:02:11.978000,GAS,4.0,0 days 00:01:38.312000,SOFT,7.0,1.0,1,,,98.312,2025,Bahrain
0 days 01:03:50.594000,GAS,5.0,0 days 00:01:38.616000,SOFT,8.0,1.0,1,,,98.616,2025,Bahrain
0 days 01:05:29.461000,GAS,6.0,0 days 00:01:38.867000,SOFT,9.0,1.0,1,,,98.867,2025,Bahrain
0 days 01:07:08.464000,GAS,7.0,0 days 00:01:39.003000,SOFT,10.0,1.0,1,,,99.003,2025,Bahrain
0 days 01:08:47.895000,GAS,8.0,0 days 00:01:39.431000,SOFT,11.0,1.0,1,,,99.431,2025,Bahrain
0 days 01:10:27.991000,GAS,9.0,0 days 00:01:40.096000,SOFT,12.0,1.0,1,,,100.096,2025,Bahrain
0 days 01:12:12.206000,GAS,10.0,0 days 00:01:44.215000,SOFT,13.0,1.0,1,0 days 01:12:10.485000,,104.215,2025,Bahrain
0 days 01:14:10.066000,GAS,11.0,0 days 00:01:57.860000,MEDIUM,1.0,2.0,1,,0 days 01:12:35.507000,117.86,2025,Bahrain
0 days 01:15:47.454000,GAS,12.0,0 days 00:01:37.388000,MEDIUM,2.0,2.0,1,,,97.388,2025,Bahrain
0 days 01:17:25.122000,GAS,13.0,0 days 00:01:37.668000,MEDIUM,3.0,2.0,1,,,97.668,2025,Bahrain
0 days 01:19:04.812000,GAS,14.0,0 days 00:01:39.690000,MEDIUM,4.0,2.0,1,,,99.69,2025,Bahrain
0 days 01:20:42.857000,GAS,15.0,0 days 00:01:38.045000,MEDIUM,5.0,2.0,1,,,98.045,2025,Bahrain
0 days 01:22:21.038000,GAS,16.0,0 days 00:01:38.181000,MEDIUM,6.0,2.0,1,,,98.181,2025,Bahrain
0 days 01:23:59.236000,GAS,17.0,0 days 00:01:38.198000,MEDIUM,7.0,2.0,1,,,98.198,2025,Bahrain
0 days 01:25:38.387000,GAS,18.0,0 days 00:01:39.151000,MEDIUM,8.0,2.0,1,,,99.151,2025,Bahrain
0 days 01:27:16.499000,GAS,19.0,0 days 00:01:38.112000,MEDIUM,9.0,2.0,1,,,98.112,2025,Bahrain
0 days 01:28:54.940000,GAS,20.0,0 days 00:01:38.441000,MEDIUM,10.0,2.0,1,,,98.441,2025,Bahrain
0 days 01:30:33.133000,GAS,21.0,0 days 00:01:38.193000,MEDIUM,11.0,2.0,1,,,98.193,2025,Bahrain
0 days 01:32:11.479000,GAS,22.0,0 days 00:01:38.346000,MEDIUM,12.0,2.0,1,,,98.346,2025,Bahrain
0 days 01:33:50.095000,GAS,23.0,0 days 00:01:38.616000,MEDIUM,13.0,2.0,1,,,98.616,2025,Bahrain
0 days 01:35:28.535000,GAS,24.0,0 days 00:01:38.440000,MEDIUM,14.0,2.0,1,,,98.44,2025,Bahrain
0 days 01:37:07.230000,GAS,25.0,0 days 00:01:38.695000,MEDIUM,15.0,2.0,1,,,98.695,2025,Bahrain
0 days 01:38:46.128000,GAS,26.0,0 days 00:01:38.898000,MEDIUM,16.0,2.0,1,,,98.898,2025,Bahrain
0 days 01:40:24.880000,GAS,27.0,0 days 00:01:38.752000,MEDIUM,17.0,2.0,1,,,98.752,2025,Bahrain
0 days 01:42:06.046000,GAS,28.0,0 days 00:01:41.166000,MEDIUM,18.0,2.0,1,0 days 01:42:04.406000,,101.166,2025,Bahrain
0 days 01:44:04.229000,GAS,29.0,0 days 00:01:58.183000,HARD,1.0,3.0,1,,0 days 01:42:29.311000,118.183,2025,Bahrain
0 days 01:45:41.497000,GAS,30.0,0 days 00:01:37.268000,HARD,2.0,3.0,1,,,97.268,2025,Bahrain
0 days 01:47:19.188000,GAS,31.0,0 days 00:01:37.691000,HARD,3.0,3.0,1,,,97.691,2025,Bahrain
0 days 01:49:22.972000,GAS,32.0,0 days 00:02:03.784000,HARD,4.0,3.0,14,,,123.784,2025,Bahrain
0 days 01:51:34.008000,GAS,33.0,0 days 00:02:11.036000,HARD,5.0,3.0,4,,,131.036,2025,Bahrain
0 days 01:53:40.188000,GAS,34.0,0 days 00:02:06.180000,HARD,6.0,3.0,4,,,126.18,2025,Bahrain
0 days 01:56:02.021000,GAS,35.0,0 days 00:02:21.833000,HARD,7.0,3.0,41,,,141.833,2025,Bahrain
0 days 01:57:39.452000,GAS,36.0,0 days 00:01:37.431000,HARD,8.0,3.0,1,,,97.431,2025,Bahrain
0 days 01:59:16.641000,GAS,37.0,0 days 00:01:37.189000,HARD,9.0,3.0,1,,,97.189,2025,Bahrain
0 days 02:00:53.323000,GAS,38.0,0 days 00:01:36.682000,HARD,10.0,3.0,1,,,96.682,2025,Bahrain
0 days 02:02:29.854000,GAS,39.0,0 days 00:01:36.531000,HARD,11.0,3.0,1,,,96.531,2025,Bahrain
0 days 02:04:06.835000,GAS,40.0,0 days 00:01:36.981000,HARD,12.0,3.0,1,,,96.981,2025,Bahrain
0 days 02:05:43.704000,GAS,41.0,0 days 00:01:36.869000,HARD,13.0,3.0,1,,,96.869,2025,Bahrain
0 days 02:07:20.961000,GAS,42.0,0 days 00:01:37.257000,HARD,14.0,3.0,1,,,97.257,2025,Bahrain
0 days 02:08:58.146000,GAS,43.0,0 days 00:01:37.185000,HARD,15.0,3.0,1,,,97.185,2025,Bahrain
0 days 02:10:35.378000,GAS,44.0,0 days 00:01:37.232000,HARD,16.0,3.0,1,,,97.232,2025,Bahrain
0 days 02:12:12.736000,GAS,45.0,0 days 00:01:37.358000,HARD,17.0,3.0,1,,,97.358,2025,Bahrain
0 days 02:13:49.963000,GAS,46.0,0 days 00:01:37.227000,HARD,18.0,3.0,1,,,97.227,2025,Bahrain
0 days 02:15:27.462000,GAS,47.0,0 days 00:01:37.499000,HARD,19.0,3.0,1,,,97.499,2025,Bahrain
0 days 02:17:05.129000,GAS,48.0,0 days 00:01:37.667000,HARD,20.0,3.0,1,,,97.667,2025,Bahrain
0 days 02:18:42.891000,GAS,49.0,0 days 00:01:37.762000,HARD,21.0,3.0,1,,,97.762,2025,Bahrain
0 days 02:20:20.789000,GAS,50.0,0 days 00:01:37.898000,HARD,22.0,3.0,1,,,97.898,2025,Bahrain
0 days 02:21:58.696000,GAS,51.0,0 days 00:01:37.907000,HARD,23.0,3.0,1,,,97.907,2025,Bahrain
0 days 02:23:36.923000,GAS,52.0,0 days 00:01:38.227000,HARD,24.0,3.0,1,,,98.227,2025,Bahrain
0 days 02:25:15.312000,GAS,53.0,0 days 00:01:38.389000,HARD,25.0,3.0,1,,,98.389,2025,Bahrain
0 days 02:26:53.808000,GAS,54.0,0 days 00:01:38.496000,HARD,26.0,3.0,1,,,98.496,2025,Bahrain
0 days 02:28:32.421000,GAS,55.0,0 days 00:01:38.613000,HARD,27.0,3.0,1,,,98.613,2025,Bahrain
0 days 02:30:10.625000,GAS,56.0,0 days 00:01:38.204000,HARD,28.0,3.0,1,,,98.204,2025,Bahrain
0 days 02:31:50.571000,GAS,57.0,0 days 00:01:39.946000,HARD,29.0,3.0,1,,,99.946,2025,Bahrain
0 days 00:57:21.290000,OCO,1.0,0 days 00:01:46.156000,SOFT,1.0,1.0,1,,,106.156,2025,Bahrain
0 days 00:59:00.173000,OCO,2.0,0 days 00:01:38.883000,SOFT,2.0,1.0,1,,,98.883,2025,Bahrain
0 days 01:00:38.899000,OCO,3.0,0 days 00:01:38.726000,SOFT,3.0,1.0,1,,,98.726,2025,Bahrain
0 days 01:02:17.665000,OCO,4.0,0 days 00:01:38.766000,SOFT,4.0,1.0,1,,,98.766,2025,Bahrain
0 days 01:03:56.905000,OCO,5.0,0 days 00:01:39.240000,SOFT,5.0,1.0,1,,,99.24,2025,Bahrain
0 days 01:05:36.352000,OCO,6.0,0 days 00:01:39.447000,SOFT,6.0,1.0,1,,,99.447,2025,Bahrain
0 days 01:07:15.760000,OCO,7.0,0 days 00:01:39.408000,SOFT,7.0,1.0,1,,,99.408,2025,Bahrain
0 days 01:08:58.270000,OCO,8.0,0 days 00:01:42.510000,SOFT,8.0,1.0,1,0 days 01:08:56.531000,,102.51,2025,Bahrain
0 days 01:10:55.986000,OCO,9.0,0 days 00:01:57.716000,MEDIUM,1.0,2.0,1,,0 days 01:09:21.478000,117.716,2025,Bahrain
0 days 01:12:33.539000,OCO,10.0,0 days 00:01:37.553000,MEDIUM,2.0,2.0,1,,,97.553,2025,Bahrain
0 days 01:14:11.711000,OCO,11.0,0 days 00:01:38.172000,MEDIUM,3.0,2.0,1,,,98.172,2025,Bahrain
0 days 01:15:49.528000,OCO,12.0,0 days 00:01:37.817000,MEDIUM,4.0,2.0,1,,,97.817,2025,Bahrain
0 days 01:17:27.953000,OCO,13.0,0 days 00:01:38.425000,MEDIUM,5.0,2.0,1,,,98.425,2025,Bahrain
0 days 01:19:05.943000,OCO,14.0,0 days 00:01:37.990000,MEDIUM,6.0,2.0,1,,,97.99,2025,Bahrain
0 days 01:20:44.182000,OCO,15.0,0 days 00:01:38.239000,MEDIUM,7.0,2.0,1,,,98.239,2025,Bahrain
0 days 01:22:23.470000,OCO,16.0,0 days 00:01:39.288000,MEDIUM,8.0,2.0,1,,,99.288,2025,Bahrain
0 days 01:24:01.745000,OCO,17.0,0 days 00:01:38.275000,MEDIUM,9.0,2.0,1,,,98.275,2025,Bahrain
0 days 01:25:40.210000,OCO,18.0,0 days 00:01:38.465000,MEDIUM,10.0,2.0,1,,,98.465,2025,Bahrain
0 days 01:27:18.610000,OCO,19.0,0 days 00:01:38.400000,MEDIUM,11.0,2.0,1,,,98.4,2025,Bahrain
0 days 01:28:57.229000,OCO,20.0,0 days 00:01:38.619000,MEDIUM,12.0,2.0,1,,,98.619,2025,Bahrain
0 days 01:30:36.016000,OCO,21.0,0 days 00:01:38.787000,MEDIUM,13.0,2.0,1,,,98.787,2025,Bahrain
0 days 01:32:14.648000,OCO,22.0,0 days 00:01:38.632000,MEDIUM,14.0,2.0,1,,,98.632,2025,Bahrain
0 days 01:33:53.566000,OCO,23.0,0 days 00:01:38.918000,MEDIUM,15.0,2.0,1,,,98.918,2025,Bahrain
0 days 01:35:32.406000,OCO,24.0,0 days 00:01:38.840000,MEDIUM,16.0,2.0,1,,,98.84,2025,Bahrain
0 days 01:37:11.811000,OCO,25.0,0 days 00:01:39.405000,MEDIUM,17.0,2.0,1,,,99.405,2025,Bahrain
0 days 01:38:51.693000,OCO,26.0,0 days 00:01:39.882000,MEDIUM,18.0,2.0,1,,,99.882,2025,Bahrain
0 days 01:40:33.654000,OCO,27.0,0 days 00:01:41.961000,MEDIUM,19.0,2.0,1,0 days 01:40:31.923000,,101.961,2025,Bahrain
0 days 01:42:32.126000,OCO,28.0,0 days 00:01:58.472000,HARD,1.0,3.0,1,,0 days 01:40:57.088000,118.472,2025,Bahrain
0 days 01:44:09.287000,OCO,29.0,0 days 00:01:37.161000,HARD,2.0,3.0,1,,,97.161,2025,Bahrain
0 days 01:45:46.385000,OCO,30.0,0 days 00:01:37.098000,HARD,3.0,3.0,1,,,97.098,2025,Bahrain
0 days 01:47:23.915000,OCO,31.0,0 days 00:01:37.530000,HARD,4.0,3.0,1,,,97.53,2025,Bahrain
0 days 01:49:28.274000,OCO,32.0,0 days 00:02:04.359000,HARD,5.0,3.0,14,,,124.359,2025,Bahrain
0 days 01:51:41.313000,OCO,33.0,0 days 00:02:13.039000,HARD,6.0,3.0,4,,,133.039,2025,Bahrain
0 days 01:53:42.195000,OCO,34.0,0 days 00:02:00.882000,HARD,7.0,3.0,4,,,120.882,2025,Bahrain
0 days 01:56:02.466000,OCO,35.0,0 days 00:02:20.271000,HARD,8.0,3.0,41,,,140.271,2025,Bahrain
0 days 01:57:40.678000,OCO,36.0,0 days 00:01:38.212000,HARD,9.0,3.0,1,,,98.212,2025,Bahrain
0 days 01:59:18.079000,OCO,37.0,0 days 00:01:37.401000,HARD,10.0,3.0,1,,,97.401,2025,Bahrain
0 days 02:00:56.160000,OCO,38.0,0 days 00:01:38.081000,HARD,11.0,3.0,1,,,98.081,2025,Bahrain
0 days 02:02:33.701000,OCO,39.0,0 days 00:01:37.541000,HARD,12.0,3.0,1,,,97.541,2025,Bahrain
0 days 02:04:11.181000,OCO,40.0,0 days 00:01:37.480000,HARD,13.0,3.0,1,,,97.48,2025,Bahrain
0 days 02:05:48.628000,OCO,41.0,0 days 00:01:37.447000,HARD,14.0,3.0,1,,,97.447,2025,Bahrain
0 days 02:07:26.344000,OCO,42.0,0 days 00:01:37.716000,HARD,15.0,3.0,1,,,97.716,2025,Bahrain
0 days 02:09:04.047000,OCO,43.0,0 days 00:01:37.703000,HARD,16.0,3.0,1,,,97.703,2025,Bahrain
0 days 02:10:42.002000,OCO,44.0,0 days 00:01:37.955000,HARD,17.0,3.0,1,,,97.955,2025,Bahrain
0 days 02:12:19.641000,OCO,45.0,0 days 00:01:37.639000,HARD,18.0,3.0,1,,,97.639,2025,Bahrain
0 days 02:13:57.301000,OCO,46.0,0 days 00:01:37.660000,HARD,19.0,3.0,1,,,97.66,2025,Bahrain
0 days 02:15:35.143000,OCO,47.0,0 days 00:01:37.842000,HARD,20.0,3.0,1,,,97.842,2025,Bahrain
0 days 02:17:13.017000,OCO,48.0,0 days 00:01:37.874000,HARD,21.0,3.0,1,,,97.874,2025,Bahrain
0 days 02:18:50.823000,OCO,49.0,0 days 00:01:37.806000,HARD,22.0,3.0,1,,,97.806,2025,Bahrain
0 days 02:20:29.014000,OCO,50.0,0 days 00:01:38.191000,HARD,23.0,3.0,1,,,98.191,2025,Bahrain
0 days 02:22:07.346000,OCO,51.0,0 days 00:01:38.332000,HARD,24.0,3.0,1,,,98.332,2025,Bahrain
0 days 02:23:45.741000,OCO,52.0,0 days 00:01:38.395000,HARD,25.0,3.0,1,,,98.395,2025,Bahrain
0 days 02:25:24.173000,OCO,53.0,0 days 00:01:38.432000,HARD,26.0,3.0,1,,,98.432,2025,Bahrain
0 days 02:27:02.586000,OCO,54.0,0 days 00:01:38.413000,HARD,27.0,3.0,1,,,98.413,2025,Bahrain
0 days 02:28:41.159000,OCO,55.0,0 days 00:01:38.573000,HARD,28.0,3.0,1,,,98.573,2025,Bahrain
0 days 02:30:19.714000,OCO,56.0,0 days 00:01:38.555000,HARD,29.0,3.0,1,,,98.555,2025,Bahrain
0 days 02:31:58.813000,OCO,57.0,0 days 00:01:39.099000,HARD,30.0,3.0,1,,,99.099,2025,Bahrain
0 days 00:57:20.069000,TSU,1.0,0 days 00:01:44.935000,SOFT,4.0,1.0,1,,,104.935,2025,Bahrain
0 days 00:58:59.028000,TSU,2.0,0 days 00:01:38.959000,SOFT,5.0,1.0,1,,,98.959,2025,Bahrain
0 days 01:00:37.593000,TSU,3.0,0 days 00:01:38.565000,SOFT,6.0,1.0,1,,,98.565,2025,Bahrain
0 days 01:02:16.205000,TSU,4.0,0 days 00:01:38.612000,SOFT,7.0,1.0,1,,,98.612,2025,Bahrain
0 days 01:03:55.575000,TSU,5.0,0 days 00:01:39.370000,SOFT,8.0,1.0,1,,,99.37,2025,Bahrain
0 days 01:05:34.820000,TSU,6.0,0 days 00:01:39.245000,SOFT,9.0,1.0,1,,,99.245,2025,Bahrain
0 days 01:07:14.186000,TSU,7.0,0 days 00:01:39.366000,SOFT,10.0,1.0,1,,,99.366,2025,Bahrain
0 days 01:08:53.872000,TSU,8.0,0 days 00:01:39.686000,SOFT,11.0,1.0,1,,,99.686,2025,Bahrain
0 days 01:10:34.599000,TSU,9.0,0 days 00:01:40.727000,SOFT,12.0,1.0,1,,,100.727,2025,Bahrain
0 days 01:12:14.286000,TSU,10.0,0 days 00:01:39.687000,SOFT,13.0,1.0,1,,,99.687,2025,Bahrain
0 days 01:13:56.309000,TSU,11.0,0 days 00:01:42.023000,SOFT,14.0,1.0,1,0 days 01:13:54.666000,,102.023,2025,Bahrain
0 days 01:15:57.213000,TSU,12.0,0 days 00:02:00.904000,MEDIUM,1.0,2.0,1,,0 days 01:14:21.132000,120.904,2025,Bahrain
0 days 01:17:35.222000,TSU,13.0,0 days 00:01:38.009000,MEDIUM,2.0,2.0,1,,,98.009,2025,Bahrain
0 days 01:19:13.303000,TSU,14.0,0 days 00:01:38.081000,MEDIUM,3.0,2.0,1,,,98.081,2025,Bahrain
0 days 01:20:51.626000,TSU,15.0,0 days 00:01:38.323000,MEDIUM,4.0,2.0,1,,,98.323,2025,Bahrain
0 days 01:22:30.117000,TSU,16.0,0 days 00:01:38.491000,MEDIUM,5.0,2.0,1,,,98.491,2025,Bahrain
0 days 01:24:08.775000,TSU,17.0,0 days 00:01:38.658000,MEDIUM,6.0,2.0,1,,,98.658,2025,Bahrain
0 days 01:25:47.310000,TSU,18.0,0 days 00:01:38.535000,MEDIUM,7.0,2.0,1,,,98.535,2025,Bahrain
0 days 01:27:26.224000,TSU,19.0,0 days 00:01:38.914000,MEDIUM,8.0,2.0,1,,,98.914,2025,Bahrain
0 days 01:29:04.575000,TSU,20.0,0 days 00:01:38.351000,MEDIUM,9.0,2.0,1,,,98.351,2025,Bahrain
0 days 01:30:43.255000,TSU,21.0,0 days 00:01:38.680000,MEDIUM,10.0,2.0,1,,,98.68,2025,Bahrain
0 days 01:32:21.968000,TSU,22.0,0 days 00:01:38.713000,MEDIUM,11.0,2.0,1,,,98.713,2025,Bahrain
0 days 01:34:00.856000,TSU,23.0,0 days 00:01:38.888000,MEDIUM,12.0,2.0,1,,,98.888,2025,Bahrain
0 days 01:35:39.887000,TSU,24.0,0 days 00:01:39.031000,MEDIUM,13.0,2.0,1,,,99.031,2025,Bahrain
0 days 01:37:18.954000,TSU,25.0,0 days 00:01:39.067000,MEDIUM,14.0,2.0,1,,,99.067,2025,Bahrain
0 days 01:38:58.321000,TSU,26.0,0 days 00:01:39.367000,MEDIUM,15.0,2.0,1,,,99.367,2025,Bahrain
0 days 01:40:37.849000,TSU,27.0,0 days 00:01:39.528000,MEDIUM,16.0,2.0,1,,,99.528,2025,Bahrain
0 days 01:42:17.236000,TSU,28.0,0 days 00:01:39.387000,MEDIUM,17.0,2.0,1,,,99.387,2025,Bahrain
0 days 01:43:55.946000,TSU,29.0,0 days 00:01:38.710000,MEDIUM,18.0,2.0,1,,,98.71,2025,Bahrain
0 days 01:45:36.700000,TSU,30.0,0 days 00:01:40.754000,MEDIUM,19.0,2.0,1,,,100.754,2025,Bahrain
0 days 01:47:17.177000,TSU,31.0,0 days 00:01:40.477000,MEDIUM,20.0,2.0,1,,,100.477,2025,Bahrain
0 days 01:49:20.898000,TSU,32.0,0 days 00:02:03.721000,MEDIUM,21.0,2.0,14,0 days 01:49:19.162000,,123.721,2025,Bahrain
0 days 01:51:52.435000,TSU,33.0,,SOFT,4.0,3.0,4,,0 days 01:49:43.957000,,2025,Bahrain
0 days 01:53:48.482000,TSU,34.0,0 days 00:01:56.047000,SOFT,5.0,3.0,4,,,116.047,2025,Bahrain
0 days 01:56:03.992000,TSU,35.0,0 days 00:02:15.510000,SOFT,6.0,3.0,41,,,135.51,2025,Bahrain
0 days 01:57:42.234000,TSU,36.0,0 days 00:01:38.242000,SOFT,7.0,3.0,1,,,98.242,2025,Bahrain
0 days 01:59:19.874000,TSU,37.0,0 days 00:01:37.640000,SOFT,8.0,3.0,1,,,97.64,2025,Bahrain
0 days 02:00:58.203000,TSU,38.0,0 days 00:01:38.329000,SOFT,9.0,3.0,1,,,98.329,2025,Bahrain
0 days 02:02:36.017000,TSU,39.0,0 days 00:01:37.814000,SOFT,10.0,3.0,1,,,97.814,2025,Bahrain
0 days 02:04:13.320000,TSU,40.0,0 days 00:01:37.303000,SOFT,11.0,3.0,1,,,97.303,2025,Bahrain
0 days 02:05:50.815000,TSU,41.0,0 days 00:01:37.495000,SOFT,12.0,3.0,1,,,97.495,2025,Bahrain
0 days 02:07:28.422000,TSU,42.0,0 days 00:01:37.607000,SOFT,13.0,3.0,1,,,97.607,2025,Bahrain
0 days 02:09:06.149000,TSU,43.0,0 days 00:01:37.727000,SOFT,14.0,3.0,1,,,97.727,2025,Bahrain
0 days 02:10:43.987000,TSU,44.0,0 days 00:01:37.838000,SOFT,15.0,3.0,1,,,97.838,2025,Bahrain
0 days 02:12:21.212000,TSU,45.0,0 days 00:01:37.225000,SOFT,16.0,3.0,1,,,97.225,2025,Bahrain
0 days 02:13:58.948000,TSU,46.0,0 days 00:01:37.736000,SOFT,17.0,3.0,1,,,97.736,2025,Bahrain
0 days 02:15:36.594000,TSU,47.0,0 days 00:01:37.646000,SOFT,18.0,3.0,1,,,97.646,2025,Bahrain
0 days 02:17:14.308000,TSU,48.0,0 days 00:01:37.714000,SOFT,19.0,3.0,1,,,97.714,2025,Bahrain
0 days 02:18:52.139000,TSU,49.0,0 days 00:01:37.831000,SOFT,20.0,3.0,1,,,97.831,2025,Bahrain
0 days 02:20:29.973000,TSU,50.0,0 days 00:01:37.834000,SOFT,21.0,3.0,1,,,97.834,2025,Bahrain
0 days 02:22:08.246000,TSU,51.0,0 days 00:01:38.273000,SOFT,22.0,3.0,1,,,98.273,2025,Bahrain
0 days 02:23:46.743000,TSU,52.0,0 days 00:01:38.497000,SOFT,23.0,3.0,1,,,98.497,2025,Bahrain
0 days 02:25:25.142000,TSU,53.0,0 days 00:01:38.399000,SOFT,24.0,3.0,1,,,98.399,2025,Bahrain
0 days 02:27:03.668000,TSU,54.0,0 days 00:01:38.526000,SOFT,25.0,3.0,1,,,98.526,2025,Bahrain
0 days 02:28:42.207000,TSU,55.0,0 days 00:01:38.539000,SOFT,26.0,3.0,1,,,98.539,2025,Bahrain
0 days 02:30:20.796000,TSU,56.0,0 days 00:01:38.589000,SOFT,27.0,3.0,1,,,98.589,2025,Bahrain
0 days 02:31:59.657000,TSU,57.0,0 days 00:01:38.861000,SOFT,28.0,3.0,1,,,98.861,2025,Bahrain
0 days 00:57:22.008000,BEA,1.0,0 days 00:01:46.874000,SOFT,1.0,1.0,1,,,106.874,2025,Bahrain
0 days 00:59:02.273000,BEA,2.0,0 days 00:01:40.265000,SOFT,2.0,1.0,1,,,100.265,2025,Bahrain
0 days 01:00:41.859000,BEA,3.0,0 days 00:01:39.586000,SOFT,3.0,1.0,1,,,99.586,2025,Bahrain
0 days 01:02:21.121000,BEA,4.0,0 days 00:01:39.262000,SOFT,4.0,1.0,1,,,99.262,2025,Bahrain
0 days 01:04:00.367000,BEA,5.0,0 days 00:01:39.246000,SOFT,5.0,1.0,1,,,99.246,2025,Bahrain
0 days 01:05:39.670000,BEA,6.0,0 days 00:01:39.303000,SOFT,6.0,1.0,1,,,99.303,2025,Bahrain
0 days 01:07:19.177000,BEA,7.0,0 days 00:01:39.507000,SOFT,7.0,1.0,1,,,99.507,2025,Bahrain
0 days 01:08:58.876000,BEA,8.0,0 days 00:01:39.699000,SOFT,8.0,1.0,1,,,99.699,2025,Bahrain
0 days 01:10:39.160000,BEA,9.0,0 days 00:01:40.284000,SOFT,9.0,1.0,1,,,100.284,2025,Bahrain
0 days 01:12:18.999000,BEA,10.0,0 days 00:01:39.839000,SOFT,10.0,1.0,1,,,99.839,2025,Bahrain
0 days 01:13:58.790000,BEA,11.0,0 days 00:01:39.791000,SOFT,11.0,1.0,1,,,99.791,2025,Bahrain
0 days 01:15:38.640000,BEA,12.0,0 days 00:01:39.850000,SOFT,12.0,1.0,1,,,99.85,2025,Bahrain
0 days 01:17:18.741000,BEA,13.0,0 days 00:01:40.101000,SOFT,13.0,1.0,1,,,100.101,2025,Bahrain
0 days 01:19:01.337000,BEA,14.0,0 days 00:01:42.596000,SOFT,14.0,1.0,1,0 days 01:18:59.634000,,102.596,2025,Bahrain
0 days 01:20:58.626000,BEA,15.0,0 days 00:01:57.289000,HARD,1.0,2.0,1,,0 days 01:19:24.277000,117.289,2025,Bahrain
0 days 01:22:37.028000,BEA,16.0,0 days 00:01:38.402000,HARD,2.0,2.0,1,,,98.402,2025,Bahrain
0 days 01:24:14.508000,BEA,17.0,0 days 00:01:37.480000,HARD,3.0,2.0,1,,,97.48,2025,Bahrain
0 days 01:25:52.541000,BEA,18.0,0 days 00:01:38.033000,HARD,4.0,2.0,1,,,98.033,2025,Bahrain
0 days 01:27:31.057000,BEA,19.0,0 days 00:01:38.516000,HARD,5.0,2.0,1,,,98.516,2025,Bahrain
0 days 01:29:09.683000,BEA,20.0,0 days 00:01:38.626000,HARD,6.0,2.0,1,,,98.626,2025,Bahrain
0 days 01:30:48.319000,BEA,21.0,0 days 00:01:38.636000,HARD,7.0,2.0,1,,,98.636,2025,Bahrain
0 days 01:32:26.885000,BEA,22.0,0 days 00:01:38.566000,HARD,8.0,2.0,1,,,98.566,2025,Bahrain
0 days 01:34:05.390000,BEA,23.0,0 days 00:01:38.505000,HARD,9.0,2.0,1,,,98.505,2025,Bahrain
0 days 01:35:44.080000,BEA,24.0,0 days 00:01:38.690000,HARD,10.0,2.0,1,,,98.69,2025,Bahrain
0 days 01:37:23.047000,BEA,25.0,0 days 00:01:38.967000,HARD,11.0,2.0,1,,,98.967,2025,Bahrain
0 days 01:39:01.817000,BEA,26.0,0 days 00:01:38.770000,HARD,12.0,2.0,1,,,98.77,2025,Bahrain
0 days 01:40:40.975000,BEA,27.0,0 days 00:01:39.158000,HARD,13.0,2.0,1,,,99.158,2025,Bahrain
0 days 01:42:19.994000,BEA,28.0,0 days 00:01:39.019000,HARD,14.0,2.0,1,,,99.019,2025,Bahrain
0 days 01:44:00.228000,BEA,29.0,0 days 00:01:40.234000,HARD,15.0,2.0,1,,,100.234,2025,Bahrain
0 days 01:45:39.467000,BEA,30.0,0 days 00:01:39.239000,HARD,16.0,2.0,1,,,99.239,2025,Bahrain
0 days 01:47:18.805000,BEA,31.0,0 days 00:01:39.338000,HARD,17.0,2.0,1,,,99.338,2025,Bahrain
0 days 01:49:25.763000,BEA,32.0,0 days 00:02:06.958000,HARD,18.0,2.0,14,0 days 01:49:23.999000,,126.958,2025,Bahrain
0 days 01:51:55.498000,BEA,33.0,0 days 00:02:29.735000,SOFT,1.0,3.0,4,,0 days 01:49:49.031000,149.735,2025,Bahrain
0 days 01:53:49.411000,BEA,34.0,0 days 00:01:53.913000,SOFT,2.0,3.0,4,,,113.913,2025,Bahrain
0 days 01:56:04.309000,BEA,35.0,0 days 00:02:14.898000,SOFT,3.0,3.0,41,,,134.898,2025,Bahrain
0 days 01:57:42.603000,BEA,36.0,0 days 00:01:38.294000,SOFT,4.0,3.0,1,,,98.294,2025,Bahrain
0 days 01:59:20.342000,BEA,37.0,0 days 00:01:37.739000,SOFT,5.0,3.0,1,,,97.739,2025,Bahrain
0 days 02:00:58.650000,BEA,38.0,0 days 00:01:38.308000,SOFT,6.0,3.0,1,,,98.308,2025,Bahrain
0 days 02:02:36.558000,BEA,39.0,0 days 00:01:37.908000,SOFT,7.0,3.0,1,,,97.908,2025,Bahrain
0 days 02:04:13.861000,BEA,40.0,0 days 00:01:37.303000,SOFT,8.0,3.0,1,,,97.303,2025,Bahrain
0 days 02:05:51.569000,BEA,41.0,0 days 00:01:37.708000,SOFT,9.0,3.0,1,,,97.708,2025,Bahrain
0 days 02:07:29.078000,BEA,42.0,0 days 00:01:37.509000,SOFT,10.0,3.0,1,,,97.509,2025,Bahrain
0 days 02:09:06.863000,BEA,43.0,0 days 00:01:37.785000,SOFT,11.0,3.0,1,,,97.785,2025,Bahrain
0 days 02:10:44.716000,BEA,44.0,0 days 00:01:37.853000,SOFT,12.0,3.0,1,,,97.853,2025,Bahrain
0 days 02:12:22.583000,BEA,45.0,0 days 00:01:37.867000,SOFT,13.0,3.0,1,,,97.867,2025,Bahrain
0 days 02:14:00.062000,BEA,46.0,0 days 00:01:37.479000,SOFT,14.0,3.0,1,,,97.479,2025,Bahrain
0 days 02:15:37.634000,BEA,47.0,0 days 00:01:37.572000,SOFT,15.0,3.0,1,,,97.572,2025,Bahrain
0 days 02:17:15.290000,BEA,48.0,0 days 00:01:37.656000,SOFT,16.0,3.0,1,,,97.656,2025,Bahrain
0 days 02:18:52.981000,BEA,49.0,0 days 00:01:37.691000,SOFT,17.0,3.0,1,,,97.691,2025,Bahrain
0 days 02:20:30.656000,BEA,50.0,0 days 00:01:37.675000,SOFT,18.0,3.0,1,,,97.675,2025,Bahrain
0 days 02:22:08.995000,BEA,51.0,0 days 00:01:38.339000,SOFT,19.0,3.0,1,,,98.339,2025,Bahrain
0 days 02:23:47.543000,BEA,52.0,0 days 00:01:38.548000,SOFT,20.0,3.0,1,,,98.548,2025,Bahrain
0 days 02:25:25.965000,BEA,53.0,0 days 00:01:38.422000,SOFT,21.0,3.0,1,,,98.422,2025,Bahrain
0 days 02:27:04.608000,BEA,54.0,0 days 00:01:38.643000,SOFT,22.0,3.0,1,,,98.643,2025,Bahrain
0 days 02:28:43.450000,BEA,55.0,0 days 00:01:38.842000,SOFT,23.0,3.0,1,,,98.842,2025,Bahrain
0 days 02:30:22.459000,BEA,56.0,0 days 00:01:39.009000,SOFT,24.0,3.0,1,,,99.009,2025,Bahrain
0 days 02:32:02.163000,BEA,57.0,0 days 00:01:39.704000,SOFT,25.0,3.0,1,,,99.704,2025,Bahrain
0 days 00:57:18.497000,ANT,1.0,0 days 00:01:43.363000,SOFT,4.0,1.0,1,,,103.363,2025,Bahrain
0 days 00:58:56.684000,ANT,2.0,0 days 00:01:38.187000,SOFT,5.0,1.0,1,,,98.187,2025,Bahrain
0 days 01:00:35.111000,ANT,3.0,0 days 00:01:38.427000,SOFT,6.0,1.0,1,,,98.427,2025,Bahrain
0 days 01:02:13.675000,ANT,4.0,0 days 00:01:38.564000,SOFT,7.0,1.0,1,,,98.564,2025,Bahrain
0 days 01:03:52.195000,ANT,5.0,0 days 00:01:38.520000,SOFT,8.0,1.0,1,,,98.52,2025,Bahrain
0 days 01:05:30.829000,ANT,6.0,0 days 00:01:38.634000,SOFT,9.0,1.0,1,,,98.634,2025,Bahrain
0 days 01:07:09.734000,ANT,7.0,0 days 00:01:38.905000,SOFT,10.0,1.0,1,,,98.905,2025,Bahrain
0 days 01:08:48.931000,ANT,8.0,0 days 00:01:39.197000,SOFT,11.0,1.0,1,,,99.197,2025,Bahrain
0 days 01:10:28.577000,ANT,9.0,0 days 00:01:39.646000,SOFT,12.0,1.0,1,,,99.646,2025,Bahrain
0 days 01:12:08.044000,ANT,10.0,0 days 00:01:39.467000,SOFT,13.0,1.0,1,,,99.467,2025,Bahrain
0 days 01:13:47.711000,ANT,11.0,0 days 00:01:39.667000,SOFT,14.0,1.0,1,,,99.667,2025,Bahrain
0 days 01:15:29.597000,ANT,12.0,0 days 00:01:41.886000,SOFT,15.0,1.0,1,0 days 01:15:27.861000,,101.886,2025,Bahrain
0 days 01:17:29.310000,ANT,13.0,0 days 00:01:59.713000,MEDIUM,1.0,2.0,1,,0 days 01:15:52.720000,119.713,2025,Bahrain
0 days 01:19:07.042000,ANT,14.0,0 days 00:01:37.732000,MEDIUM,2.0,2.0,1,,,97.732,2025,Bahrain
0 days 01:20:45.439000,ANT,15.0,0 days 00:01:38.397000,MEDIUM,3.0,2.0,1,,,98.397,2025,Bahrain
0 days 01:22:24.508000,ANT,16.0,0 days 00:01:39.069000,MEDIUM,4.0,2.0,1,,,99.069,2025,Bahrain
0 days 01:24:03.450000,ANT,17.0,0 days 00:01:38.942000,MEDIUM,5.0,2.0,1,,,98.942,2025,Bahrain
0 days 01:25:41.815000,ANT,18.0,0 days 00:01:38.365000,MEDIUM,6.0,2.0,1,,,98.365,2025,Bahrain
0 days 01:27:20.146000,ANT,19.0,0 days 00:01:38.331000,MEDIUM,7.0,2.0,1,,,98.331,2025,Bahrain
0 days 01:28:59.041000,ANT,20.0,0 days 00:01:38.895000,MEDIUM,8.0,2.0,1,,,98.895,2025,Bahrain
0 days 01:30:37.721000,ANT,21.0,0 days 00:01:38.680000,MEDIUM,9.0,2.0,1,,,98.68,2025,Bahrain
0 days 01:32:16.618000,ANT,22.0,0 days 00:01:38.897000,MEDIUM,10.0,2.0,1,,,98.897,2025,Bahrain
0 days 01:33:55.362000,ANT,23.0,0 days 00:01:38.744000,MEDIUM,11.0,2.0,1,,,98.744,2025,Bahrain
0 days 01:35:34.004000,ANT,24.0,0 days 00:01:38.642000,MEDIUM,12.0,2.0,1,,,98.642,2025,Bahrain
0 days 01:37:13.733000,ANT,25.0,0 days 00:01:39.729000,MEDIUM,13.0,2.0,1,,,99.729,2025,Bahrain
0 days 01:38:52.926000,ANT,26.0,0 days 00:01:39.193000,MEDIUM,14.0,2.0,1,,,99.193,2025,Bahrain
0 days 01:40:34.694000,ANT,27.0,0 days 00:01:41.768000,MEDIUM,15.0,2.0,1,0 days 01:40:33.109000,,101.768,2025,Bahrain
0 days 01:42:33.631000,ANT,28.0,0 days 00:01:58.937000,SOFT,4.0,3.0,1,,0 days 01:40:57.526000,118.937,2025,Bahrain
0 days 01:44:10.321000,ANT,29.0,0 days 00:01:36.690000,SOFT,5.0,3.0,1,,,96.69,2025,Bahrain
0 days 01:45:47.011000,ANT,30.0,0 days 00:01:36.690000,SOFT,6.0,3.0,1,,,96.69,2025,Bahrain
0 days 01:47:24.542000,ANT,31.0,0 days 00:01:37.531000,SOFT,7.0,3.0,1,,,97.531,2025,Bahrain
0 days 01:49:29.494000,ANT,32.0,0 days 00:02:04.952000,SOFT,8.0,3.0,14,0 days 01:49:27.885000,,124.952,2025,Bahrain
0 days 01:52:00.687000,ANT,33.0,,SOFT,4.0,4.0,4,,0 days 01:49:52.527000,,2025,Bahrain
0 days 01:53:51.693000,ANT,34.0,0 days 00:01:51.006000,SOFT,5.0,4.0,4,,,111.006,2025,Bahrain
0 days 01:56:04.918000,ANT,35.0,0 days 00:02:13.225000,SOFT,6.0,4.0,41,,,133.225,2025,Bahrain
0 days 01:57:44.835000,ANT,36.0,0 days 00:01:39.917000,SOFT,7.0,4.0,1,,,99.917,2025,Bahrain
0 days 01:59:22.552000,ANT,37.0,0 days 00:01:37.717000,SOFT,8.0,4.0,1,,,97.717,2025,Bahrain
0 days 02:00:59.537000,ANT,38.0,0 days 00:01:36.985000,SOFT,9.0,4.0,1,,,96.985,2025,Bahrain
0 days 02:02:37.114000,ANT,39.0,0 days 00:01:37.577000,SOFT,10.0,4.0,1,,,97.577,2025,Bahrain
0 days 02:04:14.387000,ANT,40.0,0 days 00:01:37.273000,SOFT,11.0,4.0,1,,,97.273,2025,Bahrain
0 days 02:05:51.971000,ANT,41.0,0 days 00:01:37.584000,SOFT,12.0,4.0,1,,,97.584,2025,Bahrain
0 days 02:07:29.668000,ANT,42.0,0 days 00:01:37.697000,SOFT,13.0,4.0,1,,,97.697,2025,Bahrain
0 days 02:09:07.284000,ANT,43.0,0 days 00:01:37.616000,SOFT,14.0,4.0,1,,,97.616,2025,Bahrain
0 days 02:10:45.200000,ANT,44.0,0 days 00:01:37.916000,SOFT,15.0,4.0,1,,,97.916,2025,Bahrain
0 days 02:12:23.027000,ANT,45.0,0 days 00:01:37.827000,SOFT,16.0,4.0,1,,,97.827,2025,Bahrain
0 days 02:14:00.765000,ANT,46.0,0 days 00:01:37.738000,SOFT,17.0,4.0,1,,,97.738,2025,Bahrain
0 days 02:15:38.452000,ANT,47.0,0 days 00:01:37.687000,SOFT,18.0,4.0,1,,,97.687,2025,Bahrain
0 days 02:17:15.940000,ANT,48.0,0 days 00:01:37.488000,SOFT,19.0,4.0,1,,,97.488,2025,Bahrain
0 days 02:18:53.555000,ANT,49.0,0 days 00:01:37.615000,SOFT,20.0,4.0,1,,,97.615,2025,Bahrain
0 days 02:20:31.295000,ANT,50.0,0 days 00:01:37.740000,SOFT,21.0,4.0,1,,,97.74,2025,Bahrain
0 days 02:22:09.316000,ANT,51.0,0 days 00:01:38.021000,SOFT,22.0,4.0,1,,,98.021,2025,Bahrain
0 days 02:23:47.976000,ANT,52.0,0 days 00:01:38.660000,SOFT,23.0,4.0,1,,,98.66,2025,Bahrain
0 days 02:25:26.392000,ANT,53.0,0 days 00:01:38.416000,SOFT,24.0,4.0,1,,,98.416,2025,Bahrain
0 days 02:27:05.104000,ANT,54.0,0 days 00:01:38.712000,SOFT,25.0,4.0,1,,,98.712,2025,Bahrain
0 days 02:28:43.973000,ANT,55.0,0 days 00:01:38.869000,SOFT,26.0,4.0,1,,,98.869,2025,Bahrain
0 days 02:30:23.038000,ANT,56.0,0 days 00:01:39.065000,SOFT,27.0,4.0,1,,,99.065,2025,Bahrain
0 days 02:32:02.584000,ANT,57.0,0 days 00:01:39.546000,SOFT,28.0,4.0,1,,,99.546,2025,Bahrain
0 days 00:57:21.763000,ALB,1.0,0 days 00:01:46.629000,SOFT,1.0,1.0,1,,,106.629,2025,Bahrain
0 days 00:59:01.584000,ALB,2.0,0 days 00:01:39.821000,SOFT,2.0,1.0,1,,,99.821,2025,Bahrain
0 days 01:00:40.283000,ALB,3.0,0 days 00:01:38.699000,SOFT,3.0,1.0,1,,,98.699,2025,Bahrain
0 days 01:02:19.339000,ALB,4.0,0 days 00:01:39.056000,SOFT,4.0,1.0,1,,,99.056,2025,Bahrain
0 days 01:03:58.596000,ALB,5.0,0 days 00:01:39.257000,SOFT,5.0,1.0,1,,,99.257,2025,Bahrain
0 days 01:05:37.859000,ALB,6.0,0 days 00:01:39.263000,SOFT,6.0,1.0,1,,,99.263,2025,Bahrain
0 days 01:07:17.424000,ALB,7.0,0 days 00:01:39.565000,SOFT,7.0,1.0,1,,,99.565,2025,Bahrain
0 days 01:08:57.342000,ALB,8.0,0 days 00:01:39.918000,SOFT,8.0,1.0,1,,,99.918,2025,Bahrain
0 days 01:10:37.077000,ALB,9.0,0 days 00:01:39.735000,SOFT,9.0,1.0,1,,,99.735,2025,Bahrain
0 days 01:12:17.166000,ALB,10.0,0 days 00:01:40.089000,SOFT,10.0,1.0,1,,,100.089,2025,Bahrain
0 days 01:13:57.009000,ALB,11.0,0 days 00:01:39.843000,SOFT,11.0,1.0,1,,,99.843,2025,Bahrain
0 days 01:15:36.949000,ALB,12.0,0 days 00:01:39.940000,SOFT,12.0,1.0,1,,,99.94,2025,Bahrain
0 days 01:17:17.093000,ALB,13.0,0 days 00:01:40.144000,SOFT,13.0,1.0,1,,,100.144,2025,Bahrain
0 days 01:18:57.419000,ALB,14.0,0 days 00:01:40.326000,SOFT,14.0,1.0,1,,,100.326,2025,Bahrain
0 days 01:20:38.240000,ALB,15.0,0 days 00:01:40.821000,SOFT,15.0,1.0,1,,,100.821,2025,Bahrain
0 days 01:22:20.622000,ALB,16.0,0 days 00:01:42.382000,SOFT,16.0,1.0,1,0 days 01:22:19.013000,,102.382,2025,Bahrain
0 days 01:24:20.214000,ALB,17.0,0 days 00:01:59.592000,HARD,1.0,2.0,1,,0 days 01:22:44.437000,119.592,2025,Bahrain
0 days 01:25:57.423000,ALB,18.0,0 days 00:01:37.209000,HARD,2.0,2.0,1,,,97.209,2025,Bahrain
0 days 01:27:35.632000,ALB,19.0,0 days 00:01:38.209000,HARD,3.0,2.0,1,,,98.209,2025,Bahrain
0 days 01:29:13.305000,ALB,20.0,0 days 00:01:37.673000,HARD,4.0,2.0,1,,,97.673,2025,Bahrain
0 days 01:30:51.352000,ALB,21.0,0 days 00:01:38.047000,HARD,5.0,2.0,1,,,98.047,2025,Bahrain
0 days 01:32:29.826000,ALB,22.0,0 days 00:01:38.474000,HARD,6.0,2.0,1,,,98.474,2025,Bahrain
0 days 01:34:07.710000,ALB,23.0,0 days 00:01:37.884000,HARD,7.0,2.0,1,,,97.884,2025,Bahrain
0 days 01:35:45.733000,ALB,24.0,0 days 00:01:38.023000,HARD,8.0,2.0,1,,,98.023,2025,Bahrain
0 days 01:37:24.324000,ALB,25.0,0 days 00:01:38.591000,HARD,9.0,2.0,1,,,98.591,2025,Bahrain
0 days 01:39:03.022000,ALB,26.0,0 days 00:01:38.698000,HARD,10.0,2.0,1,,,98.698,2025,Bahrain
0 days 01:40:41.729000,ALB,27.0,0 days 00:01:38.707000,HARD,11.0,2.0,1,,,98.707,2025,Bahrain
0 days 01:42:20.559000,ALB,28.0,0 days 00:01:38.830000,HARD,12.0,2.0,1,,,98.83,2025,Bahrain
0 days 01:43:58.707000,ALB,29.0,0 days 00:01:38.148000,HARD,13.0,2.0,1,,,98.148,2025,Bahrain
0 days 01:45:37.871000,ALB,30.0,0 days 00:01:39.164000,HARD,14.0,2.0,1,,,99.164,2025,Bahrain
0 days 01:47:17.652000,ALB,31.0,0 days 00:01:39.781000,HARD,15.0,2.0,1,,,99.781,2025,Bahrain
0 days 01:49:25.246000,ALB,32.0,0 days 00:02:07.594000,HARD,16.0,2.0,14,0 days 01:49:23.329000,,127.594,2025,Bahrain
0 days 01:51:56.376000,ALB,33.0,,MEDIUM,1.0,3.0,4,,0 days 01:49:49.420000,,2025,Bahrain
0 days 01:53:50.872000,ALB,34.0,0 days 00:01:54.496000,MEDIUM,2.0,3.0,4,,,114.496,2025,Bahrain
0 days 01:56:04.501000,ALB,35.0,0 days 00:02:13.629000,MEDIUM,3.0,3.0,41,,,133.629,2025,Bahrain
0 days 01:57:43.569000,ALB,36.0,0 days 00:01:39.068000,MEDIUM,4.0,3.0,1,,,99.068,2025,Bahrain
0 days 01:59:21.184000,ALB,37.0,0 days 00:01:37.615000,MEDIUM,5.0,3.0,1,,,97.615,2025,Bahrain
0 days 02:00:59.055000,ALB,38.0,0 days 00:01:37.871000,MEDIUM,6.0,3.0,1,,,97.871,2025,Bahrain
0 days 02:02:37.925000,ALB,39.0,0 days 00:01:38.870000,MEDIUM,7.0,3.0,1,,,98.87,2025,Bahrain
0 days 02:04:15.556000,ALB,40.0,0 days 00:01:37.631000,MEDIUM,8.0,3.0,1,,,97.631,2025,Bahrain
0 days 02:05:53.060000,ALB,41.0,0 days 00:01:37.504000,MEDIUM,9.0,3.0,1,,,97.504,2025,Bahrain
0 days 02:07:30.762000,ALB,42.0,0 days 00:01:37.702000,MEDIUM,10.0,3.0,1,,,97.702,2025,Bahrain
0 days 02:09:08.429000,ALB,43.0,0 days 00:01:37.667000,MEDIUM,11.0,3.0,1,,,97.667,2025,Bahrain
0 days 02:10:46.076000,ALB,44.0,0 days 00:01:37.647000,MEDIUM,12.0,3.0,1,,,97.647,2025,Bahrain
0 days 02:12:23.772000,ALB,45.0,0 days 00:01:37.696000,MEDIUM,13.0,3.0,1,,,97.696,2025,Bahrain
0 days 02:14:02.105000,ALB,46.0,0 days 00:01:38.333000,MEDIUM,14.0,3.0,1,,,98.333,2025,Bahrain
0 days 02:15:39.246000,ALB,47.0,0 days 00:01:37.141000,MEDIUM,15.0,3.0,1,,,97.141,2025,Bahrain
0 days 02:17:16.790000,ALB,48.0,0 days 00:01:37.544000,MEDIUM,16.0,3.0,1,,,97.544,2025,Bahrain
0 days 02:18:54.417000,ALB,49.0,0 days 00:01:37.627000,MEDIUM,17.0,3.0,1,,,97.627,2025,Bahrain
0 days 02:20:32.280000,ALB,50.0,0 days 00:01:37.863000,MEDIUM,18.0,3.0,1,,,97.863,2025,Bahrain
0 days 02:22:10.090000,ALB,51.0,0 days 00:01:37.810000,MEDIUM,19.0,3.0,1,,,97.81,2025,Bahrain
0 days 02:23:48.671000,ALB,52.0,0 days 00:01:38.581000,MEDIUM,20.0,3.0,1,,,98.581,2025,Bahrain
0 days 02:25:27.098000,ALB,53.0,0 days 00:01:38.427000,MEDIUM,21.0,3.0,1,,,98.427,2025,Bahrain
0 days 02:27:05.712000,ALB,54.0,0 days 00:01:38.614000,MEDIUM,22.0,3.0,1,,,98.614,2025,Bahrain
0 days 02:28:44.528000,ALB,55.0,0 days 00:01:38.816000,MEDIUM,23.0,3.0,1,,,98.816,2025,Bahrain
0 days 02:30:23.748000,ALB,56.0,0 days 00:01:39.220000,MEDIUM,24.0,3.0,1,,,99.22,2025,Bahrain
0 days 02:32:03.412000,ALB,57.0,0 days 00:01:39.664000,MEDIUM,25.0,3.0,1,,,99.664,2025,Bahrain
0 days 00:57:23.247000,HAD,1.0,0 days 00:01:48.113000,SOFT,1.0,1.0,1,,,108.113,2025,Bahrain
0 days 00:59:02.850000,HAD,2.0,0 days 00:01:39.603000,SOFT,2.0,1.0,1,,,99.603,2025,Bahrain
0 days 01:00:42.617000,HAD,3.0,0 days 00:01:39.767000,SOFT,3.0,1.0,1,,,99.767,2025,Bahrain
0 days 01:02:22.248000,HAD,4.0,0 days 00:01:39.631000,SOFT,4.0,1.0,1,,,99.631,2025,Bahrain
0 days 01:04:01.917000,HAD,5.0,0 days 00:01:39.669000,SOFT,5.0,1.0,1,,,99.669,2025,Bahrain
0 days 01:05:44.283000,HAD,6.0,0 days 00:01:42.366000,SOFT,6.0,1.0,1,0 days 01:05:42.618000,,102.366,2025,Bahrain
0 days 01:07:43.075000,HAD,7.0,0 days 00:01:58.792000,MEDIUM,1.0,2.0,1,,0 days 01:06:07.903000,118.792,2025,Bahrain
0 days 01:09:20.467000,HAD,8.0,0 days 00:01:37.392000,MEDIUM,2.0,2.0,1,,,97.392,2025,Bahrain
0 days 01:10:59.009000,HAD,9.0,0 days 00:01:38.542000,MEDIUM,3.0,2.0,1,,,98.542,2025,Bahrain
0 days 01:12:38.438000,HAD,10.0,0 days 00:01:39.429000,MEDIUM,4.0,2.0,1,,,99.429,2025,Bahrain
0 days 01:14:17.061000,HAD,11.0,0 days 00:01:38.623000,MEDIUM,5.0,2.0,1,,,98.623,2025,Bahrain
0 days 01:15:55.761000,HAD,12.0,0 days 00:01:38.700000,MEDIUM,6.0,2.0,1,,,98.7,2025,Bahrain
0 days 01:17:34.610000,HAD,13.0,0 days 00:01:38.849000,MEDIUM,7.0,2.0,1,,,98.849,2025,Bahrain
0 days 01:19:14.640000,HAD,14.0,0 days 00:01:40.030000,MEDIUM,8.0,2.0,1,,,100.03,2025,Bahrain
0 days 01:20:53.533000,HAD,15.0,0 days 00:01:38.893000,MEDIUM,9.0,2.0,1,,,98.893,2025,Bahrain
0 days 01:22:32.701000,HAD,16.0,0 days 00:01:39.168000,MEDIUM,10.0,2.0,1,,,99.168,2025,Bahrain
0 days 01:24:11.450000,HAD,17.0,0 days 00:01:38.749000,MEDIUM,11.0,2.0,1,,,98.749,2025,Bahrain
0 days 01:25:51.468000,HAD,18.0,0 days 00:01:40.018000,MEDIUM,12.0,2.0,1,,,100.018,2025,Bahrain
0 days 01:27:30.362000,HAD,19.0,0 days 00:01:38.894000,MEDIUM,13.0,2.0,1,,,98.894,2025,Bahrain
0 days 01:29:09.235000,HAD,20.0,0 days 00:01:38.873000,MEDIUM,14.0,2.0,1,,,98.873,2025,Bahrain
0 days 01:30:49.999000,HAD,21.0,0 days 00:01:40.764000,MEDIUM,15.0,2.0,1,,,100.764,2025,Bahrain
0 days 01:32:29.441000,HAD,22.0,0 days 00:01:39.442000,MEDIUM,16.0,2.0,1,,,99.442,2025,Bahrain
0 days 01:34:09.806000,HAD,23.0,0 days 00:01:40.365000,MEDIUM,17.0,2.0,1,,,100.365,2025,Bahrain
0 days 01:35:49.328000,HAD,24.0,0 days 00:01:39.522000,MEDIUM,18.0,2.0,1,,,99.522,2025,Bahrain
0 days 01:37:29.123000,HAD,25.0,0 days 00:01:39.795000,MEDIUM,19.0,2.0,1,,,99.795,2025,Bahrain
0 days 01:39:08.711000,HAD,26.0,0 days 00:01:39.588000,MEDIUM,20.0,2.0,1,,,99.588,2025,Bahrain
0 days 01:40:48.176000,HAD,27.0,0 days 00:01:39.465000,MEDIUM,21.0,2.0,1,,,99.465,2025,Bahrain
0 days 01:42:30.252000,HAD,28.0,0 days 00:01:42.076000,MEDIUM,22.0,2.0,1,0 days 01:42:28.733000,,102.076,2025,Bahrain
0 days 01:44:28.438000,HAD,29.0,0 days 00:01:58.186000,HARD,1.0,3.0,1,,0 days 01:42:53.155000,118.186,2025,Bahrain
0 days 01:46:05.390000,HAD,30.0,0 days 00:01:36.952000,HARD,2.0,3.0,1,,,96.952,2025,Bahrain
0 days 01:47:42.548000,HAD,31.0,0 days 00:01:37.158000,HARD,3.0,3.0,1,,,97.158,2025,Bahrain
0 days 01:49:52.528000,HAD,32.0,0 days 00:02:09.980000,HARD,4.0,3.0,14,,,129.98,2025,Bahrain
0 days 01:52:07.811000,HAD,33.0,0 days 00:02:15.283000,HARD,5.0,3.0,4,,,135.283,2025,Bahrain
0 days 01:54:00.776000,HAD,34.0,0 days 00:01:52.965000,HARD,6.0,3.0,4,,,112.965,2025,Bahrain
0 days 01:56:06.284000,HAD,35.0,0 days 00:02:05.508000,HARD,7.0,3.0,41,,,125.508,2025,Bahrain
0 days 01:57:46.602000,HAD,36.0,0 days 00:01:40.318000,HARD,8.0,3.0,1,,,100.318,2025,Bahrain
0 days 01:59:25.069000,HAD,37.0,0 days 00:01:38.467000,HARD,9.0,3.0,1,,,98.467,2025,Bahrain
0 days 02:01:02.900000,HAD,38.0,0 days 00:01:37.831000,HARD,10.0,3.0,1,,,97.831,2025,Bahrain
0 days 02:02:41.229000,HAD,39.0,0 days 00:01:38.329000,HARD,11.0,3.0,1,,,98.329,2025,Bahrain
0 days 02:04:19.571000,HAD,40.0,0 days 00:01:38.342000,HARD,12.0,3.0,1,,,98.342,2025,Bahrain
0 days 02:05:58.257000,HAD,41.0,0 days 00:01:38.686000,HARD,13.0,3.0,1,,,98.686,2025,Bahrain
0 days 02:07:36.818000,HAD,42.0,0 days 00:01:38.561000,HARD,14.0,3.0,1,,,98.561,2025,Bahrain
0 days 02:09:15.891000,HAD,43.0,0 days 00:01:39.073000,HARD,15.0,3.0,1,,,99.073,2025,Bahrain
0 days 02:10:53.615000,HAD,44.0,0 days 00:01:37.724000,HARD,16.0,3.0,1,,,97.724,2025,Bahrain
0 days 02:12:31.634000,HAD,45.0,0 days 00:01:38.019000,HARD,17.0,3.0,1,,,98.019,2025,Bahrain
0 days 02:14:09.427000,HAD,46.0,0 days 00:01:37.793000,HARD,18.0,3.0,1,,,97.793,2025,Bahrain
0 days 02:15:47.189000,HAD,47.0,0 days 00:01:37.762000,HARD,19.0,3.0,1,,,97.762,2025,Bahrain
0 days 02:17:25.210000,HAD,48.0,0 days 00:01:38.021000,HARD,20.0,3.0,1,,,98.021,2025,Bahrain
0 days 02:19:03.195000,HAD,49.0,0 days 00:01:37.985000,HARD,21.0,3.0,1,,,97.985,2025,Bahrain
0 days 02:20:41.337000,HAD,50.0,0 days 00:01:38.142000,HARD,22.0,3.0,1,,,98.142,2025,Bahrain
0 days 02:22:19.603000,HAD,51.0,0 days 00:01:38.266000,HARD,23.0,3.0,1,,,98.266,2025,Bahrain
0 days 02:23:57.808000,HAD,52.0,0 days 00:01:38.205000,HARD,24.0,3.0,1,,,98.205,2025,Bahrain
0 days 02:25:36.303000,HAD,53.0,0 days 00:01:38.495000,HARD,25.0,3.0,1,,,98.495,2025,Bahrain
0 days 02:27:15.306000,HAD,54.0,0 days 00:01:39.003000,HARD,26.0,3.0,1,,,99.003,2025,Bahrain
0 days 02:28:53.603000,HAD,55.0,0 days 00:01:38.297000,HARD,27.0,3.0,1,,,98.297,2025,Bahrain
0 days 02:30:32.387000,HAD,56.0,0 days 00:01:38.784000,HARD,28.0,3.0,1,,,98.784,2025,Bahrain
0 days 02:32:10.883000,HAD,57.0,0 days 00:01:38.496000,HARD,29.0,3.0,1,,,98.496,2025,Bahrain
0 days 00:57:20.306000,DOO,1.0,0 days 00:01:45.172000,SOFT,1.0,1.0,1,,,105.172,2025,Bahrain
0 days 00:58:59.478000,DOO,2.0,0 days 00:01:39.172000,SOFT,2.0,1.0,1,,,99.172,2025,Bahrain
0 days 01:00:38.192000,DOO,3.0,0 days 00:01:38.714000,SOFT,3.0,1.0,1,,,98.714,2025,Bahrain
0 days 01:02:16.914000,DOO,4.0,0 days 00:01:38.722000,SOFT,4.0,1.0,1,,,98.722,2025,Bahrain
0 days 01:03:56.209000,DOO,5.0,0 days 00:01:39.295000,SOFT,5.0,1.0,1,,,99.295,2025,Bahrain
0 days 01:05:35.495000,DOO,6.0,0 days 00:01:39.286000,SOFT,6.0,1.0,1,,,99.286,2025,Bahrain
0 days 01:07:14.952000,DOO,7.0,0 days 00:01:39.457000,SOFT,7.0,1.0,1,,,99.457,2025,Bahrain
0 days 01:08:54.765000,DOO,8.0,0 days 00:01:39.813000,SOFT,8.0,1.0,1,,,99.813,2025,Bahrain
0 days 01:10:38.296000,DOO,9.0,0 days 00:01:43.531000,SOFT,9.0,1.0,1,0 days 01:10:36.604000,,103.531,2025,Bahrain
0 days 01:12:36.378000,DOO,10.0,0 days 00:01:58.082000,MEDIUM,1.0,2.0,1,,0 days 01:11:01.409000,118.082,2025,Bahrain
0 days 01:14:14.123000,DOO,11.0,0 days 00:01:37.745000,MEDIUM,2.0,2.0,1,,,97.745,2025,Bahrain
0 days 01:15:52.136000,DOO,12.0,0 days 00:01:38.013000,MEDIUM,3.0,2.0,1,,,98.013,2025,Bahrain
0 days 01:17:30.561000,DOO,13.0,0 days 00:01:38.425000,MEDIUM,4.0,2.0,1,,,98.425,2025,Bahrain
0 days 01:19:08.734000,DOO,14.0,0 days 00:01:38.173000,MEDIUM,5.0,2.0,1,,,98.173,2025,Bahrain
0 days 01:20:47.046000,DOO,15.0,0 days 00:01:38.312000,MEDIUM,6.0,2.0,1,,,98.312,2025,Bahrain
0 days 01:22:25.748000,DOO,16.0,0 days 00:01:38.702000,MEDIUM,7.0,2.0,1,,,98.702,2025,Bahrain
0 days 01:24:04.716000,DOO,17.0,0 days 00:01:38.968000,MEDIUM,8.0,2.0,1,,,98.968,2025,Bahrain
0 days 01:25:43.265000,DOO,18.0,0 days 00:01:38.549000,MEDIUM,9.0,2.0,1,,,98.549,2025,Bahrain
0 days 01:27:21.563000,DOO,19.0,0 days 00:01:38.298000,MEDIUM,10.0,2.0,1,,,98.298,2025,Bahrain
0 days 01:29:00.829000,DOO,20.0,0 days 00:01:39.266000,MEDIUM,11.0,2.0,1,,,99.266,2025,Bahrain
0 days 01:30:39.802000,DOO,21.0,0 days 00:01:38.973000,MEDIUM,12.0,2.0,1,,,98.973,2025,Bahrain
0 days 01:32:19.699000,DOO,22.0,0 days 00:01:39.897000,MEDIUM,13.0,2.0,1,,,99.897,2025,Bahrain
0 days 01:33:58.541000,DOO,23.0,0 days 00:01:38.842000,MEDIUM,14.0,2.0,1,,,98.842,2025,Bahrain
0 days 01:35:37.963000,DOO,24.0,0 days 00:01:39.422000,MEDIUM,15.0,2.0,1,,,99.422,2025,Bahrain
0 days 01:37:17.286000,DOO,25.0,0 days 00:01:39.323000,MEDIUM,16.0,2.0,1,,,99.323,2025,Bahrain
0 days 01:38:57.038000,DOO,26.0,0 days 00:01:39.752000,MEDIUM,17.0,2.0,1,,,99.752,2025,Bahrain
0 days 01:40:36.559000,DOO,27.0,0 days 00:01:39.521000,MEDIUM,18.0,2.0,1,,,99.521,2025,Bahrain
0 days 01:42:18.467000,DOO,28.0,0 days 00:01:41.908000,MEDIUM,19.0,2.0,1,0 days 01:42:16.778000,,101.908,2025,Bahrain
0 days 01:44:16.481000,DOO,29.0,0 days 00:01:58.014000,HARD,1.0,3.0,1,,0 days 01:42:41.917000,118.014,2025,Bahrain
0 days 01:45:54.068000,DOO,30.0,0 days 00:01:37.587000,HARD,2.0,3.0,1,,,97.587,2025,Bahrain
0 days 01:47:30.750000,DOO,31.0,0 days 00:01:36.682000,HARD,3.0,3.0,1,,,96.682,2025,Bahrain
0 days 01:49:37.208000,DOO,32.0,0 days 00:02:06.458000,HARD,4.0,3.0,14,,,126.458,2025,Bahrain
0 days 01:51:50.643000,DOO,33.0,0 days 00:02:13.435000,HARD,5.0,3.0,4,,,133.435,2025,Bahrain
0 days 01:53:45.585000,DOO,34.0,0 days 00:01:54.942000,HARD,6.0,3.0,4,,,114.942,2025,Bahrain
0 days 01:56:03.230000,DOO,35.0,0 days 00:02:17.645000,HARD,7.0,3.0,41,,,137.645,2025,Bahrain
0 days 01:57:41.727000,DOO,36.0,0 days 00:01:38.497000,HARD,8.0,3.0,1,,,98.497,2025,Bahrain
0 days 01:59:19.305000,DOO,37.0,0 days 00:01:37.578000,HARD,9.0,3.0,1,,,97.578,2025,Bahrain
0 days 02:00:57.449000,DOO,38.0,0 days 00:01:38.144000,HARD,10.0,3.0,1,,,98.144,2025,Bahrain
0 days 02:02:34.978000,DOO,39.0,0 days 00:01:37.529000,HARD,11.0,3.0,1,,,97.529,2025,Bahrain
0 days 02:04:12.471000,DOO,40.0,0 days 00:01:37.493000,HARD,12.0,3.0,1,,,97.493,2025,Bahrain
0 days 02:05:50.006000,DOO,41.0,0 days 00:01:37.535000,HARD,13.0,3.0,1,,,97.535,2025,Bahrain
0 days 02:07:27.539000,DOO,42.0,0 days 00:01:37.533000,HARD,14.0,3.0,1,,,97.533,2025,Bahrain
0 days 02:09:05.315000,DOO,43.0,0 days 00:01:37.776000,HARD,15.0,3.0,1,,,97.776,2025,Bahrain
0 days 02:10:43.197000,DOO,44.0,0 days 00:01:37.882000,HARD,16.0,3.0,1,,,97.882,2025,Bahrain
0 days 02:12:22.198000,DOO,45.0,0 days 00:01:39.001000,HARD,17.0,3.0,1,,,99.001,2025,Bahrain
0 days 02:14:01.742000,DOO,46.0,0 days 00:01:39.544000,HARD,18.0,3.0,1,,,99.544,2025,Bahrain
0 days 02:15:40.658000,DOO,47.0,0 days 00:01:38.916000,HARD,19.0,3.0,1,,,98.916,2025,Bahrain
0 days 02:17:19.008000,DOO,48.0,0 days 00:01:38.350000,HARD,20.0,3.0,1,,,98.35,2025,Bahrain
0 days 02:18:57.201000,DOO,49.0,0 days 00:01:38.193000,HARD,21.0,3.0,1,,,98.193,2025,Bahrain
0 days 02:20:36.674000,DOO,50.0,0 days 00:01:39.473000,HARD,22.0,3.0,1,,,99.473,2025,Bahrain
0 days 02:22:15.254000,DOO,51.0,0 days 00:01:38.580000,HARD,23.0,3.0,1,,,98.58,2025,Bahrain
0 days 02:23:53.649000,DOO,52.0,0 days 00:01:38.395000,HARD,24.0,3.0,1,,,98.395,2025,Bahrain
0 days 02:25:32.083000,DOO,53.0,0 days 00:01:38.434000,HARD,25.0,3.0,1,,,98.434,2025,Bahrain
0 days 02:27:10.640000,DOO,54.0,0 days 00:01:38.557000,HARD,26.0,3.0,1,,,98.557,2025,Bahrain
0 days 02:28:49.197000,DOO,55.0,0 days 00:01:38.557000,HARD,27.0,3.0,1,,,98.557,2025,Bahrain
0 days 02:30:28.008000,DOO,56.0,0 days 00:01:38.811000,HARD,28.0,3.0,1,,,98.811,2025,Bahrain
0 days 02:32:07.375000,DOO,57.0,0 days 00:01:39.367000,HARD,29.0,3.0,1,,,99.367,2025,Bahrain
0 days 00:57:20.920000,ALO,1.0,0 days 00:01:45.786000,MEDIUM,1.0,1.0,1,,,105.786,2025,Bahrain
0 days 00:59:01.434000,ALO,2.0,0 days 00:01:40.514000,MEDIUM,2.0,1.0,1,,,100.514,2025,Bahrain
0 days 01:00:41.451000,ALO,3.0,0 days 00:01:40.017000,MEDIUM,3.0,1.0,1,,,100.017,2025,Bahrain
0 days 01:02:20.769000,ALO,4.0,0 days 00:01:39.318000,MEDIUM,4.0,1.0,1,,,99.318,2025,Bahrain
0 days 01:04:01.324000,ALO,5.0,0 days 00:01:40.555000,MEDIUM,5.0,1.0,1,,,100.555,2025,Bahrain
0 days 01:05:40.913000,ALO,6.0,0 days 00:01:39.589000,MEDIUM,6.0,1.0,1,,,99.589,2025,Bahrain
0 days 01:07:20.832000,ALO,7.0,0 days 00:01:39.919000,MEDIUM,7.0,1.0,1,,,99.919,2025,Bahrain
0 days 01:09:01.027000,ALO,8.0,0 days 00:01:40.195000,MEDIUM,8.0,1.0,1,,,100.195,2025,Bahrain
0 days 01:10:41.261000,ALO,9.0,0 days 00:01:40.234000,MEDIUM,9.0,1.0,1,,,100.234,2025,Bahrain
0 days 01:12:21.630000,ALO,10.0,0 days 00:01:40.369000,MEDIUM,10.0,1.0,1,,,100.369,2025,Bahrain
0 days 01:14:01.641000,ALO,11.0,0 days 00:01:40.011000,MEDIUM,11.0,1.0,1,,,100.011,2025,Bahrain
0 days 01:15:41.615000,ALO,12.0,0 days 00:01:39.974000,MEDIUM,12.0,1.0,1,,,99.974,2025,Bahrain
0 days 01:17:21.366000,ALO,13.0,0 days 00:01:39.751000,MEDIUM,13.0,1.0,1,,,99.751,2025,Bahrain
0 days 01:19:01.997000,ALO,14.0,0 days 00:01:40.631000,MEDIUM,14.0,1.0,1,,,100.631,2025,Bahrain
0 days 01:20:42.458000,ALO,15.0,0 days 00:01:40.461000,MEDIUM,15.0,1.0,1,,,100.461,2025,Bahrain
0 days 01:22:26.025000,ALO,16.0,0 days 00:01:43.567000,MEDIUM,16.0,1.0,1,0 days 01:22:24.299000,,103.567,2025,Bahrain
0 days 01:24:24.314000,ALO,17.0,0 days 00:01:58.289000,MEDIUM,1.0,2.0,1,,0 days 01:22:49.257000,118.289,2025,Bahrain
0 days 01:26:02.453000,ALO,18.0,0 days 00:01:38.139000,MEDIUM,2.0,2.0,1,,,98.139,2025,Bahrain
0 days 01:27:40.408000,ALO,19.0,0 days 00:01:37.955000,MEDIUM,3.0,2.0,1,,,97.955,2025,Bahrain
0 days 01:29:18.882000,ALO,20.0,0 days 00:01:38.474000,MEDIUM,4.0,2.0,1,,,98.474,2025,Bahrain
0 days 01:30:57.883000,ALO,21.0,0 days 00:01:39.001000,MEDIUM,5.0,2.0,1,,,99.001,2025,Bahrain
0 days 01:32:36.432000,ALO,22.0,0 days 00:01:38.549000,MEDIUM,6.0,2.0,1,,,98.549,2025,Bahrain
0 days 01:34:14.940000,ALO,23.0,0 days 00:01:38.508000,MEDIUM,7.0,2.0,1,,,98.508,2025,Bahrain
0 days 01:35:53.699000,ALO,24.0,0 days 00:01:38.759000,MEDIUM,8.0,2.0,1,,,98.759,2025,Bahrain
0 days 01:37:32.898000,ALO,25.0,0 days 00:01:39.199000,MEDIUM,9.0,2.0,1,,,99.199,2025,Bahrain
0 days 01:39:11.209000,ALO,26.0,0 days 00:01:38.311000,MEDIUM,10.0,2.0,1,,,98.311,2025,Bahrain
0 days 01:40:49.888000,ALO,27.0,0 days 00:01:38.679000,MEDIUM,11.0,2.0,1,,,98.679,2025,Bahrain
0 days 01:42:28.785000,ALO,28.0,0 days 00:01:38.897000,MEDIUM,12.0,2.0,1,,,98.897,2025,Bahrain
0 days 01:44:07.487000,ALO,29.0,0 days 00:01:38.702000,MEDIUM,13.0,2.0,1,,,98.702,2025,Bahrain
0 days 01:45:45.964000,ALO,30.0,0 days 00:01:38.477000,MEDIUM,14.0,2.0,1,,,98.477,2025,Bahrain
0 days 01:47:26.145000,ALO,31.0,0 days 00:01:40.181000,MEDIUM,15.0,2.0,1,,,100.181,2025,Bahrain
0 days 01:49:32.506000,ALO,32.0,0 days 00:02:06.361000,MEDIUM,16.0,2.0,14,0 days 01:49:30.793000,,126.361,2025,Bahrain
0 days 01:52:04.249000,ALO,33.0,,HARD,1.0,3.0,4,,0 days 01:49:55.576000,,2025,Bahrain
0 days 01:53:55.919000,ALO,34.0,0 days 00:01:51.670000,HARD,2.0,3.0,4,,,111.67,2025,Bahrain
0 days 01:56:06.280000,ALO,35.0,0 days 00:02:10.361000,HARD,3.0,3.0,41,,,130.361,2025,Bahrain
0 days 01:57:47.011000,ALO,36.0,0 days 00:01:40.731000,HARD,4.0,3.0,1,,,100.731,2025,Bahrain
0 days 01:59:25.657000,ALO,37.0,0 days 00:01:38.646000,HARD,5.0,3.0,1,,,98.646,2025,Bahrain
0 days 02:01:03.563000,ALO,38.0,0 days 00:01:37.906000,HARD,6.0,3.0,1,,,97.906,2025,Bahrain
0 days 02:02:41.954000,ALO,39.0,0 days 00:01:38.391000,HARD,7.0,3.0,1,,,98.391,2025,Bahrain
0 days 02:04:20.342000,ALO,40.0,0 days 00:01:38.388000,HARD,8.0,3.0,1,,,98.388,2025,Bahrain
0 days 02:05:58.872000,ALO,41.0,0 days 00:01:38.530000,HARD,9.0,3.0,1,,,98.53,2025,Bahrain
0 days 02:07:37.555000,ALO,42.0,0 days 00:01:38.683000,HARD,10.0,3.0,1,,,98.683,2025,Bahrain
0 days 02:09:16.529000,ALO,43.0,0 days 00:01:38.974000,HARD,11.0,3.0,1,,,98.974,2025,Bahrain
0 days 02:10:54.797000,ALO,44.0,0 days 00:01:38.268000,HARD,12.0,3.0,1,,,98.268,2025,Bahrain
0 days 02:12:33.218000,ALO,45.0,0 days 00:01:38.421000,HARD,13.0,3.0,1,,,98.421,2025,Bahrain
0 days 02:14:11.238000,ALO,46.0,0 days 00:01:38.020000,HARD,14.0,3.0,1,,,98.02,2025,Bahrain
0 days 02:15:49.356000,ALO,47.0,0 days 00:01:38.118000,HARD,15.0,3.0,1,,,98.118,2025,Bahrain
0 days 02:17:27.685000,ALO,48.0,0 days 00:01:38.329000,HARD,16.0,3.0,1,,,98.329,2025,Bahrain
0 days 02:19:06.227000,ALO,49.0,0 days 00:01:38.542000,HARD,17.0,3.0,1,,,98.542,2025,Bahrain
0 days 02:20:44.343000,ALO,50.0,0 days 00:01:38.116000,HARD,18.0,3.0,1,,,98.116,2025,Bahrain
0 days 02:22:22.580000,ALO,51.0,0 days 00:01:38.237000,HARD,19.0,3.0,1,,,98.237,2025,Bahrain
0 days 02:24:01.190000,ALO,52.0,0 days 00:01:38.610000,HARD,20.0,3.0,1,,,98.61,2025,Bahrain
0 days 02:25:39.791000,ALO,53.0,0 days 00:01:38.601000,HARD,21.0,3.0,1,,,98.601,2025,Bahrain
0 days 02:27:18.233000,ALO,54.0,0 days 00:01:38.442000,HARD,22.0,3.0,1,,,98.442,2025,Bahrain
0 days 02:28:56.877000,ALO,55.0,0 days 00:01:38.644000,HARD,23.0,3.0,1,,,98.644,2025,Bahrain
0 days 02:30:36.195000,ALO,56.0,0 days 00:01:39.318000,HARD,24.0,3.0,1,,,99.318,2025,Bahrain
0 days 02:32:14.945000,ALO,57.0,0 days 00:01:38.750000,HARD,25.0,3.0,1,,,98.75,2025,Bahrain
0 days 00:57:23.601000,LAW,1.0,0 days 00:01:48.467000,MEDIUM,1.0,1.0,1,,,108.467,2025,Bahrain
0 days 00:59:03.731000,LAW,2.0,0 days 00:01:40.130000,MEDIUM,2.0,1.0,1,,,100.13,2025,Bahrain
0 days 01:00:43.420000,LAW,3.0,0 days 00:01:39.689000,MEDIUM,3.0,1.0,1,,,99.689,2025,Bahrain
0 days 01:02:23.061000,LAW,4.0,0 days 00:01:39.641000,MEDIUM,4.0,1.0,1,,,99.641,2025,Bahrain
0 days 01:04:03.019000,LAW,5.0,0 days 00:01:39.958000,MEDIUM,5.0,1.0,1,,,99.958,2025,Bahrain
0 days 01:05:42.725000,LAW,6.0,0 days 00:01:39.706000,MEDIUM,6.0,1.0,1,,,99.706,2025,Bahrain
0 days 01:07:22.334000,LAW,7.0,0 days 00:01:39.609000,MEDIUM,7.0,1.0,1,,,99.609,2025,Bahrain
0 days 01:09:02.321000,LAW,8.0,0 days 00:01:39.987000,MEDIUM,8.0,1.0,1,,,99.987,2025,Bahrain
0 days 01:10:42.389000,LAW,9.0,0 days 00:01:40.068000,MEDIUM,9.0,1.0,1,,,100.068,2025,Bahrain
0 days 01:12:22.688000,LAW,10.0,0 days 00:01:40.299000,MEDIUM,10.0,1.0,1,,,100.299,2025,Bahrain
0 days 01:14:02.952000,LAW,11.0,0 days 00:01:40.264000,MEDIUM,11.0,1.0,1,,,100.264,2025,Bahrain
0 days 01:15:43.100000,LAW,12.0,0 days 00:01:40.148000,MEDIUM,12.0,1.0,1,,,100.148,2025,Bahrain
0 days 01:17:23.068000,LAW,13.0,0 days 00:01:39.968000,MEDIUM,13.0,1.0,1,,,99.968,2025,Bahrain
0 days 01:19:07.052000,LAW,14.0,0 days 00:01:43.984000,MEDIUM,14.0,1.0,1,0 days 01:19:05.384000,,103.984,2025,Bahrain
0 days 01:21:07.860000,LAW,15.0,0 days 00:02:00.808000,HARD,1.0,2.0,1,,0 days 01:19:30.576000,120.808,2025,Bahrain
0 days 01:22:45.720000,LAW,16.0,0 days 00:01:37.860000,HARD,2.0,2.0,1,,,97.86,2025,Bahrain
0 days 01:24:23.914000,LAW,17.0,0 days 00:01:38.194000,HARD,3.0,2.0,1,,,98.194,2025,Bahrain
0 days 01:26:03.750000,LAW,18.0,0 days 00:01:39.836000,HARD,4.0,2.0,1,,,99.836,2025,Bahrain
0 days 01:27:42.692000,LAW,19.0,0 days 00:01:38.942000,HARD,5.0,2.0,1,,,98.942,2025,Bahrain
0 days 01:29:21.537000,LAW,20.0,0 days 00:01:38.845000,HARD,6.0,2.0,1,,,98.845,2025,Bahrain
0 days 01:31:00.540000,LAW,21.0,0 days 00:01:39.003000,HARD,7.0,2.0,1,,,99.003,2025,Bahrain
0 days 01:32:39.603000,LAW,22.0,0 days 00:01:39.063000,HARD,8.0,2.0,1,,,99.063,2025,Bahrain
0 days 01:34:18.792000,LAW,23.0,0 days 00:01:39.189000,HARD,9.0,2.0,1,,,99.189,2025,Bahrain
0 days 01:35:57.827000,LAW,24.0,0 days 00:01:39.035000,HARD,10.0,2.0,1,,,99.035,2025,Bahrain
0 days 01:37:36.973000,LAW,25.0,0 days 00:01:39.146000,HARD,11.0,2.0,1,,,99.146,2025,Bahrain
0 days 01:39:16.294000,LAW,26.0,0 days 00:01:39.321000,HARD,12.0,2.0,1,,,99.321,2025,Bahrain
0 days 01:40:55.610000,LAW,27.0,0 days 00:01:39.316000,HARD,13.0,2.0,1,,,99.316,2025,Bahrain
0 days 01:42:36.378000,LAW,28.0,0 days 00:01:40.768000,HARD,14.0,2.0,1,,,100.768,2025,Bahrain
0 days 01:44:15.775000,LAW,29.0,0 days 00:01:39.397000,HARD,15.0,2.0,1,,,99.397,2025,Bahrain
0 days 01:45:55.717000,LAW,30.0,0 days 00:01:39.942000,HARD,16.0,2.0,1,,,99.942,2025,Bahrain
0 days 01:47:34.830000,LAW,31.0,0 days 00:01:39.113000,HARD,17.0,2.0,1,,,99.113,2025,Bahrain
0 days 01:49:44.132000,LAW,32.0,0 days 00:02:09.302000,HARD,18.0,2.0,14,0 days 01:49:42.611000,,129.302,2025,Bahrain
0 days 01:52:16.235000,LAW,33.0,,SOFT,1.0,3.0,4,,0 days 01:50:06.553000,,2025,Bahrain
0 days 01:54:06.352000,LAW,34.0,0 days 00:01:50.117000,SOFT,2.0,3.0,4,,,110.117,2025,Bahrain
0 days 01:56:06.812000,LAW,35.0,0 days 00:02:00.460000,SOFT,3.0,3.0,41,,,120.46,2025,Bahrain
0 days 01:57:45.824000,LAW,36.0,0 days 00:01:39.012000,SOFT,4.0,3.0,1,,,99.012,2025,Bahrain
0 days 01:59:24.182000,LAW,37.0,0 days 00:01:38.358000,SOFT,5.0,3.0,1,,,98.358,2025,Bahrain
0 days 02:01:02.009000,LAW,38.0,0 days 00:01:37.827000,SOFT,6.0,3.0,1,,,97.827,2025,Bahrain
0 days 02:02:40.419000,LAW,39.0,0 days 00:01:38.410000,SOFT,7.0,3.0,1,,,98.41,2025,Bahrain
0 days 02:04:18.777000,LAW,40.0,0 days 00:01:38.358000,SOFT,8.0,3.0,1,,,98.358,2025,Bahrain
0 days 02:05:56.467000,LAW,41.0,0 days 00:01:37.690000,SOFT,9.0,3.0,1,,,97.69,2025,Bahrain
0 days 02:07:34.036000,LAW,42.0,0 days 00:01:37.569000,SOFT,10.0,3.0,1,,,97.569,2025,Bahrain
0 days 02:09:11.516000,LAW,43.0,0 days 00:01:37.480000,SOFT,11.0,3.0,1,,,97.48,2025,Bahrain
0 days 02:10:48.896000,LAW,44.0,0 days 00:01:37.380000,SOFT,12.0,3.0,1,,,97.38,2025,Bahrain
0 days 02:12:26.432000,LAW,45.0,0 days 00:01:37.536000,SOFT,13.0,3.0,1,,,97.536,2025,Bahrain
0 days 02:14:04.159000,LAW,46.0,0 days 00:01:37.727000,SOFT,14.0,3.0,1,,,97.727,2025,Bahrain
0 days 02:15:42.093000,LAW,47.0,0 days 00:01:37.934000,SOFT,15.0,3.0,1,,,97.934,2025,Bahrain
0 days 02:17:19.988000,LAW,48.0,0 days 00:01:37.895000,SOFT,16.0,3.0,1,,,97.895,2025,Bahrain
0 days 02:18:57.785000,LAW,49.0,0 days 00:01:37.797000,SOFT,17.0,3.0,1,,,97.797,2025,Bahrain
0 days 02:20:35.517000,LAW,50.0,0 days 00:01:37.732000,SOFT,18.0,3.0,1,,,97.732,2025,Bahrain
0 days 02:22:13.494000,LAW,51.0,0 days 00:01:37.977000,SOFT,19.0,3.0,1,,,97.977,2025,Bahrain
0 days 02:23:51.228000,LAW,52.0,0 days 00:01:37.734000,SOFT,20.0,3.0,1,,,97.734,2025,Bahrain
0 days 02:25:29.377000,LAW,53.0,0 days 00:01:38.149000,SOFT,21.0,3.0,1,,,98.149,2025,Bahrain
0 days 02:27:07.783000,LAW,54.0,0 days 00:01:38.406000,SOFT,22.0,3.0,1,,,98.406,2025,Bahrain
0 days 02:28:45.926000,LAW,55.0,0 days 00:01:38.143000,SOFT,23.0,3.0,1,,,98.143,2025,Bahrain
0 days 02:30:24.321000,LAW,56.0,0 days 00:01:38.395000,SOFT,24.0,3.0,1,,,98.395,2025,Bahrain
0 days 02:32:03.993000,LAW,57.0,0 days 00:01:39.672000,SOFT,25.0,3.0,1,,,99.672,2025,Bahrain
0 days 00:57:23.972000,STR,1.0,0 days 00:01:48.838000,SOFT,1.0,1.0,1,,,108.838,2025,Bahrain
0 days 00:59:04.222000,STR,2.0,0 days 00:01:40.250000,SOFT,2.0,1.0,1,,,100.25,2025,Bahrain
0 days 01:00:43.930000,STR,3.0,0 days 00:01:39.708000,SOFT,3.0,1.0,1,,,99.708,2025,Bahrain
0 days 01:02:23.774000,STR,4.0,0 days 00:01:39.844000,SOFT,4.0,1.0,1,,,99.844,2025,Bahrain
0 days 01:04:03.748000,STR,5.0,0 days 00:01:39.974000,SOFT,5.0,1.0,1,,,99.974,2025,Bahrain
0 days 01:05:43.553000,STR,6.0,0 days 00:01:39.805000,SOFT,6.0,1.0,1,,,99.805,2025,Bahrain
0 days 01:07:23.408000,STR,7.0,0 days 00:01:39.855000,SOFT,7.0,1.0,1,,,99.855,2025,Bahrain
0 days 01:09:03.807000,STR,8.0,0 days 00:01:40.399000,SOFT,8.0,1.0,1,,,100.399,2025,Bahrain
0 days 01:10:43.955000,STR,9.0,0 days 00:01:40.148000,SOFT,9.0,1.0,1,,,100.148,2025,Bahrain
0 days 01:12:24.474000,STR,10.0,0 days 00:01:40.519000,SOFT,10.0,1.0,1,,,100.519,2025,Bahrain
0 days 01:14:04.944000,STR,11.0,0 days 00:01:40.470000,SOFT,11.0,1.0,1,,,100.47,2025,Bahrain
0 days 01:15:47.778000,STR,12.0,0 days 00:01:42.834000,SOFT,12.0,1.0,1,0 days 01:15:46.098000,,102.834,2025,Bahrain
0 days 01:17:45.535000,STR,13.0,0 days 00:01:57.757000,MEDIUM,1.0,2.0,1,,0 days 01:16:10.701000,117.757,2025,Bahrain
0 days 01:19:24.559000,STR,14.0,0 days 00:01:39.024000,MEDIUM,2.0,2.0,1,,,99.024,2025,Bahrain
0 days 01:21:03.934000,STR,15.0,0 days 00:01:39.375000,MEDIUM,3.0,2.0,1,,,99.375,2025,Bahrain
0 days 01:22:43.027000,STR,16.0,0 days 00:01:39.093000,MEDIUM,4.0,2.0,1,,,99.093,2025,Bahrain
0 days 01:24:22.726000,STR,17.0,0 days 00:01:39.699000,MEDIUM,5.0,2.0,1,,,99.699,2025,Bahrain
0 days 01:26:01.985000,STR,18.0,0 days 00:01:39.259000,MEDIUM,6.0,2.0,1,,,99.259,2025,Bahrain
0 days 01:27:41.500000,STR,19.0,0 days 00:01:39.515000,MEDIUM,7.0,2.0,1,,,99.515,2025,Bahrain
0 days 01:29:20.167000,STR,20.0,0 days 00:01:38.667000,MEDIUM,8.0,2.0,1,,,98.667,2025,Bahrain
0 days 01:30:59.393000,STR,21.0,0 days 00:01:39.226000,MEDIUM,9.0,2.0,1,,,99.226,2025,Bahrain
0 days 01:32:38.484000,STR,22.0,0 days 00:01:39.091000,MEDIUM,10.0,2.0,1,,,99.091,2025,Bahrain
0 days 01:34:17.627000,STR,23.0,0 days 00:01:39.143000,MEDIUM,11.0,2.0,1,,,99.143,2025,Bahrain
0 days 01:35:56.554000,STR,24.0,0 days 00:01:38.927000,MEDIUM,12.0,2.0,1,,,98.927,2025,Bahrain
0 days 01:37:36.012000,STR,25.0,0 days 00:01:39.458000,MEDIUM,13.0,2.0,1,,,99.458,2025,Bahrain
0 days 01:39:15.277000,STR,26.0,0 days 00:01:39.265000,MEDIUM,14.0,2.0,1,,,99.265,2025,Bahrain
0 days 01:40:54.734000,STR,27.0,0 days 00:01:39.457000,MEDIUM,15.0,2.0,1,,,99.457,2025,Bahrain
0 days 01:42:35.017000,STR,28.0,0 days 00:01:40.283000,MEDIUM,16.0,2.0,1,,,100.283,2025,Bahrain
0 days 01:44:14.753000,STR,29.0,0 days 00:01:39.736000,MEDIUM,17.0,2.0,1,,,99.736,2025,Bahrain
0 days 01:45:54.788000,STR,30.0,0 days 00:01:40.035000,MEDIUM,18.0,2.0,1,,,100.035,2025,Bahrain
0 days 01:47:34.175000,STR,31.0,0 days 00:01:39.387000,MEDIUM,19.0,2.0,1,,,99.387,2025,Bahrain
0 days 01:49:44.918000,STR,32.0,0 days 00:02:10.743000,MEDIUM,20.0,2.0,14,0 days 01:49:43.251000,,130.743,2025,Bahrain
0 days 01:52:17.571000,STR,33.0,,HARD,1.0,3.0,4,,0 days 01:50:07.742000,,2025,Bahrain
0 days 01:54:08.693000,STR,34.0,0 days 00:01:51.122000,HARD,2.0,3.0,4,,,111.122,2025,Bahrain
0 days 01:56:07.623000,STR,35.0,0 days 00:01:58.930000,HARD,3.0,3.0,41,,,118.93,2025,Bahrain
0 days 01:57:47.641000,STR,36.0,0 days 00:01:40.018000,HARD,4.0,3.0,1,,,100.018,2025,Bahrain
0 days 01:59:26.247000,STR,37.0,0 days 00:01:38.606000,HARD,5.0,3.0,1,,,98.606,2025,Bahrain
0 days 02:01:04.311000,STR,38.0,0 days 00:01:38.064000,HARD,6.0,3.0,1,,,98.064,2025,Bahrain
0 days 02:02:42.640000,STR,39.0,0 days 00:01:38.329000,HARD,7.0,3.0,1,,,98.329,2025,Bahrain
0 days 02:04:21.015000,STR,40.0,0 days 00:01:38.375000,HARD,8.0,3.0,1,,,98.375,2025,Bahrain
0 days 02:05:59.670000,STR,41.0,0 days 00:01:38.655000,HARD,9.0,3.0,1,,,98.655,2025,Bahrain
0 days 02:07:38.207000,STR,42.0,0 days 00:01:38.537000,HARD,10.0,3.0,1,,,98.537,2025,Bahrain
0 days 02:09:17.103000,STR,43.0,0 days 00:01:38.896000,HARD,11.0,3.0,1,,,98.896,2025,Bahrain
0 days 02:10:57.358000,STR,44.0,0 days 00:01:40.255000,HARD,12.0,3.0,1,,,100.255,2025,Bahrain
0 days 02:12:35.638000,STR,45.0,0 days 00:01:38.280000,HARD,13.0,3.0,1,,,98.28,2025,Bahrain
0 days 02:14:13.933000,STR,46.0,0 days 00:01:38.295000,HARD,14.0,3.0,1,,,98.295,2025,Bahrain
0 days 02:15:52.285000,STR,47.0,0 days 00:01:38.352000,HARD,15.0,3.0,1,,,98.352,2025,Bahrain
0 days 02:17:30.698000,STR,48.0,0 days 00:01:38.413000,HARD,16.0,3.0,1,,,98.413,2025,Bahrain
0 days 02:19:09.346000,STR,49.0,0 days 00:01:38.648000,HARD,17.0,3.0,1,,,98.648,2025,Bahrain
0 days 02:20:48.071000,STR,50.0,0 days 00:01:38.725000,HARD,18.0,3.0,1,,,98.725,2025,Bahrain
0 days 02:22:26.698000,STR,51.0,0 days 00:01:38.627000,HARD,19.0,3.0,1,,,98.627,2025,Bahrain
0 days 02:24:05.392000,STR,52.0,0 days 00:01:38.694000,HARD,20.0,3.0,1,,,98.694,2025,Bahrain
0 days 02:25:44.188000,STR,53.0,0 days 00:01:38.796000,HARD,21.0,3.0,1,,,98.796,2025,Bahrain
0 days 02:27:23.022000,STR,54.0,0 days 00:01:38.834000,HARD,22.0,3.0,1,,,98.834,2025,Bahrain
0 days 02:29:02.086000,STR,55.0,0 days 00:01:39.064000,HARD,23.0,3.0,1,,,99.064,2025,Bahrain
0 days 02:30:41.111000,STR,56.0,0 days 00:01:39.025000,HARD,24.0,3.0,1,,,99.025,2025,Bahrain
0 days 02:32:20.091000,STR,57.0,0 days 00:01:38.980000,HARD,25.0,3.0,1,,,98.98,2025,Bahrain
0 days 00:57:24.441000,BOR,1.0,0 days 00:01:49.307000,MEDIUM,1.0,1.0,1,,,109.307,2025,Bahrain
0 days 00:59:04.891000,BOR,2.0,0 days 00:01:40.450000,MEDIUM,2.0,1.0,1,,,100.45,2025,Bahrain
0 days 01:00:44.791000,BOR,3.0,0 days 00:01:39.900000,MEDIUM,3.0,1.0,1,,,99.9,2025,Bahrain
0 days 01:02:24.870000,BOR,4.0,0 days 00:01:40.079000,MEDIUM,4.0,1.0,1,,,100.079,2025,Bahrain
0 days 01:04:05.596000,BOR,5.0,0 days 00:01:40.726000,MEDIUM,5.0,1.0,1,,,100.726,2025,Bahrain
0 days 01:05:45.549000,BOR,6.0,0 days 00:01:39.953000,MEDIUM,6.0,1.0,1,,,99.953,2025,Bahrain
0 days 01:07:25.321000,BOR,7.0,0 days 00:01:39.772000,MEDIUM,7.0,1.0,1,,,99.772,2025,Bahrain
0 days 01:09:05.452000,BOR,8.0,0 days 00:01:40.131000,MEDIUM,8.0,1.0,1,,,100.131,2025,Bahrain
0 days 01:10:45.777000,BOR,9.0,0 days 00:01:40.325000,MEDIUM,9.0,1.0,1,,,100.325,2025,Bahrain
0 days 01:12:26.089000,BOR,10.0,0 days 00:01:40.312000,MEDIUM,10.0,1.0,1,,,100.312,2025,Bahrain
0 days 01:14:06.337000,BOR,11.0,0 days 00:01:40.248000,MEDIUM,11.0,1.0,1,,,100.248,2025,Bahrain
0 days 01:15:47.240000,BOR,12.0,0 days 00:01:40.903000,MEDIUM,12.0,1.0,1,,,100.903,2025,Bahrain
0 days 01:17:30.233000,BOR,13.0,0 days 00:01:42.993000,MEDIUM,13.0,1.0,1,0 days 01:17:28.545000,,102.993,2025,Bahrain
0 days 01:19:29.307000,BOR,14.0,0 days 00:01:59.074000,HARD,1.0,2.0,1,,0 days 01:17:52.614000,119.074,2025,Bahrain
0 days 01:21:08.562000,BOR,15.0,0 days 00:01:39.255000,HARD,2.0,2.0,1,,,99.255,2025,Bahrain
0 days 01:22:47.018000,BOR,16.0,0 days 00:01:38.456000,HARD,3.0,2.0,1,,,98.456,2025,Bahrain
0 days 01:24:26.280000,BOR,17.0,0 days 00:01:39.262000,HARD,4.0,2.0,1,,,99.262,2025,Bahrain
0 days 01:26:05.545000,BOR,18.0,0 days 00:01:39.265000,HARD,5.0,2.0,1,,,99.265,2025,Bahrain
0 days 01:27:44.498000,BOR,19.0,0 days 00:01:38.953000,HARD,6.0,2.0,1,,,98.953,2025,Bahrain
0 days 01:29:23.262000,BOR,20.0,0 days 00:01:38.764000,HARD,7.0,2.0,1,,,98.764,2025,Bahrain
0 days 01:31:02.582000,BOR,21.0,0 days 00:01:39.320000,HARD,8.0,2.0,1,,,99.32,2025,Bahrain
0 days 01:32:41.749000,BOR,22.0,0 days 00:01:39.167000,HARD,9.0,2.0,1,,,99.167,2025,Bahrain
0 days 01:34:21.001000,BOR,23.0,0 days 00:01:39.252000,HARD,10.0,2.0,1,,,99.252,2025,Bahrain
0 days 01:36:00.788000,BOR,24.0,0 days 00:01:39.787000,HARD,11.0,2.0,1,,,99.787,2025,Bahrain
0 days 01:37:40.146000,BOR,25.0,0 days 00:01:39.358000,HARD,12.0,2.0,1,,,99.358,2025,Bahrain
0 days 01:39:19.911000,BOR,26.0,0 days 00:01:39.765000,HARD,13.0,2.0,1,,,99.765,2025,Bahrain
0 days 01:41:00.230000,BOR,27.0,0 days 00:01:40.319000,HARD,14.0,2.0,1,,,100.319,2025,Bahrain
0 days 01:42:40.100000,BOR,28.0,0 days 00:01:39.870000,HARD,15.0,2.0,1,,,99.87,2025,Bahrain
0 days 01:44:19.953000,BOR,29.0,0 days 00:01:39.853000,HARD,16.0,2.0,1,,,99.853,2025,Bahrain
0 days 01:45:59.833000,BOR,30.0,0 days 00:01:39.880000,HARD,17.0,2.0,1,,,99.88,2025,Bahrain
0 days 01:47:39.762000,BOR,31.0,0 days 00:01:39.929000,HARD,18.0,2.0,1,,,99.929,2025,Bahrain
0 days 01:49:52.419000,BOR,32.0,0 days 00:02:12.657000,HARD,19.0,2.0,14,0 days 01:49:50.777000,,132.657,2025,Bahrain
0 days 01:52:24.362000,BOR,33.0,,MEDIUM,1.0,3.0,4,,0 days 01:50:16.083000,,2025,Bahrain
0 days 01:54:10.838000,BOR,34.0,0 days 00:01:46.476000,MEDIUM,2.0,3.0,4,,,106.476,2025,Bahrain
0 days 01:56:07.669000,BOR,35.0,0 days 00:01:56.831000,MEDIUM,3.0,3.0,41,,,116.831,2025,Bahrain
0 days 01:57:48.117000,BOR,36.0,0 days 00:01:40.448000,MEDIUM,4.0,3.0,1,,,100.448,2025,Bahrain
0 days 01:59:26.818000,BOR,37.0,0 days 00:01:38.701000,MEDIUM,5.0,3.0,1,,,98.701,2025,Bahrain
0 days 02:01:04.824000,BOR,38.0,0 days 00:01:38.006000,MEDIUM,6.0,3.0,1,,,98.006,2025,Bahrain
0 days 02:02:43.257000,BOR,39.0,0 days 00:01:38.433000,MEDIUM,7.0,3.0,1,,,98.433,2025,Bahrain
0 days 02:04:21.568000,BOR,40.0,0 days 00:01:38.311000,MEDIUM,8.0,3.0,1,,,98.311,2025,Bahrain
0 days 02:06:00.326000,BOR,41.0,0 days 00:01:38.758000,MEDIUM,9.0,3.0,1,,,98.758,2025,Bahrain
0 days 02:07:38.816000,BOR,42.0,0 days 00:01:38.490000,MEDIUM,10.0,3.0,1,,,98.49,2025,Bahrain
0 days 02:09:17.735000,BOR,43.0,0 days 00:01:38.919000,MEDIUM,11.0,3.0,1,,,98.919,2025,Bahrain
0 days 02:10:57.944000,BOR,44.0,0 days 00:01:40.209000,MEDIUM,12.0,3.0,1,,,100.209,2025,Bahrain
0 days 02:12:36.498000,BOR,45.0,0 days 00:01:38.554000,MEDIUM,13.0,3.0,1,,,98.554,2025,Bahrain
0 days 02:14:14.649000,BOR,46.0,0 days 00:01:38.151000,MEDIUM,14.0,3.0,1,,,98.151,2025,Bahrain
0 days 02:15:53.119000,BOR,47.0,0 days 00:01:38.470000,MEDIUM,15.0,3.0,1,,,98.47,2025,Bahrain
0 days 02:17:31.702000,BOR,48.0,0 days 00:01:38.583000,MEDIUM,16.0,3.0,1,,,98.583,2025,Bahrain
0 days 02:19:10.282000,BOR,49.0,0 days 00:01:38.580000,MEDIUM,17.0,3.0,1,,,98.58,2025,Bahrain
0 days 02:20:48.874000,BOR,50.0,0 days 00:01:38.592000,MEDIUM,18.0,3.0,1,,,98.592,2025,Bahrain
0 days 02:22:27.580000,BOR,51.0,0 days 00:01:38.706000,MEDIUM,19.0,3.0,1,,,98.706,2025,Bahrain
0 days 02:24:06.131000,BOR,52.0,0 days 00:01:38.551000,MEDIUM,20.0,3.0,1,,,98.551,2025,Bahrain
0 days 02:25:45.104000,BOR,53.0,0 days 00:01:38.973000,MEDIUM,21.0,3.0,1,,,98.973,2025,Bahrain
0 days 02:27:24.040000,BOR,54.0,0 days 00:01:38.936000,MEDIUM,22.0,3.0,1,,,98.936,2025,Bahrain
0 days 02:29:03.041000,BOR,55.0,0 days 00:01:39.001000,MEDIUM,23.0,3.0,1,,,99.001,2025,Bahrain
0 days 02:30:42.422000,BOR,56.0,0 days 00:01:39.381000,MEDIUM,24.0,3.0,1,,,99.381,2025,Bahrain
0 days 02:32:21.485000,BOR,57.0,0 days 00:01:39.063000,MEDIUM,25.0,3.0,1,,,99.063,2025,Bahrain
0 days 00:57:17.904000,SAI,1.0,0 days 00:01:42.770000,SOFT,4.0,1.0,1,,,102.77,2025,Bahrain
0 days 00:58:56.089000,SAI,2.0,0 days 00:01:38.185000,SOFT,5.0,1.0,1,,,98.185,2025,Bahrain
0 days 01:00:34.478000,SAI,3.0,0 days 00:01:38.389000,SOFT,6.0,1.0,1,,,98.389,2025,Bahrain
0 days 01:02:13.098000,SAI,4.0,0 days 00:01:38.620000,SOFT,7.0,1.0,1,,,98.62,2025,Bahrain
0 days 01:03:54.119000,SAI,5.0,0 days 00:01:41.021000,SOFT,8.0,1.0,1,,,101.021,2025,Bahrain
0 days 01:05:33.142000,SAI,6.0,0 days 00:01:39.023000,SOFT,9.0,1.0,1,,,99.023,2025,Bahrain
0 days 01:07:12.472000,SAI,7.0,0 days 00:01:39.330000,SOFT,10.0,1.0,1,,,99.33,2025,Bahrain
0 days 01:08:52.378000,SAI,8.0,0 days 00:01:39.906000,SOFT,11.0,1.0,1,,,99.906,2025,Bahrain
0 days 01:10:35.273000,SAI,9.0,0 days 00:01:42.895000,SOFT,12.0,1.0,1,,,102.895,2025,Bahrain
0 days 01:12:15.437000,SAI,10.0,0 days 00:01:40.164000,SOFT,13.0,1.0,1,,,100.164,2025,Bahrain
0 days 01:13:55.452000,SAI,11.0,0 days 00:01:40.015000,SOFT,14.0,1.0,1,,,100.015,2025,Bahrain
0 days 01:15:35.702000,SAI,12.0,0 days 00:01:40.250000,SOFT,15.0,1.0,1,,,100.25,2025,Bahrain
0 days 01:17:15.979000,SAI,13.0,0 days 00:01:40.277000,SOFT,16.0,1.0,1,,,100.277,2025,Bahrain
0 days 01:18:58.887000,SAI,14.0,0 days 00:01:42.908000,SOFT,17.0,1.0,1,0 days 01:18:57.126000,,102.908,2025,Bahrain
0 days 01:20:57.190000,SAI,15.0,0 days 00:01:58.303000,MEDIUM,1.0,2.0,1,,0 days 01:19:21.703000,118.303,2025,Bahrain
0 days 01:22:34.144000,SAI,16.0,0 days 00:01:36.954000,MEDIUM,2.0,2.0,1,,,96.954,2025,Bahrain
0 days 01:24:12.011000,SAI,17.0,0 days 00:01:37.867000,MEDIUM,3.0,2.0,1,,,97.867,2025,Bahrain
0 days 01:25:49.820000,SAI,18.0,0 days 00:01:37.809000,MEDIUM,4.0,2.0,1,,,97.809,2025,Bahrain
0 days 01:27:28.079000,SAI,19.0,0 days 00:01:38.259000,MEDIUM,5.0,2.0,1,,,98.259,2025,Bahrain
0 days 01:29:06.506000,SAI,20.0,0 days 00:01:38.427000,MEDIUM,6.0,2.0,1,,,98.427,2025,Bahrain
0 days 01:30:45.224000,SAI,21.0,0 days 00:01:38.718000,MEDIUM,7.0,2.0,1,,,98.718,2025,Bahrain
0 days 01:32:23.779000,SAI,22.0,0 days 00:01:38.555000,MEDIUM,8.0,2.0,1,,,98.555,2025,Bahrain
0 days 01:34:02.410000,SAI,23.0,0 days 00:01:38.631000,MEDIUM,9.0,2.0,1,,,98.631,2025,Bahrain
0 days 01:35:41.192000,SAI,24.0,0 days 00:01:38.782000,MEDIUM,10.0,2.0,1,,,98.782,2025,Bahrain
0 days 01:37:20.260000,SAI,25.0,0 days 00:01:39.068000,MEDIUM,11.0,2.0,1,,,99.068,2025,Bahrain
0 days 01:38:59.472000,SAI,26.0,0 days 00:01:39.212000,MEDIUM,12.0,2.0,1,,,99.212,2025,Bahrain
0 days 01:40:38.774000,SAI,27.0,0 days 00:01:39.302000,MEDIUM,13.0,2.0,1,,,99.302,2025,Bahrain
0 days 01:42:18.010000,SAI,28.0,0 days 00:01:39.236000,MEDIUM,14.0,2.0,1,,,99.236,2025,Bahrain
0 days 01:43:56.808000,SAI,29.0,0 days 00:01:38.798000,MEDIUM,15.0,2.0,1,,,98.798,2025,Bahrain
0 days 01:45:36.088000,SAI,30.0,0 days 00:01:39.280000,MEDIUM,16.0,2.0,1,,,99.28,2025,Bahrain
0 days 01:47:16.573000,SAI,31.0,0 days 00:01:40.485000,MEDIUM,17.0,2.0,1,,,100.485,2025,Bahrain
0 days 01:49:19.644000,SAI,32.0,0 days 00:02:03.071000,MEDIUM,18.0,2.0,14,0 days 01:49:17.919000,,123.071,2025,Bahrain
0 days 01:51:51.427000,SAI,33.0,,HARD,1.0,3.0,4,,0 days 01:49:42.374000,,2025,Bahrain
0 days 01:53:47.290000,SAI,34.0,0 days 00:01:55.863000,HARD,2.0,3.0,4,,,115.863,2025,Bahrain
0 days 01:56:03.753000,SAI,35.0,0 days 00:02:16.463000,HARD,3.0,3.0,41,,,136.463,2025,Bahrain
0 days 01:57:44.586000,SAI,36.0,0 days 00:01:40.833000,HARD,4.0,3.0,1,,,100.833,2025,Bahrain
0 days 01:59:22.418000,SAI,37.0,0 days 00:01:37.832000,HARD,5.0,3.0,1,,,97.832,2025,Bahrain
0 days 02:01:01.042000,SAI,38.0,0 days 00:01:38.624000,HARD,6.0,3.0,1,,,98.624,2025,Bahrain
0 days 02:02:39.334000,SAI,39.0,0 days 00:01:38.292000,HARD,7.0,3.0,1,,,98.292,2025,Bahrain
0 days 02:04:17.788000,SAI,40.0,0 days 00:01:38.454000,HARD,8.0,3.0,1,,,98.454,2025,Bahrain
0 days 02:05:56.203000,SAI,41.0,0 days 00:01:38.415000,HARD,9.0,3.0,1,,,98.415,2025,Bahrain
0 days 02:07:35.939000,SAI,42.0,0 days 00:01:39.736000,HARD,10.0,3.0,1,,,99.736,2025,Bahrain
0 days 02:09:15.546000,SAI,43.0,0 days 00:01:39.607000,HARD,11.0,3.0,1,,,99.607,2025,Bahrain
0 days 02:10:59.417000,SAI,44.0,0 days 00:01:43.871000,HARD,12.0,3.0,1,0 days 02:10:57.722000,,103.871,2025,Bahrain
0 days 02:13:11.767000,SAI,45.0,0 days 00:02:12.350000,SOFT,4.0,4.0,1,0 days 02:13:09.914000,0 days 02:11:34.683000,132.35,2025,Bahrain
0 days 00:57:24.616000,HUL,1.0,0 days 00:01:49.482000,SOFT,1.0,1.0,1,,,109.482,2025,Bahrain
0 days 00:59:05.250000,HUL,2.0,0 days 00:01:40.634000,SOFT,2.0,1.0,1,,,100.634,2025,Bahrain
0 days 01:00:45.269000,HUL,3.0,0 days 00:01:40.019000,SOFT,3.0,1.0,1,,,100.019,2025,Bahrain
0 days 01:02:25.098000,HUL,4.0,0 days 00:01:39.829000,SOFT,4.0,1.0,1,,,99.829,2025,Bahrain
0 days 01:04:07.056000,HUL,5.0,0 days 00:01:41.958000,SOFT,5.0,1.0,1,0 days 01:04:05.488000,,101.958,2025,Bahrain
0 days 01:06:04.680000,HUL,6.0,0 days 00:01:57.624000,MEDIUM,1.0,2.0,1,,0 days 01:04:29.591000,117.624,2025,Bahrain
0 days 01:07:42.630000,HUL,7.0,0 days 00:01:37.950000,MEDIUM,2.0,2.0,1,,,97.95,2025,Bahrain
0 days 01:09:22.041000,HUL,8.0,0 days 00:01:39.411000,MEDIUM,3.0,2.0,1,,,99.411,2025,Bahrain
0 days 01:11:01.288000,HUL,9.0,0 days 00:01:39.247000,MEDIUM,4.0,2.0,1,,,99.247,2025,Bahrain
0 days 01:12:40.547000,HUL,10.0,0 days 00:01:39.259000,MEDIUM,5.0,2.0,1,,,99.259,2025,Bahrain
0 days 01:14:19.803000,HUL,11.0,0 days 00:01:39.256000,MEDIUM,6.0,2.0,1,,,99.256,2025,Bahrain
0 days 01:15:58.953000,HUL,12.0,0 days 00:01:39.150000,MEDIUM,7.0,2.0,1,,,99.15,2025,Bahrain
0 days 01:17:37.990000,HUL,13.0,0 days 00:01:39.037000,MEDIUM,8.0,2.0,1,,,99.037,2025,Bahrain
0 days 01:19:17.462000,HUL,14.0,0 days 00:01:39.472000,MEDIUM,9.0,2.0,1,,,99.472,2025,Bahrain
0 days 01:20:56.851000,HUL,15.0,0 days 00:01:39.389000,MEDIUM,10.0,2.0,1,,,99.389,2025,Bahrain
0 days 01:22:36.796000,HUL,16.0,0 days 00:01:39.945000,MEDIUM,11.0,2.0,1,,,99.945,2025,Bahrain
0 days 01:24:16.679000,HUL,17.0,0 days 00:01:39.883000,MEDIUM,12.0,2.0,1,,,99.883,2025,Bahrain
0 days 01:25:55.951000,HUL,18.0,0 days 00:01:39.272000,MEDIUM,13.0,2.0,1,,,99.272,2025,Bahrain
0 days 01:27:35.353000,HUL,19.0,0 days 00:01:39.402000,MEDIUM,14.0,2.0,1,,,99.402,2025,Bahrain
0 days 01:29:15.125000,HUL,20.0,0 days 00:01:39.772000,MEDIUM,15.0,2.0,1,,,99.772,2025,Bahrain
0 days 01:30:54.650000,HUL,21.0,0 days 00:01:39.525000,MEDIUM,16.0,2.0,1,,,99.525,2025,Bahrain
0 days 01:32:34.040000,HUL,22.0,0 days 00:01:39.390000,MEDIUM,17.0,2.0,1,,,99.39,2025,Bahrain
0 days 01:34:13.502000,HUL,23.0,0 days 00:01:39.462000,MEDIUM,18.0,2.0,1,,,99.462,2025,Bahrain
0 days 01:35:53.023000,HUL,24.0,0 days 00:01:39.521000,MEDIUM,19.0,2.0,1,,,99.521,2025,Bahrain
0 days 01:37:32.623000,HUL,25.0,0 days 00:01:39.600000,MEDIUM,20.0,2.0,1,,,99.6,2025,Bahrain
0 days 01:39:13.144000,HUL,26.0,0 days 00:01:40.521000,MEDIUM,21.0,2.0,1,,,100.521,2025,Bahrain
0 days 01:40:55.605000,HUL,27.0,0 days 00:01:42.461000,MEDIUM,22.0,2.0,1,0 days 01:40:53.992000,,102.461,2025,Bahrain
0 days 01:42:54.417000,HUL,28.0,0 days 00:01:58.812000,MEDIUM,1.0,3.0,1,,0 days 01:41:18.179000,118.812,2025,Bahrain
0 days 01:44:32.170000,HUL,29.0,0 days 00:01:37.753000,MEDIUM,2.0,3.0,1,,,97.753,2025,Bahrain
0 days 01:46:09.508000,HUL,30.0,0 days 00:01:37.338000,MEDIUM,3.0,3.0,1,,,97.338,2025,Bahrain
0 days 01:47:47.266000,HUL,31.0,0 days 00:01:37.758000,MEDIUM,4.0,3.0,1,,,97.758,2025,Bahrain
0 days 01:49:58.573000,HUL,32.0,0 days 00:02:11.307000,MEDIUM,5.0,3.0,14,,,131.307,2025,Bahrain
0 days 01:52:12.603000,HUL,33.0,0 days 00:02:14.030000,MEDIUM,6.0,3.0,4,,,134.03,2025,Bahrain
0 days 01:54:04.721000,HUL,34.0,0 days 00:01:52.118000,MEDIUM,7.0,3.0,4,,,112.118,2025,Bahrain
0 days 01:56:06.476000,HUL,35.0,0 days 00:02:01.755000,MEDIUM,8.0,3.0,41,,,121.755,2025,Bahrain
0 days 01:57:45.419000,HUL,36.0,0 days 00:01:38.943000,MEDIUM,9.0,3.0,1,,,98.943,2025,Bahrain
0 days 01:59:23.569000,HUL,37.0,0 days 00:01:38.150000,MEDIUM,10.0,3.0,1,,,98.15,2025,Bahrain
0 days 02:01:01.479000,HUL,38.0,0 days 00:01:37.910000,MEDIUM,11.0,3.0,1,,,97.91,2025,Bahrain
0 days 02:02:39.755000,HUL,39.0,0 days 00:01:38.276000,MEDIUM,12.0,3.0,1,,,98.276,2025,Bahrain
0 days 02:04:18.417000,HUL,40.0,0 days 00:01:38.662000,MEDIUM,13.0,3.0,1,,,98.662,2025,Bahrain
0 days 02:05:57.536000,HUL,41.0,0 days 00:01:39.119000,MEDIUM,14.0,3.0,1,,,99.119,2025,Bahrain
0 days 02:07:36.214000,HUL,42.0,0 days 00:01:38.678000,MEDIUM,15.0,3.0,1,,,98.678,2025,Bahrain
0 days 02:09:13.673000,HUL,43.0,0 days 00:01:37.459000,MEDIUM,16.0,3.0,1,,,97.459,2025,Bahrain
0 days 02:10:51.512000,HUL,44.0,0 days 00:01:37.839000,MEDIUM,17.0,3.0,1,,,97.839,2025,Bahrain
0 days 02:12:29.436000,HUL,45.0,0 days 00:01:37.924000,MEDIUM,18.0,3.0,1,,,97.924,2025,Bahrain
0 days 02:14:07.046000,HUL,46.0,0 days 00:01:37.610000,MEDIUM,19.0,3.0,1,,,97.61,2025,Bahrain
0 days 02:15:44.971000,HUL,47.0,0 days 00:01:37.925000,MEDIUM,20.0,3.0,1,,,97.925,2025,Bahrain
0 days 02:17:23.121000,HUL,48.0,0 days 00:01:38.150000,MEDIUM,21.0,3.0,1,,,98.15,2025,Bahrain
0 days 02:19:01.135000,HUL,49.0,0 days 00:01:38.014000,MEDIUM,22.0,3.0,1,,,98.014,2025,Bahrain
0 days 02:20:39.021000,HUL,50.0,0 days 00:01:37.886000,MEDIUM,23.0,3.0,1,,,97.886,2025,Bahrain
0 days 02:22:17.013000,HUL,51.0,0 days 00:01:37.992000,MEDIUM,24.0,3.0,1,,,97.992,2025,Bahrain
0 days 02:23:55.038000,HUL,52.0,0 days 00:01:38.025000,MEDIUM,25.0,3.0,1,,,98.025,2025,Bahrain
0 days 02:25:33.298000,HUL,53.0,0 days 00:01:38.260000,MEDIUM,26.0,3.0,1,,,98.26,2025,Bahrain
0 days 02:27:11.796000,HUL,54.0,0 days 00:01:38.498000,MEDIUM,27.0,3.0,1,,,98.498,2025,Bahrain
0 days 02:28:50.220000,HUL,55.0,0 days 00:01:38.424000,MEDIUM,28.0,3.0,1,,,98.424,2025,Bahrain
0 days 02:30:29.218000,HUL,56.0,0 days 00:01:38.998000,MEDIUM,29.0,3.0,1,,,98.998,2025,Bahrain
0 days 02:32:08.041000,HUL,57.0,0 days 00:01:38.823000,MEDIUM,30.0,3.0,1,,,98.823,2025,Bahrain
0 days 00:58:51.257000,VER,1.0,0 days 00:01:35.669000,nan,,,12,,,95.669,2025,Miami
0 days 01:00:42.385000,VER,2.0,0 days 00:01:51.128000,nan,,,126,,,111.128,2025,Miami
0 days 01:02:48.331000,VER,3.0,0 days 00:02:05.946000,nan,,,671,,,125.946,2025,Miami
0 days 01:04:20.900000,VER,4.0,0 days 00:01:32.569000,nan,,,1,,,92.569,2025,Miami
0 days 01:05:53.033000,VER,5.0,0 days 00:01:32.133000,nan,,,1,,,92.133,2025,Miami
0 days 01:07:25.129000,VER,6.0,0 days 00:01:32.096000,nan,,,1,,,92.096,2025,Miami
0 days 01:08:57.212000,VER,7.0,0 days 00:01:32.083000,nan,,,1,,,92.083,2025,Miami
0 days 01:10:29.795000,VER,8.0,0 days 00:01:32.583000,nan,,,1,,,92.583,2025,Miami
0 days 01:12:02.201000,VER,9.0,0 days 00:01:32.406000,nan,,,1,,,92.406,2025,Miami
0 days 01:13:34.593000,VER,10.0,0 days 00:01:32.392000,nan,,,1,,,92.392,2025,Miami
0 days 01:15:07.188000,VER,11.0,0 days 00:01:32.595000,nan,,,1,,,92.595,2025,Miami
0 days 01:16:39.424000,VER,12.0,0 days 00:01:32.236000,nan,,,1,,,92.236,2025,Miami
0 days 01:18:11.696000,VER,13.0,0 days 00:01:32.272000,nan,,,1,,,92.272,2025,Miami
0 days 01:19:46.423000,VER,14.0,0 days 00:01:34.727000,nan,,,1,,,94.727,2025,Miami
0 days 01:21:20.159000,VER,15.0,0 days 00:01:33.736000,nan,,,1,,,93.736,2025,Miami
0 days 01:22:53.337000,VER,16.0,0 days 00:01:33.178000,nan,,,1,,,93.178,2025,Miami
0 days 01:24:28.194000,VER,17.0,0 days 00:01:34.857000,nan,,,1,,,94.857,2025,Miami
0 days 01:26:01.447000,VER,18.0,0 days 00:01:33.253000,nan,,,1,,,93.253,2025,Miami
0 days 01:27:34.271000,VER,19.0,0 days 00:01:32.824000,nan,,,1,,,92.824,2025,Miami
0 days 01:29:07.555000,VER,20.0,0 days 00:01:33.284000,nan,,,1,,,93.284,2025,Miami
0 days 01:30:40.248000,VER,21.0,0 days 00:01:32.693000,nan,,,1,,,92.693,2025,Miami
0 days 01:32:12.720000,VER,22.0,0 days 00:01:32.472000,nan,,,1,,,92.472,2025,Miami
0 days 01:33:45.356000,VER,23.0,0 days 00:01:32.636000,nan,,,1,,,92.636,2025,Miami
0 days 01:35:17.796000,VER,24.0,0 days 00:01:32.440000,nan,,,1,,,92.44,2025,Miami
0 days 01:36:50.319000,VER,25.0,0 days 00:01:32.523000,MEDIUM,1.0,1.0,1,,,92.523,2025,Miami
0 days 01:38:27.254000,VER,26.0,0 days 00:01:36.935000,MEDIUM,2.0,1.0,1,0 days 01:38:21.934000,,96.935,2025,Miami
0 days 01:40:12.765000,VER,27.0,0 days 00:01:45.511000,MEDIUM,3.0,1.0,1,,0 days 01:38:44.374000,105.511,2025,Miami
0 days 01:41:49.377000,VER,28.0,0 days 00:01:36.612000,MEDIUM,4.0,1.0,16,,,96.612,2025,Miami
0 days 01:43:54.081000,VER,29.0,0 days 00:02:04.704000,MEDIUM,5.0,1.0,67,,,124.704,2025,Miami
0 days 01:45:25.980000,VER,30.0,0 days 00:01:31.899000,MEDIUM,6.0,1.0,71,,,91.899,2025,Miami
0 days 01:46:57.005000,VER,31.0,0 days 00:01:31.025000,MEDIUM,7.0,1.0,1,,,91.025,2025,Miami
0 days 01:48:28.786000,VER,32.0,0 days 00:01:31.781000,MEDIUM,8.0,1.0,1,,,91.781,2025,Miami
0 days 01:50:27.863000,VER,33.0,0 days 00:01:59.077000,HARD,1.0,2.0,167,,,119.077,2025,Miami
0 days 01:51:58.742000,VER,34.0,0 days 00:01:30.879000,HARD,2.0,2.0,1,,,90.879,2025,Miami
0 days 01:53:29.422000,VER,35.0,0 days 00:01:30.680000,HARD,3.0,2.0,1,,,90.68,2025,Miami
0 days 01:55:00.251000,VER,36.0,0 days 00:01:30.829000,HARD,4.0,2.0,1,,,90.829,2025,Miami
0 days 01:56:31.002000,VER,37.0,0 days 00:01:30.751000,HARD,5.0,2.0,1,,,90.751,2025,Miami
0 days 01:58:01.994000,VER,38.0,0 days 00:01:30.992000,HARD,6.0,2.0,1,,,90.992,2025,Miami
0 days 01:59:32.787000,VER,39.0,0 days 00:01:30.793000,HARD,7.0,2.0,1,,,90.793,2025,Miami
0 days 02:01:03.530000,VER,40.0,0 days 00:01:30.743000,HARD,8.0,2.0,1,,,90.743,2025,Miami
0 days 02:02:33.996000,VER,41.0,0 days 00:01:30.466000,HARD,9.0,2.0,1,,,90.466,2025,Miami
0 days 02:04:04.681000,VER,42.0,0 days 00:01:30.685000,HARD,10.0,2.0,1,,,90.685,2025,Miami
0 days 02:05:35.456000,VER,43.0,0 days 00:01:30.775000,HARD,11.0,2.0,1,,,90.775,2025,Miami
0 days 02:07:06.278000,VER,44.0,0 days 00:01:30.822000,HARD,12.0,2.0,1,,,90.822,2025,Miami
0 days 02:08:36.921000,VER,45.0,0 days 00:01:30.643000,HARD,13.0,2.0,1,,,90.643,2025,Miami
0 days 02:10:07.898000,VER,46.0,0 days 00:01:30.977000,HARD,14.0,2.0,1,,,90.977,2025,Miami
0 days 02:11:39.034000,VER,47.0,0 days 00:01:31.136000,HARD,15.0,2.0,1,,,91.136,2025,Miami
0 days 02:13:09.913000,VER,48.0,0 days 00:01:30.879000,HARD,16.0,2.0,1,,,90.879,2025,Miami
0 days 02:14:40.503000,VER,49.0,0 days 00:01:30.590000,HARD,17.0,2.0,1,,,90.59,2025,Miami
0 days 02:16:11.171000,VER,50.0,0 days 00:01:30.668000,HARD,18.0,2.0,1,,,90.668,2025,Miami
0 days 02:17:41.705000,VER,51.0,0 days 00:01:30.534000,HARD,19.0,2.0,1,,,90.534,2025,Miami
0 days 02:19:12.478000,VER,52.0,0 days 00:01:30.773000,HARD,20.0,2.0,1,,,90.773,2025,Miami
0 days 02:20:43.365000,VER,53.0,0 days 00:01:30.887000,HARD,21.0,2.0,1,,,90.887,2025,Miami
0 days 02:22:14.971000,VER,54.0,0 days 00:01:31.606000,HARD,22.0,2.0,1,,,91.606,2025,Miami
0 days 02:23:45.494000,VER,55.0,0 days 00:01:30.523000,HARD,23.0,2.0,1,,,90.523,2025,Miami
0 days 02:25:16.145000,VER,56.0,0 days 00:01:30.651000,HARD,24.0,2.0,1,,,90.651,2025,Miami
0 days 02:26:47.131000,VER,57.0,0 days 00:01:30.986000,HARD,25.0,2.0,1,,,90.986,2025,Miami
0 days 00:59:01.062000,GAS,1.0,0 days 00:01:45.474000,nan,,,12,,0 days 00:57:24.733000,105.474,2025,Miami
0 days 01:01:06.766000,GAS,2.0,0 days 00:02:05.704000,nan,,,126,,,125.704,2025,Miami
0 days 01:03:02.499000,GAS,3.0,0 days 00:01:55.733000,nan,,,671,,,115.733,2025,Miami
0 days 01:04:36.553000,GAS,4.0,0 days 00:01:34.054000,nan,,,1,,,94.054,2025,Miami
0 days 01:06:10.676000,GAS,5.0,0 days 00:01:34.123000,nan,,,1,,,94.123,2025,Miami
0 days 01:07:44.971000,GAS,6.0,0 days 00:01:34.295000,nan,,,1,,,94.295,2025,Miami
0 days 01:09:18.990000,GAS,7.0,0 days 00:01:34.019000,nan,,,1,,,94.019,2025,Miami
0 days 01:10:53.077000,GAS,8.0,0 days 00:01:34.087000,nan,,,1,,,94.087,2025,Miami
0 days 01:12:26.804000,GAS,9.0,0 days 00:01:33.727000,nan,,,1,,,93.727,2025,Miami
0 days 01:14:00.234000,GAS,10.0,0 days 00:01:33.430000,nan,,,1,,,93.43,2025,Miami
0 days 01:15:33.487000,GAS,11.0,0 days 00:01:33.253000,nan,,,1,,,93.253,2025,Miami
0 days 01:17:06.731000,GAS,12.0,0 days 00:01:33.244000,nan,,,1,,,93.244,2025,Miami
0 days 01:18:39.844000,GAS,13.0,0 days 00:01:33.113000,nan,,,1,,,93.113,2025,Miami
0 days 01:20:13.153000,GAS,14.0,0 days 00:01:33.309000,nan,,,1,,,93.309,2025,Miami
0 days 01:21:46.928000,GAS,15.0,0 days 00:01:33.775000,nan,,,1,,,93.775,2025,Miami
0 days 01:23:20.318000,GAS,16.0,0 days 00:01:33.390000,nan,,,1,,,93.39,2025,Miami
0 days 01:24:53.796000,GAS,17.0,0 days 00:01:33.478000,nan,,,1,,,93.478,2025,Miami
0 days 01:26:27.324000,GAS,18.0,0 days 00:01:33.528000,nan,,,1,,,93.528,2025,Miami
0 days 01:28:00.887000,GAS,19.0,0 days 00:01:33.563000,nan,,,1,,,93.563,2025,Miami
0 days 01:29:34.328000,GAS,20.0,0 days 00:01:33.441000,nan,,,1,,,93.441,2025,Miami
0 days 01:31:07.471000,GAS,21.0,0 days 00:01:33.143000,nan,,,1,,,93.143,2025,Miami
0 days 01:32:40.496000,GAS,22.0,0 days 00:01:33.025000,nan,,,1,,,93.025,2025,Miami
0 days 01:34:13.294000,GAS,23.0,0 days 00:01:32.798000,nan,,,1,,,92.798,2025,Miami
0 days 01:35:46.125000,GAS,24.0,0 days 00:01:32.831000,HARD,1.0,1.0,1,,,92.831,2025,Miami
0 days 01:37:18.978000,GAS,25.0,0 days 00:01:32.853000,HARD,2.0,1.0,1,,,92.853,2025,Miami
0 days 01:38:53.337000,GAS,26.0,0 days 00:01:34.359000,HARD,3.0,1.0,1,,,94.359,2025,Miami
0 days 01:40:26.107000,GAS,27.0,0 days 00:01:32.770000,HARD,4.0,1.0,1,,,92.77,2025,Miami
0 days 01:42:07.338000,GAS,28.0,0 days 00:01:41.231000,HARD,5.0,1.0,16,,,101.231,2025,Miami
0 days 01:44:10.162000,GAS,29.0,0 days 00:02:02.824000,HARD,6.0,1.0,671,,,122.824,2025,Miami
0 days 01:45:43.334000,GAS,30.0,0 days 00:01:33.172000,HARD,7.0,1.0,1,,,93.172,2025,Miami
0 days 01:47:15.857000,GAS,31.0,0 days 00:01:32.523000,HARD,8.0,1.0,1,,,92.523,2025,Miami
0 days 01:48:54.427000,GAS,32.0,0 days 00:01:38.570000,HARD,9.0,1.0,16,0 days 01:48:49.016000,,98.57,2025,Miami
0 days 01:50:57.799000,GAS,33.0,0 days 00:02:03.372000,MEDIUM,1.0,2.0,671,,0 days 01:49:11.105000,123.372,2025,Miami
0 days 01:52:29.171000,GAS,34.0,0 days 00:01:31.372000,MEDIUM,2.0,2.0,1,,,91.372,2025,Miami
0 days 01:54:00.330000,GAS,35.0,0 days 00:01:31.159000,MEDIUM,3.0,2.0,1,,,91.159,2025,Miami
0 days 01:55:31.863000,GAS,36.0,0 days 00:01:31.533000,MEDIUM,4.0,2.0,1,,,91.533,2025,Miami
0 days 01:57:03.545000,GAS,37.0,0 days 00:01:31.682000,MEDIUM,5.0,2.0,1,,,91.682,2025,Miami
0 days 01:58:35.187000,GAS,38.0,0 days 00:01:31.642000,MEDIUM,6.0,2.0,1,,,91.642,2025,Miami
0 days 02:00:06.789000,GAS,39.0,0 days 00:01:31.602000,MEDIUM,7.0,2.0,1,,,91.602,2025,Miami
0 days 02:01:38.244000,GAS,40.0,0 days 00:01:31.455000,MEDIUM,8.0,2.0,1,,,91.455,2025,Miami
0 days 02:03:09.881000,GAS,41.0,0 days 00:01:31.637000,MEDIUM,9.0,2.0,1,,,91.637,2025,Miami
0 days 02:04:41.409000,GAS,42.0,0 days 00:01:31.528000,MEDIUM,10.0,2.0,1,,,91.528,2025,Miami
0 days 02:06:12.920000,GAS,43.0,0 days 00:01:31.511000,MEDIUM,11.0,2.0,1,,,91.511,2025,Miami
0 days 02:07:44.363000,GAS,44.0,0 days 00:01:31.443000,MEDIUM,12.0,2.0,1,,,91.443,2025,Miami
0 days 02:09:16.808000,GAS,45.0,0 days 00:01:32.445000,MEDIUM,13.0,2.0,1,,,92.445,2025,Miami
0 days 02:10:48.721000,GAS,46.0,0 days 00:01:31.913000,MEDIUM,14.0,2.0,1,,,91.913,2025,Miami
0 days 02:12:20.159000,GAS,47.0,0 days 00:01:31.438000,MEDIUM,15.0,2.0,1,,,91.438,2025,Miami
0 days 02:13:51.486000,GAS,48.0,0 days 00:01:31.327000,MEDIUM,16.0,2.0,1,,,91.327,2025,Miami
0 days 02:15:22.790000,GAS,49.0,0 days 00:01:31.304000,MEDIUM,17.0,2.0,1,,,91.304,2025,Miami
0 days 02:16:54.181000,GAS,50.0,0 days 00:01:31.391000,MEDIUM,18.0,2.0,1,,,91.391,2025,Miami
0 days 02:18:25.678000,GAS,51.0,0 days 00:01:31.497000,MEDIUM,19.0,2.0,1,,,91.497,2025,Miami
0 days 02:19:57.768000,GAS,52.0,0 days 00:01:32.090000,MEDIUM,20.0,2.0,1,,,92.09,2025,Miami
0 days 02:21:29.716000,GAS,53.0,0 days 00:01:31.948000,MEDIUM,21.0,2.0,1,,,91.948,2025,Miami
0 days 02:23:01.653000,GAS,54.0,0 days 00:01:31.937000,MEDIUM,22.0,2.0,1,,,91.937,2025,Miami
0 days 02:24:33.227000,GAS,55.0,0 days 00:01:31.574000,MEDIUM,23.0,2.0,1,,,91.574,2025,Miami
0 days 02:26:04.746000,GAS,56.0,0 days 00:01:31.519000,MEDIUM,24.0,2.0,1,,,91.519,2025,Miami
0 days 02:27:37.620000,GAS,57.0,0 days 00:01:32.874000,MEDIUM,25.0,2.0,1,,,92.874,2025,Miami
0 days 00:58:52.438000,ANT,1.0,0 days 00:01:36.850000,nan,,,12,,,96.85,2025,Miami
0 days 01:00:44.714000,ANT,2.0,0 days 00:01:52.276000,nan,,,126,,,112.276,2025,Miami
0 days 01:02:49.619000,ANT,3.0,0 days 00:02:04.905000,nan,,,671,,,124.905,2025,Miami
0 days 01:04:22.635000,ANT,4.0,0 days 00:01:33.016000,nan,,,1,,,93.016,2025,Miami
0 days 01:05:55.494000,ANT,5.0,0 days 00:01:32.859000,nan,,,1,,,92.859,2025,Miami
0 days 01:07:28.377000,ANT,6.0,0 days 00:01:32.883000,nan,,,1,,,92.883,2025,Miami
0 days 01:09:01.406000,ANT,7.0,0 days 00:01:33.029000,nan,,,1,,,93.029,2025,Miami
0 days 01:10:34.351000,ANT,8.0,0 days 00:01:32.945000,nan,,,1,,,92.945,2025,Miami
0 days 01:12:08.035000,ANT,9.0,0 days 00:01:33.684000,nan,,,1,,,93.684,2025,Miami
0 days 01:13:41.039000,ANT,10.0,0 days 00:01:33.004000,nan,,,1,,,93.004,2025,Miami
0 days 01:15:13.829000,ANT,11.0,0 days 00:01:32.790000,nan,,,1,,,92.79,2025,Miami
0 days 01:16:46.554000,ANT,12.0,0 days 00:01:32.725000,nan,,,1,,,92.725,2025,Miami
0 days 01:18:19.299000,ANT,13.0,0 days 00:01:32.745000,nan,,,1,,,92.745,2025,Miami
0 days 01:19:51.991000,ANT,14.0,0 days 00:01:32.692000,nan,,,1,,,92.692,2025,Miami
0 days 01:21:24.893000,ANT,15.0,0 days 00:01:32.902000,nan,,,1,,,92.902,2025,Miami
0 days 01:22:57.771000,ANT,16.0,0 days 00:01:32.878000,nan,,,1,,,92.878,2025,Miami
0 days 01:24:30.505000,ANT,17.0,0 days 00:01:32.734000,nan,,,1,,,92.734,2025,Miami
0 days 01:26:03.519000,ANT,18.0,0 days 00:01:33.014000,nan,,,1,,,93.014,2025,Miami
0 days 01:27:36.632000,ANT,19.0,0 days 00:01:33.113000,nan,,,1,,,93.113,2025,Miami
0 days 01:29:09.533000,ANT,20.0,0 days 00:01:32.901000,nan,,,1,,,92.901,2025,Miami
0 days 01:30:42.314000,ANT,21.0,0 days 00:01:32.781000,nan,,,1,,,92.781,2025,Miami
0 days 01:32:15.024000,ANT,22.0,0 days 00:01:32.710000,nan,,,1,,,92.71,2025,Miami
0 days 01:33:47.424000,ANT,23.0,0 days 00:01:32.400000,nan,,,1,,,92.4,2025,Miami
0 days 01:35:19.924000,ANT,24.0,0 days 00:01:32.500000,nan,,,1,,,92.5,2025,Miami
0 days 01:36:57.182000,ANT,25.0,0 days 00:01:37.258000,MEDIUM,1.0,1.0,1,0 days 01:36:51.811000,,97.258,2025,Miami
0 days 01:38:45.329000,ANT,26.0,0 days 00:01:48.147000,MEDIUM,2.0,1.0,1,,0 days 01:37:16.241000,108.147,2025,Miami
0 days 01:40:16.124000,ANT,27.0,0 days 00:01:30.795000,MEDIUM,3.0,1.0,1,,,90.795,2025,Miami
0 days 01:41:53.834000,ANT,28.0,0 days 00:01:37.710000,MEDIUM,4.0,1.0,16,,,97.71,2025,Miami
0 days 01:43:58.684000,ANT,29.0,0 days 00:02:04.850000,MEDIUM,5.0,1.0,671,,,124.85,2025,Miami
0 days 01:45:30.470000,ANT,30.0,0 days 00:01:31.786000,MEDIUM,6.0,1.0,1,,,91.786,2025,Miami
0 days 01:47:03.187000,ANT,31.0,0 days 00:01:32.717000,MEDIUM,7.0,1.0,1,,,92.717,2025,Miami
0 days 01:48:35.154000,ANT,32.0,0 days 00:01:31.967000,MEDIUM,8.0,1.0,1,,,91.967,2025,Miami
0 days 01:50:34.930000,ANT,33.0,0 days 00:01:59.776000,HARD,1.0,2.0,167,,,119.776,2025,Miami
0 days 01:52:05.775000,ANT,34.0,0 days 00:01:30.845000,HARD,2.0,2.0,1,,,90.845,2025,Miami
0 days 01:53:36.582000,ANT,35.0,0 days 00:01:30.807000,HARD,3.0,2.0,1,,,90.807,2025,Miami
0 days 01:55:07.530000,ANT,36.0,0 days 00:01:30.948000,HARD,4.0,2.0,1,,,90.948,2025,Miami
0 days 01:56:38.882000,ANT,37.0,0 days 00:01:31.352000,HARD,5.0,2.0,1,,,91.352,2025,Miami
0 days 01:58:09.968000,ANT,38.0,0 days 00:01:31.086000,HARD,6.0,2.0,1,,,91.086,2025,Miami
0 days 01:59:41.156000,ANT,39.0,0 days 00:01:31.188000,HARD,7.0,2.0,1,,,91.188,2025,Miami
0 days 02:01:12.444000,ANT,40.0,0 days 00:01:31.288000,HARD,8.0,2.0,1,,,91.288,2025,Miami
0 days 02:02:44.169000,ANT,41.0,0 days 00:01:31.725000,HARD,9.0,2.0,1,,,91.725,2025,Miami
0 days 02:04:15.749000,ANT,42.0,0 days 00:01:31.580000,HARD,10.0,2.0,1,,,91.58,2025,Miami
0 days 02:05:47.365000,ANT,43.0,0 days 00:01:31.616000,HARD,11.0,2.0,1,,,91.616,2025,Miami
0 days 02:07:18.552000,ANT,44.0,0 days 00:01:31.187000,HARD,12.0,2.0,1,,,91.187,2025,Miami
0 days 02:08:49.978000,ANT,45.0,0 days 00:01:31.426000,HARD,13.0,2.0,1,,,91.426,2025,Miami
0 days 02:10:21.550000,ANT,46.0,0 days 00:01:31.572000,HARD,14.0,2.0,1,,,91.572,2025,Miami
0 days 02:11:52.925000,ANT,47.0,0 days 00:01:31.375000,HARD,15.0,2.0,1,,,91.375,2025,Miami
0 days 02:13:23.997000,ANT,48.0,0 days 00:01:31.072000,HARD,16.0,2.0,1,,,91.072,2025,Miami
0 days 02:14:55.128000,ANT,49.0,0 days 00:01:31.131000,HARD,17.0,2.0,1,,,91.131,2025,Miami
0 days 02:16:26.074000,ANT,50.0,0 days 00:01:30.946000,HARD,18.0,2.0,1,,,90.946,2025,Miami
0 days 02:17:57.039000,ANT,51.0,0 days 00:01:30.965000,HARD,19.0,2.0,1,,,90.965,2025,Miami
0 days 02:19:28.012000,ANT,52.0,0 days 00:01:30.973000,HARD,20.0,2.0,1,,,90.973,2025,Miami
0 days 02:20:59,ANT,53.0,0 days 00:01:30.988000,HARD,21.0,2.0,1,,,90.988,2025,Miami
0 days 02:22:29.912000,ANT,54.0,0 days 00:01:30.912000,HARD,22.0,2.0,1,,,90.912,2025,Miami
0 days 02:24:00.741000,ANT,55.0,0 days 00:01:30.829000,HARD,23.0,2.0,1,,,90.829,2025,Miami
0 days 02:25:31.678000,ANT,56.0,0 days 00:01:30.937000,HARD,24.0,2.0,1,,,90.937,2025,Miami
0 days 02:27:02.677000,ANT,57.0,0 days 00:01:30.999000,HARD,25.0,2.0,1,,,90.999,2025,Miami
0 days 00:59:00.501000,ALO,1.0,0 days 00:01:44.913000,nan,,,12,,,104.913,2025,Miami
0 days 01:01:05.544000,ALO,2.0,0 days 00:02:05.043000,nan,,,126,,,125.043,2025,Miami
0 days 01:03:01.302000,ALO,3.0,0 days 00:01:55.758000,nan,,,671,,,115.758,2025,Miami
0 days 01:04:34.995000,ALO,4.0,0 days 00:01:33.693000,nan,,,1,,,93.693,2025,Miami
0 days 01:06:09.059000,ALO,5.0,0 days 00:01:34.064000,nan,,,1,,,94.064,2025,Miami
0 days 01:07:42.754000,ALO,6.0,0 days 00:01:33.695000,nan,,,1,,,93.695,2025,Miami
0 days 01:09:16.239000,ALO,7.0,0 days 00:01:33.485000,nan,,,1,,,93.485,2025,Miami
0 days 01:10:49.626000,ALO,8.0,0 days 00:01:33.387000,nan,,,1,,,93.387,2025,Miami
0 days 01:12:30.670000,ALO,9.0,0 days 00:01:41.044000,nan,,,1,,,101.044,2025,Miami
0 days 01:14:03.854000,ALO,10.0,0 days 00:01:33.184000,nan,,,1,,,93.184,2025,Miami
0 days 01:15:37.038000,ALO,11.0,0 days 00:01:33.184000,nan,,,1,,,93.184,2025,Miami
0 days 01:17:09.586000,ALO,12.0,0 days 00:01:32.548000,nan,,,1,,,92.548,2025,Miami
0 days 01:18:42.568000,ALO,13.0,0 days 00:01:32.982000,nan,,,1,,,92.982,2025,Miami
0 days 01:20:15.700000,ALO,14.0,0 days 00:01:33.132000,nan,,,1,,,93.132,2025,Miami
0 days 01:21:48.990000,ALO,15.0,0 days 00:01:33.290000,nan,,,1,,,93.29,2025,Miami
0 days 01:23:22.236000,ALO,16.0,0 days 00:01:33.246000,nan,,,1,,,93.246,2025,Miami
0 days 01:24:55.713000,ALO,17.0,0 days 00:01:33.477000,nan,,,1,,,93.477,2025,Miami
0 days 01:26:29.026000,ALO,18.0,0 days 00:01:33.313000,nan,,,1,,,93.313,2025,Miami
0 days 01:28:02.265000,ALO,19.0,0 days 00:01:33.239000,nan,,,1,,,93.239,2025,Miami
0 days 01:29:35.455000,ALO,20.0,0 days 00:01:33.190000,nan,,,1,,,93.19,2025,Miami
0 days 01:31:08.976000,ALO,21.0,0 days 00:01:33.521000,nan,,,1,,,93.521,2025,Miami
0 days 01:32:42.480000,ALO,22.0,0 days 00:01:33.504000,nan,,,1,,,93.504,2025,Miami
0 days 01:34:15.941000,ALO,23.0,0 days 00:01:33.461000,nan,,,1,,,93.461,2025,Miami
0 days 01:35:49.106000,ALO,24.0,0 days 00:01:33.165000,HARD,2.0,1.0,1,,,93.165,2025,Miami
0 days 01:37:22.374000,ALO,25.0,0 days 00:01:33.268000,HARD,3.0,1.0,1,,,93.268,2025,Miami
0 days 01:38:55.579000,ALO,26.0,0 days 00:01:33.205000,HARD,4.0,1.0,1,,,93.205,2025,Miami
0 days 01:40:28.582000,ALO,27.0,0 days 00:01:33.003000,HARD,5.0,1.0,1,,,93.003,2025,Miami
0 days 01:42:17.233000,ALO,28.0,0 days 00:01:48.651000,HARD,6.0,1.0,16,0 days 01:42:11.888000,,108.651,2025,Miami
0 days 01:44:25.963000,ALO,29.0,0 days 00:02:08.730000,HARD,7.0,1.0,671,,0 days 01:42:35.377000,128.73,2025,Miami
0 days 01:45:58.786000,ALO,30.0,0 days 00:01:32.823000,HARD,8.0,1.0,1,,,92.823,2025,Miami
0 days 01:47:31.641000,ALO,31.0,0 days 00:01:32.855000,HARD,9.0,1.0,1,,,92.855,2025,Miami
0 days 01:49:12.895000,ALO,32.0,0 days 00:01:41.254000,HARD,10.0,1.0,16,,,101.254,2025,Miami
0 days 01:51:03.981000,ALO,33.0,0 days 00:01:51.086000,MEDIUM,2.0,2.0,671,,,111.086,2025,Miami
0 days 01:52:36.345000,ALO,34.0,0 days 00:01:32.364000,MEDIUM,3.0,2.0,1,,,92.364,2025,Miami
0 days 01:54:08.785000,ALO,35.0,0 days 00:01:32.440000,MEDIUM,4.0,2.0,1,,,92.44,2025,Miami
0 days 01:55:41.012000,ALO,36.0,0 days 00:01:32.227000,MEDIUM,5.0,2.0,1,,,92.227,2025,Miami
0 days 01:57:13.653000,ALO,37.0,0 days 00:01:32.641000,MEDIUM,6.0,2.0,1,,,92.641,2025,Miami
0 days 01:58:44.940000,ALO,38.0,0 days 00:01:31.287000,MEDIUM,7.0,2.0,1,,,91.287,2025,Miami
0 days 02:00:16.951000,ALO,39.0,0 days 00:01:32.011000,MEDIUM,8.0,2.0,1,,,92.011,2025,Miami
0 days 02:01:49.028000,ALO,40.0,0 days 00:01:32.077000,MEDIUM,9.0,2.0,1,,,92.077,2025,Miami
0 days 02:03:21.149000,ALO,41.0,0 days 00:01:32.121000,MEDIUM,10.0,2.0,1,,,92.121,2025,Miami
0 days 02:04:53.395000,ALO,42.0,0 days 00:01:32.246000,MEDIUM,11.0,2.0,1,,,92.246,2025,Miami
0 days 02:06:25.342000,ALO,43.0,0 days 00:01:31.947000,MEDIUM,12.0,2.0,1,,,91.947,2025,Miami
0 days 02:07:57.302000,ALO,44.0,0 days 00:01:31.960000,MEDIUM,13.0,2.0,1,,,91.96,2025,Miami
0 days 02:09:29.230000,ALO,45.0,0 days 00:01:31.928000,MEDIUM,14.0,2.0,1,,,91.928,2025,Miami
0 days 02:11:01.489000,ALO,46.0,0 days 00:01:32.259000,MEDIUM,15.0,2.0,1,,,92.259,2025,Miami
0 days 02:12:34.955000,ALO,47.0,0 days 00:01:33.466000,MEDIUM,16.0,2.0,1,,,93.466,2025,Miami
0 days 02:14:07.511000,ALO,48.0,0 days 00:01:32.556000,MEDIUM,17.0,2.0,1,,,92.556,2025,Miami
0 days 02:15:41.475000,ALO,49.0,0 days 00:01:33.964000,MEDIUM,18.0,2.0,1,,,93.964,2025,Miami
0 days 02:17:14.410000,ALO,50.0,0 days 00:01:32.935000,MEDIUM,19.0,2.0,1,,,92.935,2025,Miami
0 days 02:18:46.637000,ALO,51.0,0 days 00:01:32.227000,MEDIUM,20.0,2.0,1,,,92.227,2025,Miami
0 days 02:20:18.618000,ALO,52.0,0 days 00:01:31.981000,MEDIUM,21.0,2.0,1,,,91.981,2025,Miami
0 days 02:21:51.227000,ALO,53.0,0 days 00:01:32.609000,MEDIUM,22.0,2.0,1,,,92.609,2025,Miami
0 days 02:23:23.722000,ALO,54.0,0 days 00:01:32.495000,MEDIUM,23.0,2.0,1,,,92.495,2025,Miami
0 days 02:24:55.877000,ALO,55.0,0 days 00:01:32.155000,MEDIUM,24.0,2.0,1,,,92.155,2025,Miami
0 days 02:26:28.154000,ALO,56.0,0 days 00:01:32.277000,MEDIUM,25.0,2.0,1,,,92.277,2025,Miami
0 days 00:58:56.149000,LEC,1.0,0 days 00:01:40.561000,nan,,,12,,,100.561,2025,Miami
0 days 01:00:52.532000,LEC,2.0,0 days 00:01:56.383000,nan,,,126,,,116.383,2025,Miami
0 days 01:02:53.917000,LEC,3.0,0 days 00:02:01.385000,nan,,,671,,,121.385,2025,Miami
0 days 01:04:26.680000,LEC,4.0,0 days 00:01:32.763000,nan,,,1,,,92.763,2025,Miami
0 days 01:05:59.189000,LEC,5.0,0 days 00:01:32.509000,nan,,,1,,,92.509,2025,Miami
0 days 01:07:32.552000,LEC,6.0,0 days 00:01:33.363000,nan,,,1,,,93.363,2025,Miami
0 days 01:09:05.599000,LEC,7.0,0 days 00:01:33.047000,nan,,,1,,,93.047,2025,Miami
0 days 01:10:39.014000,LEC,8.0,0 days 00:01:33.415000,nan,,,1,,,93.415,2025,Miami
0 days 01:12:12.047000,LEC,9.0,0 days 00:01:33.033000,nan,,,1,,,93.033,2025,Miami
0 days 01:13:44.897000,LEC,10.0,0 days 00:01:32.850000,nan,,,1,,,92.85,2025,Miami
0 days 01:15:18.455000,LEC,11.0,0 days 00:01:33.558000,nan,,,1,,,93.558,2025,Miami
0 days 01:16:51.551000,LEC,12.0,0 days 00:01:33.096000,nan,,,1,,,93.096,2025,Miami
0 days 01:18:24.663000,LEC,13.0,0 days 00:01:33.112000,nan,,,1,,,93.112,2025,Miami
0 days 01:19:58.263000,LEC,14.0,0 days 00:01:33.600000,nan,,,1,,,93.6,2025,Miami
0 days 01:21:31.672000,LEC,15.0,0 days 00:01:33.409000,nan,,,1,,,93.409,2025,Miami
0 days 01:23:04.879000,LEC,16.0,0 days 00:01:33.207000,nan,,,1,,,93.207,2025,Miami
0 days 01:24:37.929000,LEC,17.0,0 days 00:01:33.050000,nan,,,1,,,93.05,2025,Miami
0 days 01:26:11.198000,LEC,18.0,0 days 00:01:33.269000,nan,,,1,,,93.269,2025,Miami
0 days 01:27:43.808000,LEC,19.0,0 days 00:01:32.610000,nan,,,1,,,92.61,2025,Miami
0 days 01:29:16.479000,LEC,20.0,0 days 00:01:32.671000,nan,,,1,,,92.671,2025,Miami
0 days 01:30:49.152000,LEC,21.0,0 days 00:01:32.673000,nan,,,1,,,92.673,2025,Miami
0 days 01:32:21.887000,LEC,22.0,0 days 00:01:32.735000,nan,,,1,,,92.735,2025,Miami
0 days 01:33:54.572000,LEC,23.0,0 days 00:01:32.685000,nan,,,1,,,92.685,2025,Miami
0 days 01:35:27.430000,LEC,24.0,0 days 00:01:32.858000,nan,,,1,,,92.858,2025,Miami
0 days 01:36:59.847000,LEC,25.0,0 days 00:01:32.417000,MEDIUM,1.0,1.0,1,,,92.417,2025,Miami
0 days 01:38:32.596000,LEC,26.0,0 days 00:01:32.749000,MEDIUM,2.0,1.0,1,,,92.749,2025,Miami
0 days 01:40:05.048000,LEC,27.0,0 days 00:01:32.452000,MEDIUM,3.0,1.0,1,,,92.452,2025,Miami
0 days 01:41:37.276000,LEC,28.0,0 days 00:01:32.228000,MEDIUM,4.0,1.0,1,,,92.228,2025,Miami
0 days 01:43:48.454000,LEC,29.0,0 days 00:02:11.178000,MEDIUM,5.0,1.0,167,0 days 01:43:43.052000,,131.178,2025,Miami
0 days 01:45:35.070000,LEC,30.0,0 days 00:01:46.616000,MEDIUM,6.0,1.0,71,,0 days 01:44:05.210000,106.616,2025,Miami
0 days 01:47:08.693000,LEC,31.0,0 days 00:01:33.623000,MEDIUM,7.0,1.0,1,,,93.623,2025,Miami
0 days 01:48:40.334000,LEC,32.0,0 days 00:01:31.641000,MEDIUM,8.0,1.0,1,,,91.641,2025,Miami
0 days 01:50:41.155000,LEC,33.0,0 days 00:02:00.821000,HARD,1.0,2.0,167,,,120.821,2025,Miami
0 days 01:52:11.968000,LEC,34.0,0 days 00:01:30.813000,HARD,2.0,2.0,1,,,90.813,2025,Miami
0 days 01:53:42.429000,LEC,35.0,0 days 00:01:30.461000,HARD,3.0,2.0,1,,,90.461,2025,Miami
0 days 01:55:13.153000,LEC,36.0,0 days 00:01:30.724000,HARD,4.0,2.0,1,,,90.724,2025,Miami
0 days 01:56:44.123000,LEC,37.0,0 days 00:01:30.970000,HARD,5.0,2.0,1,,,90.97,2025,Miami
0 days 01:58:16.413000,LEC,38.0,0 days 00:01:32.290000,HARD,6.0,2.0,1,,,92.29,2025,Miami
0 days 01:59:47.737000,LEC,39.0,0 days 00:01:31.324000,HARD,7.0,2.0,1,,,91.324,2025,Miami
0 days 02:01:18.759000,LEC,40.0,0 days 00:01:31.022000,HARD,8.0,2.0,1,,,91.022,2025,Miami
0 days 02:02:49.995000,LEC,41.0,0 days 00:01:31.236000,HARD,9.0,2.0,1,,,91.236,2025,Miami
0 days 02:04:21.092000,LEC,42.0,0 days 00:01:31.097000,HARD,10.0,2.0,1,,,91.097,2025,Miami
0 days 02:05:52.350000,LEC,43.0,0 days 00:01:31.258000,HARD,11.0,2.0,1,,,91.258,2025,Miami
0 days 02:07:23.407000,LEC,44.0,0 days 00:01:31.057000,HARD,12.0,2.0,1,,,91.057,2025,Miami
0 days 02:08:54.574000,LEC,45.0,0 days 00:01:31.167000,HARD,13.0,2.0,1,,,91.167,2025,Miami
0 days 02:10:25.908000,LEC,46.0,0 days 00:01:31.334000,HARD,14.0,2.0,1,,,91.334,2025,Miami
0 days 02:11:56.892000,LEC,47.0,0 days 00:01:30.984000,HARD,15.0,2.0,1,,,90.984,2025,Miami
0 days 02:13:27.780000,LEC,48.0,0 days 00:01:30.888000,HARD,16.0,2.0,1,,,90.888,2025,Miami
0 days 02:14:58.629000,LEC,49.0,0 days 00:01:30.849000,HARD,17.0,2.0,1,,,90.849,2025,Miami
0 days 02:16:29.457000,LEC,50.0,0 days 00:01:30.828000,HARD,18.0,2.0,1,,,90.828,2025,Miami
0 days 02:18:00.014000,LEC,51.0,0 days 00:01:30.557000,HARD,19.0,2.0,1,,,90.557,2025,Miami
0 days 02:19:30.989000,LEC,52.0,0 days 00:01:30.975000,HARD,20.0,2.0,1,,,90.975,2025,Miami
0 days 02:21:01.540000,LEC,53.0,0 days 00:01:30.551000,HARD,21.0,2.0,1,,,90.551,2025,Miami
0 days 02:22:32.036000,LEC,54.0,0 days 00:01:30.496000,HARD,22.0,2.0,1,,,90.496,2025,Miami
0 days 02:24:02.637000,LEC,55.0,0 days 00:01:30.601000,HARD,23.0,2.0,1,,,90.601,2025,Miami
0 days 02:25:33.344000,LEC,56.0,0 days 00:01:30.707000,HARD,24.0,2.0,1,,,90.707,2025,Miami
0 days 02:27:04.211000,LEC,57.0,0 days 00:01:30.867000,HARD,25.0,2.0,1,,,90.867,2025,Miami
0 days 00:58:59.322000,STR,1.0,0 days 00:01:43.734000,MEDIUM,2.0,1.0,12,,,103.734,2025,Miami
0 days 01:01:03.821000,STR,2.0,0 days 00:02:04.499000,MEDIUM,3.0,1.0,126,,,124.499,2025,Miami
0 days 01:03:00.118000,STR,3.0,0 days 00:01:56.297000,MEDIUM,4.0,1.0,671,,,116.297,2025,Miami
0 days 01:04:34.010000,STR,4.0,0 days 00:01:33.892000,MEDIUM,5.0,1.0,1,,,93.892,2025,Miami
0 days 01:06:07.906000,STR,5.0,0 days 00:01:33.896000,MEDIUM,6.0,1.0,1,,,93.896,2025,Miami
0 days 01:07:41.118000,STR,6.0,0 days 00:01:33.212000,MEDIUM,7.0,1.0,1,,,93.212,2025,Miami
0 days 01:09:14.699000,STR,7.0,0 days 00:01:33.581000,MEDIUM,8.0,1.0,1,,,93.581,2025,Miami
0 days 01:10:48.168000,STR,8.0,0 days 00:01:33.469000,MEDIUM,9.0,1.0,1,,,93.469,2025,Miami
0 days 01:12:21.789000,STR,9.0,0 days 00:01:33.621000,MEDIUM,10.0,1.0,1,,,93.621,2025,Miami
0 days 01:13:55.632000,STR,10.0,0 days 00:01:33.843000,MEDIUM,11.0,1.0,1,,,93.843,2025,Miami
0 days 01:15:29.310000,STR,11.0,0 days 00:01:33.678000,MEDIUM,12.0,1.0,1,,,93.678,2025,Miami
0 days 01:17:02.857000,STR,12.0,0 days 00:01:33.547000,MEDIUM,13.0,1.0,1,,,93.547,2025,Miami
0 days 01:18:36.682000,STR,13.0,0 days 00:01:33.825000,MEDIUM,14.0,1.0,1,,,93.825,2025,Miami
0 days 01:20:10.903000,STR,14.0,0 days 00:01:34.221000,MEDIUM,15.0,1.0,1,,,94.221,2025,Miami
0 days 01:21:44.597000,STR,15.0,0 days 00:01:33.694000,MEDIUM,16.0,1.0,1,,,93.694,2025,Miami
0 days 01:23:18.510000,STR,16.0,0 days 00:01:33.913000,MEDIUM,17.0,1.0,1,,,93.913,2025,Miami
0 days 01:24:52.369000,STR,17.0,0 days 00:01:33.859000,MEDIUM,18.0,1.0,1,,,93.859,2025,Miami
0 days 01:26:25.959000,STR,18.0,0 days 00:01:33.590000,MEDIUM,19.0,1.0,1,,,93.59,2025,Miami
0 days 01:27:59.504000,STR,19.0,0 days 00:01:33.545000,MEDIUM,20.0,1.0,1,,,93.545,2025,Miami
0 days 01:29:37.892000,STR,20.0,0 days 00:01:38.388000,MEDIUM,21.0,1.0,1,0 days 01:29:32.515000,,98.388,2025,Miami
0 days 01:31:24.354000,STR,21.0,0 days 00:01:46.462000,HARD,2.0,2.0,1,,0 days 01:29:54.798000,106.462,2025,Miami
0 days 01:32:56.892000,STR,22.0,0 days 00:01:32.538000,HARD,3.0,2.0,1,,,92.538,2025,Miami
0 days 01:34:29.911000,STR,23.0,0 days 00:01:33.019000,HARD,4.0,2.0,1,,,93.019,2025,Miami
0 days 01:36:02.915000,STR,24.0,0 days 00:01:33.004000,HARD,5.0,2.0,1,,,93.004,2025,Miami
0 days 01:37:35.602000,STR,25.0,0 days 00:01:32.687000,HARD,6.0,2.0,1,,,92.687,2025,Miami
0 days 01:39:08.236000,STR,26.0,0 days 00:01:32.634000,HARD,7.0,2.0,1,,,92.634,2025,Miami
0 days 01:40:40.763000,STR,27.0,0 days 00:01:32.527000,HARD,8.0,2.0,1,,,92.527,2025,Miami
0 days 01:42:27.013000,STR,28.0,0 days 00:01:46.250000,HARD,9.0,2.0,16,,,106.25,2025,Miami
0 days 01:44:27.045000,STR,29.0,0 days 00:02:00.032000,HARD,10.0,2.0,671,,,120.032,2025,Miami
0 days 01:45:59.849000,STR,30.0,0 days 00:01:32.804000,HARD,11.0,2.0,1,,,92.804,2025,Miami
0 days 01:47:32.823000,STR,31.0,0 days 00:01:32.974000,HARD,12.0,2.0,1,,,92.974,2025,Miami
0 days 01:49:15.606000,STR,32.0,0 days 00:01:42.783000,HARD,13.0,2.0,16,,,102.783,2025,Miami
0 days 01:51:05.386000,STR,33.0,0 days 00:01:49.780000,HARD,14.0,2.0,671,,,109.78,2025,Miami
0 days 01:52:37.575000,STR,34.0,0 days 00:01:32.189000,HARD,15.0,2.0,1,,,92.189,2025,Miami
0 days 01:54:09.908000,STR,35.0,0 days 00:01:32.333000,HARD,16.0,2.0,1,,,92.333,2025,Miami
0 days 01:55:42.295000,STR,36.0,0 days 00:01:32.387000,HARD,17.0,2.0,1,,,92.387,2025,Miami
0 days 01:57:15.294000,STR,37.0,0 days 00:01:32.999000,HARD,18.0,2.0,1,,,92.999,2025,Miami
0 days 01:58:47.592000,STR,38.0,0 days 00:01:32.298000,HARD,19.0,2.0,1,,,92.298,2025,Miami
0 days 02:00:19.829000,STR,39.0,0 days 00:01:32.237000,HARD,20.0,2.0,1,,,92.237,2025,Miami
0 days 02:01:51.995000,STR,40.0,0 days 00:01:32.166000,HARD,21.0,2.0,1,,,92.166,2025,Miami
0 days 02:03:24.176000,STR,41.0,0 days 00:01:32.181000,HARD,22.0,2.0,1,,,92.181,2025,Miami
0 days 02:04:56.381000,STR,42.0,0 days 00:01:32.205000,HARD,23.0,2.0,1,,,92.205,2025,Miami
0 days 02:06:28.571000,STR,43.0,0 days 00:01:32.190000,HARD,24.0,2.0,1,,,92.19,2025,Miami
0 days 02:08:00.924000,STR,44.0,0 days 00:01:32.353000,HARD,25.0,2.0,1,,,92.353,2025,Miami
0 days 02:09:35.462000,STR,45.0,0 days 00:01:34.538000,HARD,26.0,2.0,1,,,94.538,2025,Miami
0 days 02:11:10.057000,STR,46.0,0 days 00:01:34.595000,HARD,27.0,2.0,1,,,94.595,2025,Miami
0 days 02:12:42.719000,STR,47.0,0 days 00:01:32.662000,HARD,28.0,2.0,1,,,92.662,2025,Miami
0 days 02:14:15.240000,STR,48.0,0 days 00:01:32.521000,HARD,29.0,2.0,1,,,92.521,2025,Miami
0 days 02:15:47.284000,STR,49.0,0 days 00:01:32.044000,HARD,30.0,2.0,1,,,92.044,2025,Miami
0 days 02:17:19.053000,STR,50.0,0 days 00:01:31.769000,HARD,31.0,2.0,1,,,91.769,2025,Miami
0 days 02:18:51.082000,STR,51.0,0 days 00:01:32.029000,HARD,32.0,2.0,1,,,92.029,2025,Miami
0 days 02:20:23.362000,STR,52.0,0 days 00:01:32.280000,HARD,33.0,2.0,1,,,92.28,2025,Miami
0 days 02:21:55.628000,STR,53.0,0 days 00:01:32.266000,HARD,34.0,2.0,1,,,92.266,2025,Miami
0 days 02:23:27.814000,STR,54.0,0 days 00:01:32.186000,HARD,35.0,2.0,1,,,92.186,2025,Miami
0 days 02:24:59.890000,STR,55.0,0 days 00:01:32.076000,HARD,36.0,2.0,1,,,92.076,2025,Miami
0 days 02:26:32.337000,STR,56.0,0 days 00:01:32.447000,HARD,37.0,2.0,1,,,92.447,2025,Miami
0 days 00:58:56.795000,TSU,1.0,0 days 00:01:41.207000,nan,,,12,,,101.207,2025,Miami
0 days 01:00:53.303000,TSU,2.0,0 days 00:01:56.508000,nan,,,126,,,116.508,2025,Miami
0 days 01:02:55.279000,TSU,3.0,0 days 00:02:01.976000,nan,,,671,,,121.976,2025,Miami
0 days 01:04:28.234000,TSU,4.0,0 days 00:01:32.955000,nan,,,1,,,92.955,2025,Miami
0 days 01:06:01.179000,TSU,5.0,0 days 00:01:32.945000,nan,,,1,,,92.945,2025,Miami
0 days 01:07:34.215000,TSU,6.0,0 days 00:01:33.036000,nan,,,1,,,93.036,2025,Miami
0 days 01:09:07.291000,TSU,7.0,0 days 00:01:33.076000,nan,,,1,,,93.076,2025,Miami
0 days 01:10:40.478000,TSU,8.0,0 days 00:01:33.187000,nan,,,1,,,93.187,2025,Miami
0 days 01:12:13.750000,TSU,9.0,0 days 00:01:33.272000,nan,,,1,,,93.272,2025,Miami
0 days 01:13:46.895000,TSU,10.0,0 days 00:01:33.145000,nan,,,1,,,93.145,2025,Miami
0 days 01:15:20.114000,TSU,11.0,0 days 00:01:33.219000,nan,,,1,,,93.219,2025,Miami
0 days 01:16:53.353000,TSU,12.0,0 days 00:01:33.239000,nan,,,1,,,93.239,2025,Miami
0 days 01:18:26.578000,TSU,13.0,0 days 00:01:33.225000,nan,,,1,,,93.225,2025,Miami
0 days 01:19:59.683000,TSU,14.0,0 days 00:01:33.105000,nan,,,1,,,93.105,2025,Miami
0 days 01:21:33.172000,TSU,15.0,0 days 00:01:33.489000,nan,,,1,,,93.489,2025,Miami
0 days 01:23:06.538000,TSU,16.0,0 days 00:01:33.366000,nan,,,1,,,93.366,2025,Miami
0 days 01:24:39.751000,TSU,17.0,0 days 00:01:33.213000,nan,,,1,,,93.213,2025,Miami
0 days 01:26:13.076000,TSU,18.0,0 days 00:01:33.325000,nan,,,1,,,93.325,2025,Miami
0 days 01:27:46.224000,TSU,19.0,0 days 00:01:33.148000,nan,,,1,,,93.148,2025,Miami
0 days 01:29:19.374000,TSU,20.0,0 days 00:01:33.150000,nan,,,1,,,93.15,2025,Miami
0 days 01:30:52.132000,TSU,21.0,0 days 00:01:32.758000,nan,,,1,,,92.758,2025,Miami
0 days 01:32:24.961000,TSU,22.0,0 days 00:01:32.829000,nan,,,1,,,92.829,2025,Miami
0 days 01:33:57.816000,TSU,23.0,0 days 00:01:32.855000,nan,,,1,,,92.855,2025,Miami
0 days 01:35:30.489000,TSU,24.0,0 days 00:01:32.673000,nan,,,1,,,92.673,2025,Miami
0 days 01:37:03.017000,TSU,25.0,0 days 00:01:32.528000,MEDIUM,1.0,1.0,1,,,92.528,2025,Miami
0 days 01:38:35.651000,TSU,26.0,0 days 00:01:32.634000,MEDIUM,2.0,1.0,1,,,92.634,2025,Miami
0 days 01:40:13.031000,TSU,27.0,0 days 00:01:37.380000,MEDIUM,3.0,1.0,1,0 days 01:40:07.133000,,97.38,2025,Miami
0 days 01:42:08.137000,TSU,28.0,0 days 00:01:55.106000,MEDIUM,4.0,1.0,16,,0 days 01:40:29.714000,115.106,2025,Miami
0 days 01:44:10.885000,TSU,29.0,0 days 00:02:02.748000,MEDIUM,5.0,1.0,671,,,122.748,2025,Miami
0 days 01:45:42.416000,TSU,30.0,0 days 00:01:31.531000,MEDIUM,6.0,1.0,1,,,91.531,2025,Miami
0 days 01:47:14.114000,TSU,31.0,0 days 00:01:31.698000,MEDIUM,7.0,1.0,1,,,91.698,2025,Miami
0 days 01:48:47.116000,TSU,32.0,0 days 00:01:33.002000,MEDIUM,8.0,1.0,16,,,93.002,2025,Miami
0 days 01:50:45.702000,TSU,33.0,0 days 00:01:58.586000,HARD,1.0,2.0,671,,,118.586,2025,Miami
0 days 01:52:17.095000,TSU,34.0,0 days 00:01:31.393000,HARD,2.0,2.0,1,,,91.393,2025,Miami
0 days 01:53:48.505000,TSU,35.0,0 days 00:01:31.410000,HARD,3.0,2.0,1,,,91.41,2025,Miami
0 days 01:55:19.792000,TSU,36.0,0 days 00:01:31.287000,HARD,4.0,2.0,1,,,91.287,2025,Miami
0 days 01:56:51.287000,TSU,37.0,0 days 00:01:31.495000,HARD,5.0,2.0,1,,,91.495,2025,Miami
0 days 01:58:22.486000,TSU,38.0,0 days 00:01:31.199000,HARD,6.0,2.0,1,,,91.199,2025,Miami
0 days 01:59:54.043000,TSU,39.0,0 days 00:01:31.557000,HARD,7.0,2.0,1,,,91.557,2025,Miami
0 days 02:01:25.371000,TSU,40.0,0 days 00:01:31.328000,HARD,8.0,2.0,1,,,91.328,2025,Miami
0 days 02:02:56.716000,TSU,41.0,0 days 00:01:31.345000,HARD,9.0,2.0,1,,,91.345,2025,Miami
0 days 02:04:27.927000,TSU,42.0,0 days 00:01:31.211000,HARD,10.0,2.0,1,,,91.211,2025,Miami
0 days 02:05:59.156000,TSU,43.0,0 days 00:01:31.229000,HARD,11.0,2.0,1,,,91.229,2025,Miami
0 days 02:07:30.339000,TSU,44.0,0 days 00:01:31.183000,HARD,12.0,2.0,1,,,91.183,2025,Miami
0 days 02:09:01.674000,TSU,45.0,0 days 00:01:31.335000,HARD,13.0,2.0,1,,,91.335,2025,Miami
0 days 02:10:33.101000,TSU,46.0,0 days 00:01:31.427000,HARD,14.0,2.0,1,,,91.427,2025,Miami
0 days 02:12:04.147000,TSU,47.0,0 days 00:01:31.046000,HARD,15.0,2.0,1,,,91.046,2025,Miami
0 days 02:13:35.675000,TSU,48.0,0 days 00:01:31.528000,HARD,16.0,2.0,1,,,91.528,2025,Miami
0 days 02:15:06.806000,TSU,49.0,0 days 00:01:31.131000,HARD,17.0,2.0,1,,,91.131,2025,Miami
0 days 02:16:38.169000,TSU,50.0,0 days 00:01:31.363000,HARD,18.0,2.0,1,,,91.363,2025,Miami
0 days 02:18:09.348000,TSU,51.0,0 days 00:01:31.179000,HARD,19.0,2.0,1,,,91.179,2025,Miami
0 days 02:19:40.585000,TSU,52.0,0 days 00:01:31.237000,HARD,20.0,2.0,1,,,91.237,2025,Miami
0 days 02:21:11.852000,TSU,53.0,0 days 00:01:31.267000,HARD,21.0,2.0,1,,,91.267,2025,Miami
0 days 02:22:43.193000,TSU,54.0,0 days 00:01:31.341000,HARD,22.0,2.0,1,,,91.341,2025,Miami
0 days 02:24:14.157000,TSU,55.0,0 days 00:01:30.964000,HARD,23.0,2.0,1,,,90.964,2025,Miami
0 days 02:25:45.558000,TSU,56.0,0 days 00:01:31.401000,HARD,24.0,2.0,1,,,91.401,2025,Miami
0 days 02:27:16.609000,TSU,57.0,0 days 00:01:31.051000,HARD,25.0,2.0,1,,,91.051,2025,Miami
0 days 00:58:54.370000,ALB,1.0,0 days 00:01:38.782000,nan,,,12,,,98.782,2025,Miami
0 days 01:00:48.010000,ALB,2.0,0 days 00:01:53.640000,nan,,,126,,,113.64,2025,Miami
0 days 01:02:51.550000,ALB,3.0,0 days 00:02:03.540000,nan,,,671,,,123.54,2025,Miami
0 days 01:04:24.629000,ALB,4.0,0 days 00:01:33.079000,nan,,,1,,,93.079,2025,Miami
0 days 01:05:58.465000,ALB,5.0,0 days 00:01:33.836000,nan,,,1,,,93.836,2025,Miami
0 days 01:07:31.671000,ALB,6.0,0 days 00:01:33.206000,nan,,,1,,,93.206,2025,Miami
0 days 01:09:04.653000,ALB,7.0,0 days 00:01:32.982000,nan,,,1,,,92.982,2025,Miami
0 days 01:10:37.770000,ALB,8.0,0 days 00:01:33.117000,nan,,,1,,,93.117,2025,Miami
0 days 01:12:10.784000,ALB,9.0,0 days 00:01:33.014000,nan,,,1,,,93.014,2025,Miami
0 days 01:13:43.618000,ALB,10.0,0 days 00:01:32.834000,nan,,,1,,,92.834,2025,Miami
0 days 01:15:17.187000,ALB,11.0,0 days 00:01:33.569000,nan,,,1,,,93.569,2025,Miami
0 days 01:16:50.702000,ALB,12.0,0 days 00:01:33.515000,nan,,,1,,,93.515,2025,Miami
0 days 01:18:23.733000,ALB,13.0,0 days 00:01:33.031000,nan,,,1,,,93.031,2025,Miami
0 days 01:19:56.434000,ALB,14.0,0 days 00:01:32.701000,nan,,,1,,,92.701,2025,Miami
0 days 01:21:29.402000,ALB,15.0,0 days 00:01:32.968000,nan,,,1,,,92.968,2025,Miami
0 days 01:23:02.014000,ALB,16.0,0 days 00:01:32.612000,nan,,,1,,,92.612,2025,Miami
0 days 01:24:34.520000,ALB,17.0,0 days 00:01:32.506000,nan,,,1,,,92.506,2025,Miami
0 days 01:26:07.168000,ALB,18.0,0 days 00:01:32.648000,nan,,,1,,,92.648,2025,Miami
0 days 01:27:39.904000,ALB,19.0,0 days 00:01:32.736000,nan,,,1,,,92.736,2025,Miami
0 days 01:29:12.505000,ALB,20.0,0 days 00:01:32.601000,nan,,,1,,,92.601,2025,Miami
0 days 01:30:45.056000,ALB,21.0,0 days 00:01:32.551000,nan,,,1,,,92.551,2025,Miami
0 days 01:32:17.446000,ALB,22.0,0 days 00:01:32.390000,nan,,,1,,,92.39,2025,Miami
0 days 01:33:49.843000,ALB,23.0,0 days 00:01:32.397000,nan,,,1,,,92.397,2025,Miami
0 days 01:35:22.273000,ALB,24.0,0 days 00:01:32.430000,nan,,,1,,,92.43,2025,Miami
0 days 01:36:54.349000,ALB,25.0,0 days 00:01:32.076000,MEDIUM,1.0,1.0,1,,,92.076,2025,Miami
0 days 01:38:31.628000,ALB,26.0,0 days 00:01:37.279000,MEDIUM,2.0,1.0,1,0 days 01:38:26.177000,,97.279,2025,Miami
0 days 01:40:16.897000,ALB,27.0,0 days 00:01:45.269000,MEDIUM,3.0,1.0,1,,0 days 01:38:48.149000,105.269,2025,Miami
0 days 01:41:55.151000,ALB,28.0,0 days 00:01:38.254000,MEDIUM,4.0,1.0,16,,,98.254,2025,Miami
0 days 01:43:59.409000,ALB,29.0,0 days 00:02:04.258000,MEDIUM,5.0,1.0,671,,,124.258,2025,Miami
0 days 01:45:30.612000,ALB,30.0,0 days 00:01:31.203000,MEDIUM,6.0,1.0,1,,,91.203,2025,Miami
0 days 01:47:01.683000,ALB,31.0,0 days 00:01:31.071000,MEDIUM,7.0,1.0,1,,,91.071,2025,Miami
0 days 01:48:33.197000,ALB,32.0,0 days 00:01:31.514000,MEDIUM,8.0,1.0,1,,,91.514,2025,Miami
0 days 01:50:32.480000,ALB,33.0,0 days 00:01:59.283000,HARD,1.0,2.0,167,,,119.283,2025,Miami
0 days 01:52:03.088000,ALB,34.0,0 days 00:01:30.608000,HARD,2.0,2.0,1,,,90.608,2025,Miami
0 days 01:53:34.231000,ALB,35.0,0 days 00:01:31.143000,HARD,3.0,2.0,1,,,91.143,2025,Miami
0 days 01:55:05.030000,ALB,36.0,0 days 00:01:30.799000,HARD,4.0,2.0,1,,,90.799,2025,Miami
0 days 01:56:36.141000,ALB,37.0,0 days 00:01:31.111000,HARD,5.0,2.0,1,,,91.111,2025,Miami
0 days 01:58:07.504000,ALB,38.0,0 days 00:01:31.363000,HARD,6.0,2.0,1,,,91.363,2025,Miami
0 days 01:59:38.855000,ALB,39.0,0 days 00:01:31.351000,HARD,7.0,2.0,1,,,91.351,2025,Miami
0 days 02:01:10.036000,ALB,40.0,0 days 00:01:31.181000,HARD,8.0,2.0,1,,,91.181,2025,Miami
0 days 02:02:41.011000,ALB,41.0,0 days 00:01:30.975000,HARD,9.0,2.0,1,,,90.975,2025,Miami
0 days 02:04:12.400000,ALB,42.0,0 days 00:01:31.389000,HARD,10.0,2.0,1,,,91.389,2025,Miami
0 days 02:05:43.572000,ALB,43.0,0 days 00:01:31.172000,HARD,11.0,2.0,1,,,91.172,2025,Miami
0 days 02:07:14.741000,ALB,44.0,0 days 00:01:31.169000,HARD,12.0,2.0,1,,,91.169,2025,Miami
0 days 02:08:45.863000,ALB,45.0,0 days 00:01:31.122000,HARD,13.0,2.0,1,,,91.122,2025,Miami
0 days 02:10:16.936000,ALB,46.0,0 days 00:01:31.073000,HARD,14.0,2.0,1,,,91.073,2025,Miami
0 days 02:11:47.948000,ALB,47.0,0 days 00:01:31.012000,HARD,15.0,2.0,1,,,91.012,2025,Miami
0 days 02:13:19.003000,ALB,48.0,0 days 00:01:31.055000,HARD,16.0,2.0,1,,,91.055,2025,Miami
0 days 02:14:49.842000,ALB,49.0,0 days 00:01:30.839000,HARD,17.0,2.0,1,,,90.839,2025,Miami
0 days 02:16:20.792000,ALB,50.0,0 days 00:01:30.950000,HARD,18.0,2.0,1,,,90.95,2025,Miami
0 days 02:17:51.479000,ALB,51.0,0 days 00:01:30.687000,HARD,19.0,2.0,1,,,90.687,2025,Miami
0 days 02:19:22.163000,ALB,52.0,0 days 00:01:30.684000,HARD,20.0,2.0,1,,,90.684,2025,Miami
0 days 02:20:52.851000,ALB,53.0,0 days 00:01:30.688000,HARD,21.0,2.0,1,,,90.688,2025,Miami
0 days 02:22:23.508000,ALB,54.0,0 days 00:01:30.657000,HARD,22.0,2.0,1,,,90.657,2025,Miami
0 days 02:23:53.990000,ALB,55.0,0 days 00:01:30.482000,HARD,23.0,2.0,1,,,90.482,2025,Miami
0 days 02:25:24.665000,ALB,56.0,0 days 00:01:30.675000,HARD,24.0,2.0,1,,,90.675,2025,Miami
0 days 02:26:55.242000,ALB,57.0,0 days 00:01:30.577000,HARD,25.0,2.0,1,,,90.577,2025,Miami
0 days 00:58:58.894000,HUL,1.0,0 days 00:01:43.306000,nan,,,12,,,103.306,2025,Miami
0 days 01:01:01.557000,HUL,2.0,0 days 00:02:02.663000,nan,,,126,,,122.663,2025,Miami
0 days 01:02:59.341000,HUL,3.0,0 days 00:01:57.784000,nan,,,671,,,117.784,2025,Miami
0 days 01:04:33.522000,HUL,4.0,0 days 00:01:34.181000,nan,,,1,,,94.181,2025,Miami
0 days 01:06:07.074000,HUL,5.0,0 days 00:01:33.552000,nan,,,1,,,93.552,2025,Miami
0 days 01:07:40.385000,HUL,6.0,0 days 00:01:33.311000,nan,,,1,,,93.311,2025,Miami
0 days 01:09:13.961000,HUL,7.0,0 days 00:01:33.576000,nan,,,1,,,93.576,2025,Miami
0 days 01:10:47.376000,HUL,8.0,0 days 00:01:33.415000,nan,,,1,,,93.415,2025,Miami
0 days 01:12:20.893000,HUL,9.0,0 days 00:01:33.517000,nan,,,1,,,93.517,2025,Miami
0 days 01:13:54.477000,HUL,10.0,0 days 00:01:33.584000,nan,,,1,,,93.584,2025,Miami
0 days 01:15:28.213000,HUL,11.0,0 days 00:01:33.736000,nan,,,1,,,93.736,2025,Miami
0 days 01:17:01.654000,HUL,12.0,0 days 00:01:33.441000,nan,,,1,,,93.441,2025,Miami
0 days 01:18:35.044000,HUL,13.0,0 days 00:01:33.390000,nan,,,1,,,93.39,2025,Miami
0 days 01:20:08.604000,HUL,14.0,0 days 00:01:33.560000,nan,,,1,,,93.56,2025,Miami
0 days 01:21:42.347000,HUL,15.0,0 days 00:01:33.743000,nan,,,1,,,93.743,2025,Miami
0 days 01:23:15.938000,HUL,16.0,0 days 00:01:33.591000,nan,,,1,,,93.591,2025,Miami
0 days 01:24:49.545000,HUL,17.0,0 days 00:01:33.607000,nan,,,1,,,93.607,2025,Miami
0 days 01:26:23.166000,HUL,18.0,0 days 00:01:33.621000,nan,,,1,,,93.621,2025,Miami
0 days 01:27:56.627000,HUL,19.0,0 days 00:01:33.461000,nan,,,1,,,93.461,2025,Miami
0 days 01:29:29.879000,HUL,20.0,0 days 00:01:33.252000,nan,,,1,,,93.252,2025,Miami
0 days 01:31:03.161000,HUL,21.0,0 days 00:01:33.282000,nan,,,1,,,93.282,2025,Miami
0 days 01:32:36.433000,HUL,22.0,0 days 00:01:33.272000,nan,,,1,,,93.272,2025,Miami
0 days 01:34:09.314000,HUL,23.0,0 days 00:01:32.881000,nan,,,1,,,92.881,2025,Miami
0 days 01:35:42.052000,HUL,24.0,0 days 00:01:32.738000,HARD,1.0,1.0,1,,,92.738,2025,Miami
0 days 01:37:14.493000,HUL,25.0,0 days 00:01:32.441000,HARD,2.0,1.0,1,,,92.441,2025,Miami
0 days 01:38:47.759000,HUL,26.0,0 days 00:01:33.266000,HARD,3.0,1.0,1,,,93.266,2025,Miami
0 days 01:40:21.033000,HUL,27.0,0 days 00:01:33.274000,HARD,4.0,1.0,1,,,93.274,2025,Miami
0 days 01:42:01.613000,HUL,28.0,0 days 00:01:40.580000,HARD,5.0,1.0,16,,,100.58,2025,Miami
0 days 01:44:06.789000,HUL,29.0,0 days 00:02:05.176000,HARD,6.0,1.0,671,,,125.176,2025,Miami
0 days 01:45:39.524000,HUL,30.0,0 days 00:01:32.735000,HARD,7.0,1.0,1,,,92.735,2025,Miami
0 days 01:47:12.652000,HUL,31.0,0 days 00:01:33.128000,HARD,8.0,1.0,1,,,93.128,2025,Miami
0 days 01:48:45.882000,HUL,32.0,0 days 00:01:33.230000,HARD,9.0,1.0,16,,,93.23,2025,Miami
0 days 01:50:44.948000,HUL,33.0,0 days 00:01:59.066000,HARD,10.0,1.0,671,,,119.066,2025,Miami
0 days 01:52:17.763000,HUL,34.0,0 days 00:01:32.815000,HARD,11.0,1.0,1,,,92.815,2025,Miami
0 days 01:53:50.418000,HUL,35.0,0 days 00:01:32.655000,HARD,12.0,1.0,1,,,92.655,2025,Miami
0 days 01:55:27.620000,HUL,36.0,0 days 00:01:37.202000,HARD,13.0,1.0,1,0 days 01:55:22.202000,,97.202,2025,Miami
0 days 01:57:12.584000,HUL,37.0,0 days 00:01:44.964000,MEDIUM,1.0,2.0,1,,0 days 01:55:44.362000,104.964,2025,Miami
0 days 01:58:43.949000,HUL,38.0,0 days 00:01:31.365000,MEDIUM,2.0,2.0,1,,,91.365,2025,Miami
0 days 02:00:14.993000,HUL,39.0,0 days 00:01:31.044000,MEDIUM,3.0,2.0,1,,,91.044,2025,Miami
0 days 02:01:46.484000,HUL,40.0,0 days 00:01:31.491000,MEDIUM,4.0,2.0,1,,,91.491,2025,Miami
0 days 02:03:17.687000,HUL,41.0,0 days 00:01:31.203000,MEDIUM,5.0,2.0,1,,,91.203,2025,Miami
0 days 02:04:49.017000,HUL,42.0,0 days 00:01:31.330000,MEDIUM,6.0,2.0,1,,,91.33,2025,Miami
0 days 02:06:20.032000,HUL,43.0,0 days 00:01:31.015000,MEDIUM,7.0,2.0,1,,,91.015,2025,Miami
0 days 02:07:51.140000,HUL,44.0,0 days 00:01:31.108000,MEDIUM,8.0,2.0,1,,,91.108,2025,Miami
0 days 02:09:22.461000,HUL,45.0,0 days 00:01:31.321000,MEDIUM,9.0,2.0,1,,,91.321,2025,Miami
0 days 02:10:53.514000,HUL,46.0,0 days 00:01:31.053000,MEDIUM,10.0,2.0,1,,,91.053,2025,Miami
0 days 02:12:24.566000,HUL,47.0,0 days 00:01:31.052000,MEDIUM,11.0,2.0,1,,,91.052,2025,Miami
0 days 02:13:55.690000,HUL,48.0,0 days 00:01:31.124000,MEDIUM,12.0,2.0,1,,,91.124,2025,Miami
0 days 02:15:26.844000,HUL,49.0,0 days 00:01:31.154000,MEDIUM,13.0,2.0,1,,,91.154,2025,Miami
0 days 02:16:58.071000,HUL,50.0,0 days 00:01:31.227000,MEDIUM,14.0,2.0,1,,,91.227,2025,Miami
0 days 02:18:29.434000,HUL,51.0,0 days 00:01:31.363000,MEDIUM,15.0,2.0,1,,,91.363,2025,Miami
0 days 02:20:01.201000,HUL,52.0,0 days 00:01:31.767000,MEDIUM,16.0,2.0,1,,,91.767,2025,Miami
0 days 02:21:32.620000,HUL,53.0,0 days 00:01:31.419000,MEDIUM,17.0,2.0,1,,,91.419,2025,Miami
0 days 02:23:03.757000,HUL,54.0,0 days 00:01:31.137000,MEDIUM,18.0,2.0,1,,,91.137,2025,Miami
0 days 02:24:34.913000,HUL,55.0,0 days 00:01:31.156000,MEDIUM,19.0,2.0,1,,,91.156,2025,Miami
0 days 02:26:08.330000,HUL,56.0,0 days 00:01:33.417000,MEDIUM,20.0,2.0,1,,,93.417,2025,Miami
0 days 00:59:11.552000,LAW,1.0,0 days 00:01:55.964000,nan,,,12,,,115.964,2025,Miami
0 days 01:01:13.300000,LAW,2.0,0 days 00:02:01.748000,nan,,,126,,,121.748,2025,Miami
0 days 01:03:11.213000,LAW,3.0,0 days 00:01:57.913000,nan,,,671,,,117.913,2025,Miami
0 days 01:04:44.528000,LAW,4.0,0 days 00:01:33.315000,nan,,,1,,,93.315,2025,Miami
0 days 01:06:19.054000,LAW,5.0,0 days 00:01:34.526000,nan,,,1,,,94.526,2025,Miami
0 days 01:07:53.388000,LAW,6.0,0 days 00:01:34.334000,nan,,,1,,,94.334,2025,Miami
0 days 01:09:27.434000,LAW,7.0,0 days 00:01:34.046000,nan,,,1,,,94.046,2025,Miami
0 days 01:11:01.571000,LAW,8.0,0 days 00:01:34.137000,nan,,,1,,,94.137,2025,Miami
0 days 01:12:35.665000,LAW,9.0,0 days 00:01:34.094000,nan,,,1,,,94.094,2025,Miami
0 days 01:14:09.869000,LAW,10.0,0 days 00:01:34.204000,nan,,,1,,,94.204,2025,Miami
0 days 01:15:43.859000,LAW,11.0,0 days 00:01:33.990000,nan,,,1,,,93.99,2025,Miami
0 days 01:17:17.946000,LAW,12.0,0 days 00:01:34.087000,nan,,,1,,,94.087,2025,Miami
0 days 01:18:52.297000,LAW,13.0,0 days 00:01:34.351000,nan,,,1,,,94.351,2025,Miami
0 days 01:20:26.895000,LAW,14.0,0 days 00:01:34.598000,nan,,,1,,,94.598,2025,Miami
0 days 01:22:01.587000,LAW,15.0,0 days 00:01:34.692000,nan,,,1,,,94.692,2025,Miami
0 days 01:23:35.988000,LAW,16.0,0 days 00:01:34.401000,nan,,,1,,,94.401,2025,Miami
0 days 01:25:10.808000,LAW,17.0,0 days 00:01:34.820000,nan,,,1,,,94.82,2025,Miami
0 days 01:26:45.530000,LAW,18.0,0 days 00:01:34.722000,nan,,,1,,,94.722,2025,Miami
0 days 01:28:20.031000,LAW,19.0,0 days 00:01:34.501000,nan,,,1,,,94.501,2025,Miami
0 days 01:29:54.479000,LAW,20.0,0 days 00:01:34.448000,nan,,,1,,,94.448,2025,Miami
0 days 01:31:28.971000,LAW,21.0,0 days 00:01:34.492000,nan,,,1,,,94.492,2025,Miami
0 days 01:33:03.404000,LAW,22.0,0 days 00:01:34.433000,nan,,,1,,,94.433,2025,Miami
0 days 01:34:37.934000,LAW,23.0,0 days 00:01:34.530000,nan,,,1,,,94.53,2025,Miami
0 days 01:36:12.271000,LAW,24.0,0 days 00:01:34.337000,HARD,1.0,1.0,1,,,94.337,2025,Miami
0 days 01:37:46.365000,LAW,25.0,0 days 00:01:34.094000,HARD,2.0,1.0,1,,,94.094,2025,Miami
0 days 01:39:20.477000,LAW,26.0,0 days 00:01:34.112000,HARD,3.0,1.0,1,,,94.112,2025,Miami
0 days 01:40:54.849000,LAW,27.0,0 days 00:01:34.372000,HARD,4.0,1.0,1,,,94.372,2025,Miami
0 days 01:42:52.990000,LAW,28.0,0 days 00:01:58.141000,HARD,5.0,1.0,16,0 days 01:42:47.596000,,118.141,2025,Miami
0 days 01:44:51.636000,LAW,29.0,0 days 00:01:58.646000,HARD,6.0,1.0,671,,0 days 01:43:09.972000,118.646,2025,Miami
0 days 01:46:23.406000,LAW,30.0,0 days 00:01:31.770000,HARD,7.0,1.0,1,,,91.77,2025,Miami
0 days 01:47:55.767000,LAW,31.0,0 days 00:01:32.361000,HARD,8.0,1.0,1,,,92.361,2025,Miami
0 days 01:49:47.672000,LAW,32.0,0 days 00:01:51.905000,MEDIUM,1.0,2.0,16,,,111.905,2025,Miami
0 days 01:51:27.261000,LAW,33.0,0 days 00:01:39.589000,MEDIUM,2.0,2.0,671,,,99.589,2025,Miami
0 days 01:53:01.774000,LAW,34.0,0 days 00:01:34.513000,MEDIUM,3.0,2.0,1,,,94.513,2025,Miami
0 days 01:54:34.629000,LAW,35.0,0 days 00:01:32.855000,MEDIUM,4.0,2.0,1,,,92.855,2025,Miami
0 days 01:56:22.099000,LAW,36.0,0 days 00:01:47.470000,MEDIUM,5.0,2.0,1,0 days 01:56:15.428000,,107.47,2025,Miami
0 days 00:58:57.143000,OCO,1.0,0 days 00:01:41.555000,MEDIUM,1.0,1.0,12,,,101.555,2025,Miami
0 days 01:00:54.766000,OCO,2.0,0 days 00:01:57.623000,MEDIUM,2.0,1.0,126,,,117.623,2025,Miami
0 days 01:02:56.352000,OCO,3.0,0 days 00:02:01.586000,MEDIUM,3.0,1.0,671,,,121.586,2025,Miami
0 days 01:04:29.022000,OCO,4.0,0 days 00:01:32.670000,MEDIUM,4.0,1.0,1,,,92.67,2025,Miami
0 days 01:06:01.778000,OCO,5.0,0 days 00:01:32.756000,MEDIUM,5.0,1.0,1,,,92.756,2025,Miami
0 days 01:07:34.891000,OCO,6.0,0 days 00:01:33.113000,MEDIUM,6.0,1.0,1,,,93.113,2025,Miami
0 days 01:09:07.945000,OCO,7.0,0 days 00:01:33.054000,MEDIUM,7.0,1.0,1,,,93.054,2025,Miami
0 days 01:10:41.090000,OCO,8.0,0 days 00:01:33.145000,MEDIUM,8.0,1.0,1,,,93.145,2025,Miami
0 days 01:12:15.102000,OCO,9.0,0 days 00:01:34.012000,MEDIUM,9.0,1.0,1,,,94.012,2025,Miami
0 days 01:13:48.380000,OCO,10.0,0 days 00:01:33.278000,MEDIUM,10.0,1.0,1,,,93.278,2025,Miami
0 days 01:15:21.637000,OCO,11.0,0 days 00:01:33.257000,MEDIUM,11.0,1.0,1,,,93.257,2025,Miami
0 days 01:16:54.790000,OCO,12.0,0 days 00:01:33.153000,MEDIUM,12.0,1.0,1,,,93.153,2025,Miami
0 days 01:18:27.851000,OCO,13.0,0 days 00:01:33.061000,MEDIUM,13.0,1.0,1,,,93.061,2025,Miami
0 days 01:20:01.065000,OCO,14.0,0 days 00:01:33.214000,MEDIUM,14.0,1.0,1,,,93.214,2025,Miami
0 days 01:21:34.442000,OCO,15.0,0 days 00:01:33.377000,MEDIUM,15.0,1.0,1,,,93.377,2025,Miami
0 days 01:23:08.139000,OCO,16.0,0 days 00:01:33.697000,MEDIUM,16.0,1.0,1,,,93.697,2025,Miami
0 days 01:24:41.325000,OCO,17.0,0 days 00:01:33.186000,MEDIUM,17.0,1.0,1,,,93.186,2025,Miami
0 days 01:26:14.935000,OCO,18.0,0 days 00:01:33.610000,MEDIUM,18.0,1.0,1,,,93.61,2025,Miami
0 days 01:27:48.341000,OCO,19.0,0 days 00:01:33.406000,MEDIUM,19.0,1.0,1,,,93.406,2025,Miami
0 days 01:29:21.330000,OCO,20.0,0 days 00:01:32.989000,MEDIUM,20.0,1.0,1,,,92.989,2025,Miami
0 days 01:30:54.809000,OCO,21.0,0 days 00:01:33.479000,MEDIUM,21.0,1.0,1,,,93.479,2025,Miami
0 days 01:32:29.911000,OCO,22.0,0 days 00:01:35.102000,MEDIUM,22.0,1.0,1,,,95.102,2025,Miami
0 days 01:34:08.736000,OCO,23.0,0 days 00:01:38.825000,MEDIUM,23.0,1.0,1,0 days 01:34:03.409000,,98.825,2025,Miami
0 days 01:35:55.502000,OCO,24.0,0 days 00:01:46.766000,HARD,1.0,2.0,1,,0 days 01:34:26.483000,106.766,2025,Miami
0 days 01:37:26.860000,OCO,25.0,0 days 00:01:31.358000,HARD,2.0,2.0,1,,,91.358,2025,Miami
0 days 01:38:58.323000,OCO,26.0,0 days 00:01:31.463000,HARD,3.0,2.0,1,,,91.463,2025,Miami
0 days 01:40:30.283000,OCO,27.0,0 days 00:01:31.960000,HARD,4.0,2.0,1,,,91.96,2025,Miami
0 days 01:42:13.984000,OCO,28.0,0 days 00:01:43.701000,HARD,5.0,2.0,16,,,103.701,2025,Miami
0 days 01:44:14.854000,OCO,29.0,0 days 00:02:00.870000,HARD,6.0,2.0,671,,,120.87,2025,Miami
0 days 01:45:45.976000,OCO,30.0,0 days 00:01:31.122000,HARD,7.0,2.0,1,,,91.122,2025,Miami
0 days 01:47:17.853000,OCO,31.0,0 days 00:01:31.877000,HARD,8.0,2.0,1,,,91.877,2025,Miami
0 days 01:48:55.018000,OCO,32.0,0 days 00:01:37.165000,HARD,9.0,2.0,16,,,97.165,2025,Miami
0 days 01:50:49.265000,OCO,33.0,0 days 00:01:54.247000,HARD,10.0,2.0,671,,,114.247,2025,Miami
0 days 01:52:20.595000,OCO,34.0,0 days 00:01:31.330000,HARD,11.0,2.0,1,,,91.33,2025,Miami
0 days 01:53:52.106000,OCO,35.0,0 days 00:01:31.511000,HARD,12.0,2.0,1,,,91.511,2025,Miami
0 days 01:55:23.756000,OCO,36.0,0 days 00:01:31.650000,HARD,13.0,2.0,1,,,91.65,2025,Miami
0 days 01:56:55.503000,OCO,37.0,0 days 00:01:31.747000,HARD,14.0,2.0,1,,,91.747,2025,Miami
0 days 01:58:27.106000,OCO,38.0,0 days 00:01:31.603000,HARD,15.0,2.0,1,,,91.603,2025,Miami
0 days 01:59:58.659000,OCO,39.0,0 days 00:01:31.553000,HARD,16.0,2.0,1,,,91.553,2025,Miami
0 days 02:01:30.221000,OCO,40.0,0 days 00:01:31.562000,HARD,17.0,2.0,1,,,91.562,2025,Miami
0 days 02:03:01.560000,OCO,41.0,0 days 00:01:31.339000,HARD,18.0,2.0,1,,,91.339,2025,Miami
0 days 02:04:33.102000,OCO,42.0,0 days 00:01:31.542000,HARD,19.0,2.0,1,,,91.542,2025,Miami
0 days 02:06:04.772000,OCO,43.0,0 days 00:01:31.670000,HARD,20.0,2.0,1,,,91.67,2025,Miami
0 days 02:07:36.608000,OCO,44.0,0 days 00:01:31.836000,HARD,21.0,2.0,1,,,91.836,2025,Miami
0 days 02:09:08.707000,OCO,45.0,0 days 00:01:32.099000,HARD,22.0,2.0,1,,,92.099,2025,Miami
0 days 02:10:40.545000,OCO,46.0,0 days 00:01:31.838000,HARD,23.0,2.0,1,,,91.838,2025,Miami
0 days 02:12:12.207000,OCO,47.0,0 days 00:01:31.662000,HARD,24.0,2.0,1,,,91.662,2025,Miami
0 days 02:13:43.740000,OCO,48.0,0 days 00:01:31.533000,HARD,25.0,2.0,1,,,91.533,2025,Miami
0 days 02:15:15.664000,OCO,49.0,0 days 00:01:31.924000,HARD,26.0,2.0,1,,,91.924,2025,Miami
0 days 02:16:47.306000,OCO,50.0,0 days 00:01:31.642000,HARD,27.0,2.0,1,,,91.642,2025,Miami
0 days 02:18:18.892000,OCO,51.0,0 days 00:01:31.586000,HARD,28.0,2.0,1,,,91.586,2025,Miami
0 days 02:19:50.658000,OCO,52.0,0 days 00:01:31.766000,HARD,29.0,2.0,1,,,91.766,2025,Miami
0 days 02:21:22.473000,OCO,53.0,0 days 00:01:31.815000,HARD,30.0,2.0,1,,,91.815,2025,Miami
0 days 02:22:54.267000,OCO,54.0,0 days 00:01:31.794000,HARD,31.0,2.0,1,,,91.794,2025,Miami
0 days 02:24:25.853000,OCO,55.0,0 days 00:01:31.586000,HARD,32.0,2.0,1,,,91.586,2025,Miami
0 days 02:25:57.335000,OCO,56.0,0 days 00:01:31.482000,HARD,33.0,2.0,1,,,91.482,2025,Miami
0 days 02:27:29.181000,OCO,57.0,0 days 00:01:31.846000,HARD,34.0,2.0,1,,,91.846,2025,Miami
0 days 00:58:54.865000,NOR,1.0,0 days 00:01:39.277000,nan,,,12,,,99.277,2025,Miami
0 days 01:00:49.951000,NOR,2.0,0 days 00:01:55.086000,nan,,,126,,,115.086,2025,Miami
0 days 01:02:51.952000,NOR,3.0,0 days 00:02:02.001000,nan,,,671,,,122.001,2025,Miami
0 days 01:04:24.080000,NOR,4.0,0 days 00:01:32.128000,nan,,,1,,,92.128,2025,Miami
0 days 01:05:56.719000,NOR,5.0,0 days 00:01:32.639000,nan,,,1,,,92.639,2025,Miami
0 days 01:07:29.353000,NOR,6.0,0 days 00:01:32.634000,nan,,,1,,,92.634,2025,Miami
0 days 01:09:02.361000,NOR,7.0,0 days 00:01:33.008000,nan,,,1,,,93.008,2025,Miami
0 days 01:10:34.788000,NOR,8.0,0 days 00:01:32.427000,nan,,,1,,,92.427,2025,Miami
0 days 01:12:06.934000,NOR,9.0,0 days 00:01:32.146000,nan,,,1,,,92.146,2025,Miami
0 days 01:13:38.835000,NOR,10.0,0 days 00:01:31.901000,nan,,,1,,,91.901,2025,Miami
0 days 01:15:10.535000,NOR,11.0,0 days 00:01:31.700000,nan,,,1,,,91.7,2025,Miami
0 days 01:16:42.440000,NOR,12.0,0 days 00:01:31.905000,nan,,,1,,,91.905,2025,Miami
0 days 01:18:14.185000,NOR,13.0,0 days 00:01:31.745000,nan,,,1,,,91.745,2025,Miami
0 days 01:19:46.518000,NOR,14.0,0 days 00:01:32.333000,nan,,,1,,,92.333,2025,Miami
0 days 01:21:20.461000,NOR,15.0,0 days 00:01:33.943000,nan,,,1,,,93.943,2025,Miami
0 days 01:22:53.560000,NOR,16.0,0 days 00:01:33.099000,nan,,,1,,,93.099,2025,Miami
0 days 01:24:28.415000,NOR,17.0,0 days 00:01:34.855000,nan,,,1,,,94.855,2025,Miami
0 days 01:26:00.799000,NOR,18.0,0 days 00:01:32.384000,nan,,,1,,,92.384,2025,Miami
0 days 01:27:32.837000,NOR,19.0,0 days 00:01:32.038000,nan,,,1,,,92.038,2025,Miami
0 days 01:29:04.721000,NOR,20.0,0 days 00:01:31.884000,nan,,,1,,,91.884,2025,Miami
0 days 01:30:36.276000,NOR,21.0,0 days 00:01:31.555000,nan,,,1,,,91.555,2025,Miami
0 days 01:32:07.813000,NOR,22.0,0 days 00:01:31.537000,nan,,,1,,,91.537,2025,Miami
0 days 01:33:39.291000,NOR,23.0,0 days 00:01:31.478000,nan,,,1,,,91.478,2025,Miami
0 days 01:35:10.603000,NOR,24.0,0 days 00:01:31.312000,nan,,,1,,,91.312,2025,Miami
0 days 01:36:42.056000,NOR,25.0,0 days 00:01:31.453000,MEDIUM,1.0,1.0,1,,,91.453,2025,Miami
0 days 01:38:13.333000,NOR,26.0,0 days 00:01:31.277000,MEDIUM,2.0,1.0,1,,,91.277,2025,Miami
0 days 01:39:44.945000,NOR,27.0,0 days 00:01:31.612000,MEDIUM,3.0,1.0,1,,,91.612,2025,Miami
0 days 01:41:16.731000,NOR,28.0,0 days 00:01:31.786000,MEDIUM,4.0,1.0,1,,,91.786,2025,Miami
0 days 01:43:18.617000,NOR,29.0,0 days 00:02:01.886000,MEDIUM,5.0,1.0,16,0 days 01:43:13.197000,,121.886,2025,Miami
0 days 01:45:07.906000,NOR,30.0,0 days 00:01:49.289000,MEDIUM,6.0,1.0,671,,0 days 01:43:35.201000,109.289,2025,Miami
0 days 01:46:38.281000,NOR,31.0,0 days 00:01:30.375000,MEDIUM,7.0,1.0,1,,,90.375,2025,Miami
0 days 01:48:08.695000,NOR,32.0,0 days 00:01:30.414000,MEDIUM,8.0,1.0,1,,,90.414,2025,Miami
0 days 01:50:02.608000,NOR,33.0,0 days 00:01:53.913000,HARD,1.0,2.0,16,,,113.913,2025,Miami
0 days 01:51:37.232000,NOR,34.0,0 days 00:01:34.624000,HARD,2.0,2.0,671,,,94.624,2025,Miami
0 days 01:53:07.066000,NOR,35.0,0 days 00:01:29.834000,HARD,3.0,2.0,1,,,89.834,2025,Miami
0 days 01:54:36.812000,NOR,36.0,0 days 00:01:29.746000,HARD,4.0,2.0,1,,,89.746,2025,Miami
0 days 01:56:06.787000,NOR,37.0,0 days 00:01:29.975000,HARD,5.0,2.0,1,,,89.975,2025,Miami
0 days 01:57:36.983000,NOR,38.0,0 days 00:01:30.196000,HARD,6.0,2.0,1,,,90.196,2025,Miami
0 days 01:59:07.151000,NOR,39.0,0 days 00:01:30.168000,HARD,7.0,2.0,1,,,90.168,2025,Miami
0 days 02:00:37.268000,NOR,40.0,0 days 00:01:30.117000,HARD,8.0,2.0,1,,,90.117,2025,Miami
0 days 02:02:07.436000,NOR,41.0,0 days 00:01:30.168000,HARD,9.0,2.0,1,,,90.168,2025,Miami
0 days 02:03:37.599000,NOR,42.0,0 days 00:01:30.163000,HARD,10.0,2.0,1,,,90.163,2025,Miami
0 days 02:05:07.743000,NOR,43.0,0 days 00:01:30.144000,HARD,11.0,2.0,1,,,90.144,2025,Miami
0 days 02:06:37.767000,NOR,44.0,0 days 00:01:30.024000,HARD,12.0,2.0,1,,,90.024,2025,Miami
0 days 02:08:07.862000,NOR,45.0,0 days 00:01:30.095000,HARD,13.0,2.0,1,,,90.095,2025,Miami
0 days 02:09:37.844000,NOR,46.0,0 days 00:01:29.982000,HARD,14.0,2.0,1,,,89.982,2025,Miami
0 days 02:11:07.899000,NOR,47.0,0 days 00:01:30.055000,HARD,15.0,2.0,1,,,90.055,2025,Miami
0 days 02:12:38.009000,NOR,48.0,0 days 00:01:30.110000,HARD,16.0,2.0,1,,,90.11,2025,Miami
0 days 02:14:08.220000,NOR,49.0,0 days 00:01:30.211000,HARD,17.0,2.0,1,,,90.211,2025,Miami
0 days 02:15:38.011000,NOR,50.0,0 days 00:01:29.791000,HARD,18.0,2.0,1,,,89.791,2025,Miami
0 days 02:17:07.911000,NOR,51.0,0 days 00:01:29.900000,HARD,19.0,2.0,1,,,89.9,2025,Miami
0 days 02:18:38.309000,NOR,52.0,0 days 00:01:30.398000,HARD,20.0,2.0,1,,,90.398,2025,Miami
0 days 02:20:08.849000,NOR,53.0,0 days 00:01:30.540000,HARD,21.0,2.0,1,,,90.54,2025,Miami
0 days 02:21:39.324000,NOR,54.0,0 days 00:01:30.475000,HARD,22.0,2.0,1,,,90.475,2025,Miami
0 days 02:23:10.088000,NOR,55.0,0 days 00:01:30.764000,HARD,23.0,2.0,1,,,90.764,2025,Miami
0 days 02:24:40.820000,NOR,56.0,0 days 00:01:30.732000,HARD,24.0,2.0,1,,,90.732,2025,Miami
0 days 02:26:11.805000,NOR,57.0,0 days 00:01:30.985000,HARD,25.0,2.0,1,,,90.985,2025,Miami
0 days 00:58:58.105000,HAM,1.0,0 days 00:01:42.517000,nan,,,12,,,102.517,2025,Miami
0 days 01:00:57.429000,HAM,2.0,0 days 00:01:59.324000,nan,,,126,,,119.324,2025,Miami
0 days 01:02:58.360000,HAM,3.0,0 days 00:02:00.931000,nan,,,671,,,120.931,2025,Miami
0 days 01:04:30.772000,HAM,4.0,0 days 00:01:32.412000,nan,,,1,,,92.412,2025,Miami
0 days 01:06:03.671000,HAM,5.0,0 days 00:01:32.899000,nan,,,1,,,92.899,2025,Miami
0 days 01:07:37.081000,HAM,6.0,0 days 00:01:33.410000,nan,,,1,,,93.41,2025,Miami
0 days 01:09:10.041000,HAM,7.0,0 days 00:01:32.960000,nan,,,1,,,92.96,2025,Miami
0 days 01:10:43.270000,HAM,8.0,0 days 00:01:33.229000,nan,,,1,,,93.229,2025,Miami
0 days 01:12:16.434000,HAM,9.0,0 days 00:01:33.164000,nan,,,1,,,93.164,2025,Miami
0 days 01:13:49.310000,HAM,10.0,0 days 00:01:32.876000,nan,,,1,,,92.876,2025,Miami
0 days 01:15:22.638000,HAM,11.0,0 days 00:01:33.328000,nan,,,1,,,93.328,2025,Miami
0 days 01:16:55.677000,HAM,12.0,0 days 00:01:33.039000,nan,,,1,,,93.039,2025,Miami
0 days 01:18:28.521000,HAM,13.0,0 days 00:01:32.844000,nan,,,1,,,92.844,2025,Miami
0 days 01:20:01.588000,HAM,14.0,0 days 00:01:33.067000,nan,,,1,,,93.067,2025,Miami
0 days 01:21:34.957000,HAM,15.0,0 days 00:01:33.369000,nan,,,1,,,93.369,2025,Miami
0 days 01:23:08.470000,HAM,16.0,0 days 00:01:33.513000,nan,,,1,,,93.513,2025,Miami
0 days 01:24:41.869000,HAM,17.0,0 days 00:01:33.399000,nan,,,1,,,93.399,2025,Miami
0 days 01:26:15.309000,HAM,18.0,0 days 00:01:33.440000,nan,,,1,,,93.44,2025,Miami
0 days 01:27:48.753000,HAM,19.0,0 days 00:01:33.444000,nan,,,1,,,93.444,2025,Miami
0 days 01:29:21.718000,HAM,20.0,0 days 00:01:32.965000,nan,,,1,,,92.965,2025,Miami
0 days 01:30:55.047000,HAM,21.0,0 days 00:01:33.329000,nan,,,1,,,93.329,2025,Miami
0 days 01:32:29.416000,HAM,22.0,0 days 00:01:34.369000,nan,,,1,,,94.369,2025,Miami
0 days 01:34:02.803000,HAM,23.0,0 days 00:01:33.387000,nan,,,1,,,93.387,2025,Miami
0 days 01:35:35.439000,HAM,24.0,0 days 00:01:32.636000,HARD,1.0,1.0,1,,,92.636,2025,Miami
0 days 01:37:08.113000,HAM,25.0,0 days 00:01:32.674000,HARD,2.0,1.0,1,,,92.674,2025,Miami
0 days 01:38:40.616000,HAM,26.0,0 days 00:01:32.503000,HARD,3.0,1.0,1,,,92.503,2025,Miami
0 days 01:40:13.440000,HAM,27.0,0 days 00:01:32.824000,HARD,4.0,1.0,1,,,92.824,2025,Miami
0 days 01:41:53.226000,HAM,28.0,0 days 00:01:39.786000,HARD,5.0,1.0,16,0 days 01:41:47.873000,,99.786,2025,Miami
0 days 01:44:08.372000,HAM,29.0,0 days 00:02:15.146000,HARD,6.0,1.0,671,,0 days 01:42:11.023000,135.146,2025,Miami
0 days 01:45:38.992000,HAM,30.0,0 days 00:01:30.620000,HARD,7.0,1.0,1,,,90.62,2025,Miami
0 days 01:47:10.131000,HAM,31.0,0 days 00:01:31.139000,HARD,8.0,1.0,1,,,91.139,2025,Miami
0 days 01:48:41.352000,HAM,32.0,0 days 00:01:31.221000,HARD,9.0,1.0,1,,,91.221,2025,Miami
0 days 01:50:41.523000,HAM,33.0,0 days 00:02:00.171000,MEDIUM,1.0,2.0,167,,,120.171,2025,Miami
0 days 01:52:12.445000,HAM,34.0,0 days 00:01:30.922000,MEDIUM,2.0,2.0,1,,,90.922,2025,Miami
0 days 01:53:43.007000,HAM,35.0,0 days 00:01:30.562000,MEDIUM,3.0,2.0,1,,,90.562,2025,Miami
0 days 01:55:13.730000,HAM,36.0,0 days 00:01:30.723000,MEDIUM,4.0,2.0,1,,,90.723,2025,Miami
0 days 01:56:44.586000,HAM,37.0,0 days 00:01:30.856000,MEDIUM,5.0,2.0,1,,,90.856,2025,Miami
0 days 01:58:15.408000,HAM,38.0,0 days 00:01:30.822000,MEDIUM,6.0,2.0,1,,,90.822,2025,Miami
0 days 01:59:46.369000,HAM,39.0,0 days 00:01:30.961000,MEDIUM,7.0,2.0,1,,,90.961,2025,Miami
0 days 02:01:17.416000,HAM,40.0,0 days 00:01:31.047000,MEDIUM,8.0,2.0,1,,,91.047,2025,Miami
0 days 02:02:48.705000,HAM,41.0,0 days 00:01:31.289000,MEDIUM,9.0,2.0,1,,,91.289,2025,Miami
0 days 02:04:19.914000,HAM,42.0,0 days 00:01:31.209000,MEDIUM,10.0,2.0,1,,,91.209,2025,Miami
0 days 02:05:51.436000,HAM,43.0,0 days 00:01:31.522000,MEDIUM,11.0,2.0,1,,,91.522,2025,Miami
0 days 02:07:22.710000,HAM,44.0,0 days 00:01:31.274000,MEDIUM,12.0,2.0,1,,,91.274,2025,Miami
0 days 02:08:53.756000,HAM,45.0,0 days 00:01:31.046000,MEDIUM,13.0,2.0,1,,,91.046,2025,Miami
0 days 02:10:24.766000,HAM,46.0,0 days 00:01:31.010000,MEDIUM,14.0,2.0,1,,,91.01,2025,Miami
0 days 02:11:56.239000,HAM,47.0,0 days 00:01:31.473000,MEDIUM,15.0,2.0,1,,,91.473,2025,Miami
0 days 02:13:27.130000,HAM,48.0,0 days 00:01:30.891000,MEDIUM,16.0,2.0,1,,,90.891,2025,Miami
0 days 02:14:58.016000,HAM,49.0,0 days 00:01:30.886000,MEDIUM,17.0,2.0,1,,,90.886,2025,Miami
0 days 02:16:28.689000,HAM,50.0,0 days 00:01:30.673000,MEDIUM,18.0,2.0,1,,,90.673,2025,Miami
0 days 02:17:59.445000,HAM,51.0,0 days 00:01:30.756000,MEDIUM,19.0,2.0,1,,,90.756,2025,Miami
0 days 02:19:31.607000,HAM,52.0,0 days 00:01:32.162000,MEDIUM,20.0,2.0,1,,,92.162,2025,Miami
0 days 02:21:02.386000,HAM,53.0,0 days 00:01:30.779000,MEDIUM,21.0,2.0,1,,,90.779,2025,Miami
0 days 02:22:33.379000,HAM,54.0,0 days 00:01:30.993000,MEDIUM,22.0,2.0,1,,,90.993,2025,Miami
0 days 02:24:04.378000,HAM,55.0,0 days 00:01:30.999000,MEDIUM,23.0,2.0,1,,,90.999,2025,Miami
0 days 02:25:35.403000,HAM,56.0,0 days 00:01:31.025000,MEDIUM,24.0,2.0,1,,,91.025,2025,Miami
0 days 02:27:07.361000,HAM,57.0,0 days 00:01:31.958000,MEDIUM,25.0,2.0,1,,,91.958,2025,Miami
0 days 00:58:58.672000,BOR,1.0,0 days 00:01:43.084000,MEDIUM,1.0,1.0,12,,,103.084,2025,Miami
0 days 01:00:59.782000,BOR,2.0,0 days 00:02:01.110000,MEDIUM,2.0,1.0,126,,,121.11,2025,Miami
0 days 01:02:58.752000,BOR,3.0,0 days 00:01:58.970000,MEDIUM,3.0,1.0,671,,,118.97,2025,Miami
0 days 01:04:33.274000,BOR,4.0,0 days 00:01:34.522000,MEDIUM,4.0,1.0,1,,,94.522,2025,Miami
0 days 01:06:06.468000,BOR,5.0,0 days 00:01:33.194000,MEDIUM,5.0,1.0,1,,,93.194,2025,Miami
0 days 01:07:39.602000,BOR,6.0,0 days 00:01:33.134000,MEDIUM,6.0,1.0,1,,,93.134,2025,Miami
0 days 01:09:13.209000,BOR,7.0,0 days 00:01:33.607000,MEDIUM,7.0,1.0,1,,,93.607,2025,Miami
0 days 01:10:46.803000,BOR,8.0,0 days 00:01:33.594000,MEDIUM,8.0,1.0,1,,,93.594,2025,Miami
0 days 01:12:20.072000,BOR,9.0,0 days 00:01:33.269000,MEDIUM,9.0,1.0,1,,,93.269,2025,Miami
0 days 01:13:53.511000,BOR,10.0,0 days 00:01:33.439000,MEDIUM,10.0,1.0,1,,,93.439,2025,Miami
0 days 01:15:27.072000,BOR,11.0,0 days 00:01:33.561000,MEDIUM,11.0,1.0,1,,,93.561,2025,Miami
0 days 01:17:00.453000,BOR,12.0,0 days 00:01:33.381000,MEDIUM,12.0,1.0,1,,,93.381,2025,Miami
0 days 01:18:33.855000,BOR,13.0,0 days 00:01:33.402000,MEDIUM,13.0,1.0,1,,,93.402,2025,Miami
0 days 01:20:07.058000,BOR,14.0,0 days 00:01:33.203000,MEDIUM,14.0,1.0,1,,,93.203,2025,Miami
0 days 01:21:40.605000,BOR,15.0,0 days 00:01:33.547000,MEDIUM,15.0,1.0,1,,,93.547,2025,Miami
0 days 01:23:14.383000,BOR,16.0,0 days 00:01:33.778000,MEDIUM,16.0,1.0,1,,,93.778,2025,Miami
0 days 01:24:47.964000,BOR,17.0,0 days 00:01:33.581000,MEDIUM,17.0,1.0,1,,,93.581,2025,Miami
0 days 01:26:21.854000,BOR,18.0,0 days 00:01:33.890000,MEDIUM,18.0,1.0,1,,,93.89,2025,Miami
0 days 01:28:00.264000,BOR,19.0,0 days 00:01:38.410000,MEDIUM,19.0,1.0,1,0 days 01:27:54.870000,,98.41,2025,Miami
0 days 01:29:46.822000,BOR,20.0,0 days 00:01:46.558000,HARD,1.0,2.0,1,,0 days 01:28:17.069000,106.558,2025,Miami
0 days 01:31:19.150000,BOR,21.0,0 days 00:01:32.328000,HARD,2.0,2.0,1,,,92.328,2025,Miami
0 days 01:32:51.564000,BOR,22.0,0 days 00:01:32.414000,HARD,3.0,2.0,1,,,92.414,2025,Miami
0 days 01:34:23.987000,BOR,23.0,0 days 00:01:32.423000,HARD,4.0,2.0,1,,,92.423,2025,Miami
0 days 01:35:57.262000,BOR,24.0,0 days 00:01:33.275000,HARD,5.0,2.0,1,,,93.275,2025,Miami
0 days 01:37:30.424000,BOR,25.0,0 days 00:01:33.162000,HARD,6.0,2.0,1,,,93.162,2025,Miami
0 days 01:39:03.246000,BOR,26.0,0 days 00:01:32.822000,HARD,7.0,2.0,1,,,92.822,2025,Miami
0 days 01:40:35.666000,BOR,27.0,0 days 00:01:32.420000,HARD,8.0,2.0,1,,,92.42,2025,Miami
0 days 01:42:20.401000,BOR,28.0,0 days 00:01:44.735000,HARD,9.0,2.0,16,,,104.735,2025,Miami
0 days 01:44:21.998000,BOR,29.0,0 days 00:02:01.597000,HARD,10.0,2.0,671,,,121.597,2025,Miami
0 days 01:46:19.047000,BOR,30.0,0 days 00:01:57.049000,HARD,11.0,2.0,1,,,117.049,2025,Miami
0 days 01:48:49.047000,BOR,31.0,,HARD,12.0,2.0,16,,,,2025,Miami
0 days 00:58:55.319000,SAI,1.0,0 days 00:01:39.731000,nan,,,12,,,99.731,2025,Miami
0 days 01:00:50.726000,SAI,2.0,0 days 00:01:55.407000,nan,,,126,,,115.407,2025,Miami
0 days 01:02:52.662000,SAI,3.0,0 days 00:02:01.936000,nan,,,671,,,121.936,2025,Miami
0 days 01:04:25.183000,SAI,4.0,0 days 00:01:32.521000,nan,,,1,,,92.521,2025,Miami
0 days 01:05:57.515000,SAI,5.0,0 days 00:01:32.332000,nan,,,1,,,92.332,2025,Miami
0 days 01:07:30.832000,SAI,6.0,0 days 00:01:33.317000,nan,,,1,,,93.317,2025,Miami
0 days 01:09:03.861000,SAI,7.0,0 days 00:01:33.029000,nan,,,1,,,93.029,2025,Miami
0 days 01:10:37.091000,SAI,8.0,0 days 00:01:33.230000,nan,,,1,,,93.23,2025,Miami
0 days 01:12:10.191000,SAI,9.0,0 days 00:01:33.100000,nan,,,1,,,93.1,2025,Miami
0 days 01:13:43.097000,SAI,10.0,0 days 00:01:32.906000,nan,,,1,,,92.906,2025,Miami
0 days 01:15:16.749000,SAI,11.0,0 days 00:01:33.652000,nan,,,1,,,93.652,2025,Miami
0 days 01:16:50.128000,SAI,12.0,0 days 00:01:33.379000,nan,,,1,,,93.379,2025,Miami
0 days 01:18:23.172000,SAI,13.0,0 days 00:01:33.044000,nan,,,1,,,93.044,2025,Miami
0 days 01:19:56.786000,SAI,14.0,0 days 00:01:33.614000,nan,,,1,,,93.614,2025,Miami
0 days 01:21:30.324000,SAI,15.0,0 days 00:01:33.538000,nan,,,1,,,93.538,2025,Miami
0 days 01:23:03.239000,SAI,16.0,0 days 00:01:32.915000,nan,,,1,,,92.915,2025,Miami
0 days 01:24:36.096000,SAI,17.0,0 days 00:01:32.857000,nan,,,1,,,92.857,2025,Miami
0 days 01:26:09.353000,SAI,18.0,0 days 00:01:33.257000,nan,,,1,,,93.257,2025,Miami
0 days 01:27:41.899000,SAI,19.0,0 days 00:01:32.546000,nan,,,1,,,92.546,2025,Miami
0 days 01:29:14.557000,SAI,20.0,0 days 00:01:32.658000,nan,,,1,,,92.658,2025,Miami
0 days 01:30:47.770000,SAI,21.0,0 days 00:01:33.213000,nan,,,1,,,93.213,2025,Miami
0 days 01:32:20.628000,SAI,22.0,0 days 00:01:32.858000,nan,,,1,,,92.858,2025,Miami
0 days 01:33:53.185000,SAI,23.0,0 days 00:01:32.557000,nan,,,1,,,92.557,2025,Miami
0 days 01:35:26.031000,SAI,24.0,0 days 00:01:32.846000,nan,,,1,,,92.846,2025,Miami
0 days 01:37:03.364000,SAI,25.0,0 days 00:01:37.333000,MEDIUM,7.0,1.0,1,0 days 01:36:57.932000,,97.333,2025,Miami
0 days 01:38:49.091000,SAI,26.0,0 days 00:01:45.727000,MEDIUM,8.0,1.0,1,,0 days 01:37:20.457000,105.727,2025,Miami
0 days 01:40:20.289000,SAI,27.0,0 days 00:01:31.198000,MEDIUM,9.0,1.0,1,,,91.198,2025,Miami
0 days 01:41:58.380000,SAI,28.0,0 days 00:01:38.091000,MEDIUM,10.0,1.0,16,,,98.091,2025,Miami
0 days 01:44:03.727000,SAI,29.0,0 days 00:02:05.347000,MEDIUM,11.0,1.0,671,,,125.347,2025,Miami
0 days 01:45:35.273000,SAI,30.0,0 days 00:01:31.546000,MEDIUM,12.0,1.0,1,,,91.546,2025,Miami
0 days 01:47:08.046000,SAI,31.0,0 days 00:01:32.773000,MEDIUM,13.0,1.0,1,,,92.773,2025,Miami
0 days 01:48:39.643000,SAI,32.0,0 days 00:01:31.597000,MEDIUM,14.0,1.0,1,,,91.597,2025,Miami
0 days 01:50:41.096000,SAI,33.0,0 days 00:02:01.453000,HARD,1.0,2.0,167,,,121.453,2025,Miami
0 days 01:52:13.075000,SAI,34.0,0 days 00:01:31.979000,HARD,2.0,2.0,1,,,91.979,2025,Miami
0 days 01:53:43.778000,SAI,35.0,0 days 00:01:30.703000,HARD,3.0,2.0,1,,,90.703,2025,Miami
0 days 01:55:14.910000,SAI,36.0,0 days 00:01:31.132000,HARD,4.0,2.0,1,,,91.132,2025,Miami
0 days 01:56:45.910000,SAI,37.0,0 days 00:01:31,HARD,5.0,2.0,1,,,91.0,2025,Miami
0 days 01:58:17.324000,SAI,38.0,0 days 00:01:31.414000,HARD,6.0,2.0,1,,,91.414,2025,Miami
0 days 01:59:48.609000,SAI,39.0,0 days 00:01:31.285000,HARD,7.0,2.0,1,,,91.285,2025,Miami
0 days 02:01:20.167000,SAI,40.0,0 days 00:01:31.558000,HARD,8.0,2.0,1,,,91.558,2025,Miami
0 days 02:02:51.377000,SAI,41.0,0 days 00:01:31.210000,HARD,9.0,2.0,1,,,91.21,2025,Miami
0 days 02:04:22.536000,SAI,42.0,0 days 00:01:31.159000,HARD,10.0,2.0,1,,,91.159,2025,Miami
0 days 02:05:53.784000,SAI,43.0,0 days 00:01:31.248000,HARD,11.0,2.0,1,,,91.248,2025,Miami
0 days 02:07:24.941000,SAI,44.0,0 days 00:01:31.157000,HARD,12.0,2.0,1,,,91.157,2025,Miami
0 days 02:08:56.229000,SAI,45.0,0 days 00:01:31.288000,HARD,13.0,2.0,1,,,91.288,2025,Miami
0 days 02:10:27.267000,SAI,46.0,0 days 00:01:31.038000,HARD,14.0,2.0,1,,,91.038,2025,Miami
0 days 02:11:58.395000,SAI,47.0,0 days 00:01:31.128000,HARD,15.0,2.0,1,,,91.128,2025,Miami
0 days 02:13:29.328000,SAI,48.0,0 days 00:01:30.933000,HARD,16.0,2.0,1,,,90.933,2025,Miami
0 days 02:15:00.177000,SAI,49.0,0 days 00:01:30.849000,HARD,17.0,2.0,1,,,90.849,2025,Miami
0 days 02:16:31.157000,SAI,50.0,0 days 00:01:30.980000,HARD,18.0,2.0,1,,,90.98,2025,Miami
0 days 02:18:01.970000,SAI,51.0,0 days 00:01:30.813000,HARD,19.0,2.0,1,,,90.813,2025,Miami
0 days 02:19:32.733000,SAI,52.0,0 days 00:01:30.763000,HARD,20.0,2.0,1,,,90.763,2025,Miami
0 days 02:21:03.610000,SAI,53.0,0 days 00:01:30.877000,HARD,21.0,2.0,1,,,90.877,2025,Miami
0 days 02:22:34.514000,SAI,54.0,0 days 00:01:30.904000,HARD,22.0,2.0,1,,,90.904,2025,Miami
0 days 02:24:05.315000,SAI,55.0,0 days 00:01:30.801000,HARD,23.0,2.0,1,,,90.801,2025,Miami
0 days 02:25:36.493000,SAI,56.0,0 days 00:01:31.178000,HARD,24.0,2.0,1,,,91.178,2025,Miami
0 days 02:27:07.752000,SAI,57.0,0 days 00:01:31.259000,HARD,25.0,2.0,1,,,91.259,2025,Miami
0 days 00:58:57.713000,HAD,1.0,0 days 00:01:42.125000,MEDIUM,1.0,1.0,12,,,102.125,2025,Miami
0 days 01:00:57.139000,HAD,2.0,0 days 00:01:59.426000,MEDIUM,2.0,1.0,126,,,119.426,2025,Miami
0 days 01:02:58.234000,HAD,3.0,0 days 00:02:01.095000,MEDIUM,3.0,1.0,671,,,121.095,2025,Miami
0 days 01:04:32.780000,HAD,4.0,0 days 00:01:34.546000,MEDIUM,4.0,1.0,1,,,94.546,2025,Miami
0 days 01:06:05.743000,HAD,5.0,0 days 00:01:32.963000,MEDIUM,5.0,1.0,1,,,92.963,2025,Miami
0 days 01:07:39.034000,HAD,6.0,0 days 00:01:33.291000,MEDIUM,6.0,1.0,1,,,93.291,2025,Miami
0 days 01:09:12.148000,HAD,7.0,0 days 00:01:33.114000,MEDIUM,7.0,1.0,1,,,93.114,2025,Miami
0 days 01:10:45.490000,HAD,8.0,0 days 00:01:33.342000,MEDIUM,8.0,1.0,1,,,93.342,2025,Miami
0 days 01:12:18.889000,HAD,9.0,0 days 00:01:33.399000,MEDIUM,9.0,1.0,1,,,93.399,2025,Miami
0 days 01:13:52.094000,HAD,10.0,0 days 00:01:33.205000,MEDIUM,10.0,1.0,1,,,93.205,2025,Miami
0 days 01:15:25.189000,HAD,11.0,0 days 00:01:33.095000,MEDIUM,11.0,1.0,1,,,93.095,2025,Miami
0 days 01:16:58.424000,HAD,12.0,0 days 00:01:33.235000,MEDIUM,12.0,1.0,1,,,93.235,2025,Miami
0 days 01:18:31.569000,HAD,13.0,0 days 00:01:33.145000,MEDIUM,13.0,1.0,1,,,93.145,2025,Miami
0 days 01:20:05.210000,HAD,14.0,0 days 00:01:33.641000,MEDIUM,14.0,1.0,1,,,93.641,2025,Miami
0 days 01:21:38.451000,HAD,15.0,0 days 00:01:33.241000,MEDIUM,15.0,1.0,1,,,93.241,2025,Miami
0 days 01:23:11.602000,HAD,16.0,0 days 00:01:33.151000,MEDIUM,16.0,1.0,1,,,93.151,2025,Miami
0 days 01:24:44.968000,HAD,17.0,0 days 00:01:33.366000,MEDIUM,17.0,1.0,1,,,93.366,2025,Miami
0 days 01:26:18.298000,HAD,18.0,0 days 00:01:33.330000,MEDIUM,18.0,1.0,1,,,93.33,2025,Miami
0 days 01:27:51.663000,HAD,19.0,0 days 00:01:33.365000,MEDIUM,19.0,1.0,1,,,93.365,2025,Miami
0 days 01:29:24.953000,HAD,20.0,0 days 00:01:33.290000,MEDIUM,20.0,1.0,1,,,93.29,2025,Miami
0 days 01:30:58.022000,HAD,21.0,0 days 00:01:33.069000,MEDIUM,21.0,1.0,1,,,93.069,2025,Miami
0 days 01:32:36.603000,HAD,22.0,0 days 00:01:38.581000,MEDIUM,22.0,1.0,1,0 days 01:32:31.168000,,98.581,2025,Miami
0 days 01:34:22.360000,HAD,23.0,0 days 00:01:45.757000,HARD,1.0,2.0,1,,0 days 01:32:53.367000,105.757,2025,Miami
0 days 01:35:54.392000,HAD,24.0,0 days 00:01:32.032000,HARD,2.0,2.0,1,,,92.032,2025,Miami
0 days 01:37:26.036000,HAD,25.0,0 days 00:01:31.644000,HARD,3.0,2.0,1,,,91.644,2025,Miami
0 days 01:38:57.889000,HAD,26.0,0 days 00:01:31.853000,HARD,4.0,2.0,1,,,91.853,2025,Miami
0 days 01:40:29.791000,HAD,27.0,0 days 00:01:31.902000,HARD,5.0,2.0,1,,,91.902,2025,Miami
0 days 01:42:13.601000,HAD,28.0,0 days 00:01:43.810000,HARD,6.0,2.0,16,,,103.81,2025,Miami
0 days 01:44:14.320000,HAD,29.0,0 days 00:02:00.719000,HARD,7.0,2.0,671,,,120.719,2025,Miami
0 days 01:45:45.553000,HAD,30.0,0 days 00:01:31.233000,HARD,8.0,2.0,1,,,91.233,2025,Miami
0 days 01:47:17.224000,HAD,31.0,0 days 00:01:31.671000,HARD,9.0,2.0,1,,,91.671,2025,Miami
0 days 01:48:53.244000,HAD,32.0,0 days 00:01:36.020000,HARD,10.0,2.0,16,,,96.02,2025,Miami
0 days 01:50:48.722000,HAD,33.0,0 days 00:01:55.478000,HARD,11.0,2.0,671,,,115.478,2025,Miami
0 days 01:52:20.031000,HAD,34.0,0 days 00:01:31.309000,HARD,12.0,2.0,1,,,91.309,2025,Miami
0 days 01:53:51.519000,HAD,35.0,0 days 00:01:31.488000,HARD,13.0,2.0,1,,,91.488,2025,Miami
0 days 01:55:23.249000,HAD,36.0,0 days 00:01:31.730000,HARD,14.0,2.0,1,,,91.73,2025,Miami
0 days 01:56:54.996000,HAD,37.0,0 days 00:01:31.747000,HARD,15.0,2.0,1,,,91.747,2025,Miami
0 days 01:58:26.448000,HAD,38.0,0 days 00:01:31.452000,HARD,16.0,2.0,1,,,91.452,2025,Miami
0 days 01:59:57.955000,HAD,39.0,0 days 00:01:31.507000,HARD,17.0,2.0,1,,,91.507,2025,Miami
0 days 02:01:29.499000,HAD,40.0,0 days 00:01:31.544000,HARD,18.0,2.0,1,,,91.544,2025,Miami
0 days 02:03:01.072000,HAD,41.0,0 days 00:01:31.573000,HARD,19.0,2.0,1,,,91.573,2025,Miami
0 days 02:04:32.553000,HAD,42.0,0 days 00:01:31.481000,HARD,20.0,2.0,1,,,91.481,2025,Miami
0 days 02:06:03.991000,HAD,43.0,0 days 00:01:31.438000,HARD,21.0,2.0,1,,,91.438,2025,Miami
0 days 02:07:35.450000,HAD,44.0,0 days 00:01:31.459000,HARD,22.0,2.0,1,,,91.459,2025,Miami
0 days 02:09:06.962000,HAD,45.0,0 days 00:01:31.512000,HARD,23.0,2.0,1,,,91.512,2025,Miami
0 days 02:10:38.492000,HAD,46.0,0 days 00:01:31.530000,HARD,24.0,2.0,1,,,91.53,2025,Miami
0 days 02:12:10.064000,HAD,47.0,0 days 00:01:31.572000,HARD,25.0,2.0,1,,,91.572,2025,Miami
0 days 02:13:41.236000,HAD,48.0,0 days 00:01:31.172000,HARD,26.0,2.0,1,,,91.172,2025,Miami
0 days 02:15:12.278000,HAD,49.0,0 days 00:01:31.042000,HARD,27.0,2.0,1,,,91.042,2025,Miami
0 days 02:16:43.275000,HAD,50.0,0 days 00:01:30.997000,HARD,28.0,2.0,1,,,90.997,2025,Miami
0 days 02:18:14.246000,HAD,51.0,0 days 00:01:30.971000,HARD,29.0,2.0,1,,,90.971,2025,Miami
0 days 02:19:45.474000,HAD,52.0,0 days 00:01:31.228000,HARD,30.0,2.0,1,,,91.228,2025,Miami
0 days 02:21:16.783000,HAD,53.0,0 days 00:01:31.309000,HARD,31.0,2.0,1,,,91.309,2025,Miami
0 days 02:22:48,HAD,54.0,0 days 00:01:31.217000,HARD,32.0,2.0,1,,,91.217,2025,Miami
0 days 02:24:19.128000,HAD,55.0,0 days 00:01:31.128000,HARD,33.0,2.0,1,,,91.128,2025,Miami
0 days 02:25:50.464000,HAD,56.0,0 days 00:01:31.336000,HARD,34.0,2.0,1,,,91.336,2025,Miami
0 days 02:27:21.777000,HAD,57.0,0 days 00:01:31.313000,HARD,35.0,2.0,1,,,91.313,2025,Miami
0 days 00:58:53.766000,RUS,1.0,0 days 00:01:38.178000,nan,,,12,,,98.178,2025,Miami
0 days 01:00:46.597000,RUS,2.0,0 days 00:01:52.831000,nan,,,126,,,112.831,2025,Miami
0 days 01:02:50.687000,RUS,3.0,0 days 00:02:04.090000,nan,,,671,,,124.09,2025,Miami
0 days 01:04:23.333000,RUS,4.0,0 days 00:01:32.646000,nan,,,1,,,92.646,2025,Miami
0 days 01:05:56.112000,RUS,5.0,0 days 00:01:32.779000,nan,,,1,,,92.779,2025,Miami
0 days 01:07:29.148000,RUS,6.0,0 days 00:01:33.036000,nan,,,1,,,93.036,2025,Miami
0 days 01:09:03.510000,RUS,7.0,0 days 00:01:34.362000,nan,,,1,,,94.362,2025,Miami
0 days 01:10:36.646000,RUS,8.0,0 days 00:01:33.136000,nan,,,1,,,93.136,2025,Miami
0 days 01:12:09.597000,RUS,9.0,0 days 00:01:32.951000,nan,,,1,,,92.951,2025,Miami
0 days 01:13:42.758000,RUS,10.0,0 days 00:01:33.161000,nan,,,1,,,93.161,2025,Miami
0 days 01:15:15.428000,RUS,11.0,0 days 00:01:32.670000,nan,,,1,,,92.67,2025,Miami
0 days 01:16:48.264000,RUS,12.0,0 days 00:01:32.836000,nan,,,1,,,92.836,2025,Miami
0 days 01:18:21.093000,RUS,13.0,0 days 00:01:32.829000,nan,,,1,,,92.829,2025,Miami
0 days 01:19:53.812000,RUS,14.0,0 days 00:01:32.719000,nan,,,1,,,92.719,2025,Miami
0 days 01:21:26.567000,RUS,15.0,0 days 00:01:32.755000,nan,,,1,,,92.755,2025,Miami
0 days 01:22:59.453000,RUS,16.0,0 days 00:01:32.886000,nan,,,1,,,92.886,2025,Miami
0 days 01:24:32.143000,RUS,17.0,0 days 00:01:32.690000,nan,,,1,,,92.69,2025,Miami
0 days 01:26:05.243000,RUS,18.0,0 days 00:01:33.100000,nan,,,1,,,93.1,2025,Miami
0 days 01:27:38.101000,RUS,19.0,0 days 00:01:32.858000,nan,,,1,,,92.858,2025,Miami
0 days 01:29:10.852000,RUS,20.0,0 days 00:01:32.751000,nan,,,1,,,92.751,2025,Miami
0 days 01:30:43.672000,RUS,21.0,0 days 00:01:32.820000,nan,,,1,,,92.82,2025,Miami
0 days 01:32:16.264000,RUS,22.0,0 days 00:01:32.592000,nan,,,1,,,92.592,2025,Miami
0 days 01:33:48.696000,RUS,23.0,0 days 00:01:32.432000,nan,,,1,,,92.432,2025,Miami
0 days 01:35:21.236000,RUS,24.0,0 days 00:01:32.540000,nan,,,1,,,92.54,2025,Miami
0 days 01:36:53.592000,RUS,25.0,0 days 00:01:32.356000,HARD,1.0,1.0,1,,,92.356,2025,Miami
0 days 01:38:25.612000,RUS,26.0,0 days 00:01:32.020000,HARD,2.0,1.0,1,,,92.02,2025,Miami
0 days 01:39:57.776000,RUS,27.0,0 days 00:01:32.164000,HARD,3.0,1.0,1,,,92.164,2025,Miami
0 days 01:41:30.167000,RUS,28.0,0 days 00:01:32.391000,HARD,4.0,1.0,1,,,92.391,2025,Miami
0 days 01:43:38.548000,RUS,29.0,0 days 00:02:08.381000,HARD,5.0,1.0,16,0 days 01:43:33.026000,,128.381,2025,Miami
0 days 01:45:24.393000,RUS,30.0,0 days 00:01:45.845000,HARD,6.0,1.0,671,,0 days 01:43:57.234000,105.845,2025,Miami
0 days 01:46:54.711000,RUS,31.0,0 days 00:01:30.318000,HARD,7.0,1.0,1,,,90.318,2025,Miami
0 days 01:48:25.919000,RUS,32.0,0 days 00:01:31.208000,HARD,8.0,1.0,1,,,91.208,2025,Miami
0 days 01:50:24.582000,RUS,33.0,0 days 00:01:58.663000,MEDIUM,1.0,2.0,167,,,118.663,2025,Miami
0 days 01:51:55.408000,RUS,34.0,0 days 00:01:30.826000,MEDIUM,2.0,2.0,1,,,90.826,2025,Miami
0 days 01:53:26.264000,RUS,35.0,0 days 00:01:30.856000,MEDIUM,3.0,2.0,1,,,90.856,2025,Miami
0 days 01:54:57.383000,RUS,36.0,0 days 00:01:31.119000,MEDIUM,4.0,2.0,1,,,91.119,2025,Miami
0 days 01:56:28.580000,RUS,37.0,0 days 00:01:31.197000,MEDIUM,5.0,2.0,1,,,91.197,2025,Miami
0 days 01:57:59.439000,RUS,38.0,0 days 00:01:30.859000,MEDIUM,6.0,2.0,1,,,90.859,2025,Miami
0 days 01:59:30.439000,RUS,39.0,0 days 00:01:31,MEDIUM,7.0,2.0,1,,,91.0,2025,Miami
0 days 02:01:01.342000,RUS,40.0,0 days 00:01:30.903000,MEDIUM,8.0,2.0,1,,,90.903,2025,Miami
0 days 02:02:32.190000,RUS,41.0,0 days 00:01:30.848000,MEDIUM,9.0,2.0,1,,,90.848,2025,Miami
0 days 02:04:02.945000,RUS,42.0,0 days 00:01:30.755000,MEDIUM,10.0,2.0,1,,,90.755,2025,Miami
0 days 02:05:33.905000,RUS,43.0,0 days 00:01:30.960000,MEDIUM,11.0,2.0,1,,,90.96,2025,Miami
0 days 02:07:04.700000,RUS,44.0,0 days 00:01:30.795000,MEDIUM,12.0,2.0,1,,,90.795,2025,Miami
0 days 02:08:35.537000,RUS,45.0,0 days 00:01:30.837000,MEDIUM,13.0,2.0,1,,,90.837,2025,Miami
0 days 02:10:06.315000,RUS,46.0,0 days 00:01:30.778000,MEDIUM,14.0,2.0,1,,,90.778,2025,Miami
0 days 02:11:37.194000,RUS,47.0,0 days 00:01:30.879000,MEDIUM,15.0,2.0,1,,,90.879,2025,Miami
0 days 02:13:08.015000,RUS,48.0,0 days 00:01:30.821000,MEDIUM,16.0,2.0,1,,,90.821,2025,Miami
0 days 02:14:38.957000,RUS,49.0,0 days 00:01:30.942000,MEDIUM,17.0,2.0,1,,,90.942,2025,Miami
0 days 02:16:09.709000,RUS,50.0,0 days 00:01:30.752000,MEDIUM,18.0,2.0,1,,,90.752,2025,Miami
0 days 02:17:40.353000,RUS,51.0,0 days 00:01:30.644000,MEDIUM,19.0,2.0,1,,,90.644,2025,Miami
0 days 02:19:10.990000,RUS,52.0,0 days 00:01:30.637000,MEDIUM,20.0,2.0,1,,,90.637,2025,Miami
0 days 02:20:41.508000,RUS,53.0,0 days 00:01:30.518000,MEDIUM,21.0,2.0,1,,,90.518,2025,Miami
0 days 02:22:12.024000,RUS,54.0,0 days 00:01:30.516000,MEDIUM,22.0,2.0,1,,,90.516,2025,Miami
0 days 02:23:42.813000,RUS,55.0,0 days 00:01:30.789000,MEDIUM,23.0,2.0,1,,,90.789,2025,Miami
0 days 02:25:13.814000,RUS,56.0,0 days 00:01:31.001000,MEDIUM,24.0,2.0,1,,,91.001,2025,Miami
0 days 02:26:44.819000,RUS,57.0,0 days 00:01:31.005000,MEDIUM,25.0,2.0,1,,,91.005,2025,Miami
0 days 00:58:51.257000,DOO,1.0,,MEDIUM,1.0,1.0,12,,,,2025,Miami
0 days 00:58:52.723000,PIA,1.0,0 days 00:01:37.135000,nan,,,12,,,97.135,2025,Miami
0 days 01:00:45.400000,PIA,2.0,0 days 00:01:52.677000,nan,,,126,,,112.677,2025,Miami
0 days 01:02:50.020000,PIA,3.0,0 days 00:02:04.620000,nan,,,671,,,124.62,2025,Miami
0 days 01:04:21.940000,PIA,4.0,0 days 00:01:31.920000,nan,,,1,,,91.92,2025,Miami
0 days 01:05:54.222000,PIA,5.0,0 days 00:01:32.282000,nan,,,1,,,92.282,2025,Miami
0 days 01:07:26.269000,PIA,6.0,0 days 00:01:32.047000,nan,,,1,,,92.047,2025,Miami
0 days 01:08:58.466000,PIA,7.0,0 days 00:01:32.197000,nan,,,1,,,92.197,2025,Miami
0 days 01:10:30.451000,PIA,8.0,0 days 00:01:31.985000,nan,,,1,,,91.985,2025,Miami
0 days 01:12:02.687000,PIA,9.0,0 days 00:01:32.236000,nan,,,1,,,92.236,2025,Miami
0 days 01:13:34.763000,PIA,10.0,0 days 00:01:32.076000,nan,,,1,,,92.076,2025,Miami
0 days 01:15:07.663000,PIA,11.0,0 days 00:01:32.900000,nan,,,1,,,92.9,2025,Miami
0 days 01:16:39.916000,PIA,12.0,0 days 00:01:32.253000,nan,,,1,,,92.253,2025,Miami
0 days 01:18:11.795000,PIA,13.0,0 days 00:01:31.879000,nan,,,1,,,91.879,2025,Miami
0 days 01:19:44.781000,PIA,14.0,0 days 00:01:32.986000,nan,,,1,,,92.986,2025,Miami
0 days 01:21:16.597000,PIA,15.0,0 days 00:01:31.816000,nan,,,1,,,91.816,2025,Miami
0 days 01:22:48.284000,PIA,16.0,0 days 00:01:31.687000,nan,,,1,,,91.687,2025,Miami
0 days 01:24:20.077000,PIA,17.0,0 days 00:01:31.793000,nan,,,1,,,91.793,2025,Miami
0 days 01:25:52.031000,PIA,18.0,0 days 00:01:31.954000,nan,,,1,,,91.954,2025,Miami
0 days 01:27:23.693000,PIA,19.0,0 days 00:01:31.662000,nan,,,1,,,91.662,2025,Miami
0 days 01:28:55.404000,PIA,20.0,0 days 00:01:31.711000,nan,,,1,,,91.711,2025,Miami
0 days 01:30:27.226000,PIA,21.0,0 days 00:01:31.822000,nan,,,1,,,91.822,2025,Miami
0 days 01:31:59.069000,PIA,22.0,0 days 00:01:31.843000,nan,,,1,,,91.843,2025,Miami
0 days 01:33:30.534000,PIA,23.0,0 days 00:01:31.465000,nan,,,1,,,91.465,2025,Miami
0 days 01:35:01.963000,PIA,24.0,0 days 00:01:31.429000,nan,,,1,,,91.429,2025,Miami
0 days 01:36:33.355000,PIA,25.0,0 days 00:01:31.392000,MEDIUM,1.0,1.0,1,,,91.392,2025,Miami
0 days 01:38:04.862000,PIA,26.0,0 days 00:01:31.507000,MEDIUM,2.0,1.0,1,,,91.507,2025,Miami
0 days 01:39:36.294000,PIA,27.0,0 days 00:01:31.432000,MEDIUM,3.0,1.0,1,,,91.432,2025,Miami
0 days 01:41:08.012000,PIA,28.0,0 days 00:01:31.718000,MEDIUM,4.0,1.0,1,,,91.718,2025,Miami
0 days 01:43:07.130000,PIA,29.0,0 days 00:01:59.118000,MEDIUM,5.0,1.0,16,0 days 01:43:01.690000,,119.118,2025,Miami
0 days 01:45:00.891000,PIA,30.0,0 days 00:01:53.761000,MEDIUM,6.0,1.0,671,,0 days 01:43:23.785000,113.761,2025,Miami
0 days 01:46:31.061000,PIA,31.0,0 days 00:01:30.170000,MEDIUM,7.0,1.0,1,,,90.17,2025,Miami
0 days 01:48:01.272000,PIA,32.0,0 days 00:01:30.211000,MEDIUM,8.0,1.0,1,,,90.211,2025,Miami
0 days 01:49:51.855000,PIA,33.0,0 days 00:01:50.583000,HARD,1.0,2.0,16,,,110.583,2025,Miami
0 days 01:51:29.901000,PIA,34.0,0 days 00:01:38.046000,HARD,2.0,2.0,671,,,98.046,2025,Miami
0 days 01:52:59.723000,PIA,35.0,0 days 00:01:29.822000,HARD,3.0,2.0,1,,,89.822,2025,Miami
0 days 01:54:29.924000,PIA,36.0,0 days 00:01:30.201000,HARD,4.0,2.0,1,,,90.201,2025,Miami
0 days 01:55:59.994000,PIA,37.0,0 days 00:01:30.070000,HARD,5.0,2.0,1,,,90.07,2025,Miami
0 days 01:57:30.161000,PIA,38.0,0 days 00:01:30.167000,HARD,6.0,2.0,1,,,90.167,2025,Miami
0 days 01:59:00.355000,PIA,39.0,0 days 00:01:30.194000,HARD,7.0,2.0,1,,,90.194,2025,Miami
0 days 02:00:30.591000,PIA,40.0,0 days 00:01:30.236000,HARD,8.0,2.0,1,,,90.236,2025,Miami
0 days 02:02:00.961000,PIA,41.0,0 days 00:01:30.370000,HARD,9.0,2.0,1,,,90.37,2025,Miami
0 days 02:03:31.268000,PIA,42.0,0 days 00:01:30.307000,HARD,10.0,2.0,1,,,90.307,2025,Miami
0 days 02:05:01.681000,PIA,43.0,0 days 00:01:30.413000,HARD,11.0,2.0,1,,,90.413,2025,Miami
0 days 02:06:31.818000,PIA,44.0,0 days 00:01:30.137000,HARD,12.0,2.0,1,,,90.137,2025,Miami
0 days 02:08:02.407000,PIA,45.0,0 days 00:01:30.589000,HARD,13.0,2.0,1,,,90.589,2025,Miami
0 days 02:09:33.060000,PIA,46.0,0 days 00:01:30.653000,HARD,14.0,2.0,1,,,90.653,2025,Miami
0 days 02:11:03.432000,PIA,47.0,0 days 00:01:30.372000,HARD,15.0,2.0,1,,,90.372,2025,Miami
0 days 02:12:33.991000,PIA,48.0,0 days 00:01:30.559000,HARD,16.0,2.0,1,,,90.559,2025,Miami
0 days 02:14:03.983000,PIA,49.0,0 days 00:01:29.992000,HARD,17.0,2.0,1,,,89.992,2025,Miami
0 days 02:15:34.119000,PIA,50.0,0 days 00:01:30.136000,HARD,18.0,2.0,1,,,90.136,2025,Miami
0 days 02:17:04.222000,PIA,51.0,0 days 00:01:30.103000,HARD,19.0,2.0,1,,,90.103,2025,Miami
0 days 02:18:34.467000,PIA,52.0,0 days 00:01:30.245000,HARD,20.0,2.0,1,,,90.245,2025,Miami
0 days 02:20:05.125000,PIA,53.0,0 days 00:01:30.658000,HARD,21.0,2.0,1,,,90.658,2025,Miami
0 days 02:21:35.394000,PIA,54.0,0 days 00:01:30.269000,HARD,22.0,2.0,1,,,90.269,2025,Miami
0 days 02:23:06.155000,PIA,55.0,0 days 00:01:30.761000,HARD,23.0,2.0,1,,,90.761,2025,Miami
0 days 02:24:36.734000,PIA,56.0,0 days 00:01:30.579000,HARD,24.0,2.0,1,,,90.579,2025,Miami
0 days 02:26:07.175000,PIA,57.0,0 days 00:01:30.441000,HARD,25.0,2.0,1,,,90.441,2025,Miami
0 days 00:59:00.238000,BEA,1.0,0 days 00:01:44.650000,nan,,,12,,,104.65,2025,Miami
0 days 01:01:04.865000,BEA,2.0,0 days 00:02:04.627000,nan,,,126,,,124.627,2025,Miami
0 days 01:03:00.870000,BEA,3.0,0 days 00:01:56.005000,nan,,,671,,,116.005,2025,Miami
0 days 01:04:34.714000,BEA,4.0,0 days 00:01:33.844000,nan,,,1,,,93.844,2025,Miami
0 days 01:06:08.602000,BEA,5.0,0 days 00:01:33.888000,nan,,,1,,,93.888,2025,Miami
0 days 01:07:42.091000,BEA,6.0,0 days 00:01:33.489000,nan,,,1,,,93.489,2025,Miami
0 days 01:09:15.515000,BEA,7.0,0 days 00:01:33.424000,nan,,,1,,,93.424,2025,Miami
0 days 01:10:49.065000,BEA,8.0,0 days 00:01:33.550000,nan,,,1,,,93.55,2025,Miami
0 days 01:12:22.691000,BEA,9.0,0 days 00:01:33.626000,nan,,,1,,,93.626,2025,Miami
0 days 01:13:56.448000,BEA,10.0,0 days 00:01:33.757000,nan,,,1,,,93.757,2025,Miami
0 days 01:15:30.174000,BEA,11.0,0 days 00:01:33.726000,nan,,,1,,,93.726,2025,Miami
0 days 01:17:03.534000,BEA,12.0,0 days 00:01:33.360000,nan,,,1,,,93.36,2025,Miami
0 days 01:18:37.171000,BEA,13.0,0 days 00:01:33.637000,nan,,,1,,,93.637,2025,Miami
0 days 01:20:11.439000,BEA,14.0,0 days 00:01:34.268000,nan,,,1,,,94.268,2025,Miami
0 days 01:21:45.317000,BEA,15.0,0 days 00:01:33.878000,nan,,,1,,,93.878,2025,Miami
0 days 01:23:18.901000,BEA,16.0,0 days 00:01:33.584000,nan,,,1,,,93.584,2025,Miami
0 days 01:24:52.898000,BEA,17.0,0 days 00:01:33.997000,nan,,,1,,,93.997,2025,Miami
0 days 01:26:26.591000,BEA,18.0,0 days 00:01:33.693000,nan,,,1,,,93.693,2025,Miami
0 days 01:28:00.124000,BEA,19.0,0 days 00:01:33.533000,nan,,,1,,,93.533,2025,Miami
0 days 01:29:33.737000,BEA,20.0,0 days 00:01:33.613000,nan,,,1,,,93.613,2025,Miami
0 days 01:31:06.824000,BEA,21.0,0 days 00:01:33.087000,nan,,,1,,,93.087,2025,Miami
0 days 01:32:39.795000,BEA,22.0,0 days 00:01:32.971000,nan,,,1,,,92.971,2025,Miami
0 days 01:34:12.883000,BEA,23.0,0 days 00:01:33.088000,nan,,,1,,,93.088,2025,Miami
0 days 01:35:45.563000,BEA,24.0,0 days 00:01:32.680000,HARD,1.0,1.0,1,,,92.68,2025,Miami
0 days 01:37:18.617000,BEA,25.0,0 days 00:01:33.054000,HARD,2.0,1.0,1,,,93.054,2025,Miami
0 days 01:38:52.757000,BEA,26.0,0 days 00:01:34.140000,HARD,3.0,1.0,1,,,94.14,2025,Miami
0 days 01:40:26.361000,BEA,27.0,0 days 00:01:33.604000,HARD,4.0,1.0,1,,,93.604,2025,Miami
0 days 01:42:56.361000,BEA,28.0,,HARD,5.0,1.0,16,,,,2025,Miami
0 days 00:57:22.345000,VER,1.0,0 days 00:01:22.992000,MEDIUM,1.0,1.0,1,,,82.992,2025,Imola
0 days 00:58:43.476000,VER,2.0,0 days 00:01:21.131000,MEDIUM,2.0,1.0,1,,,81.131,2025,Imola
0 days 01:00:04.734000,VER,3.0,0 days 00:01:21.258000,MEDIUM,3.0,1.0,1,,,81.258,2025,Imola
0 days 01:01:25.952000,VER,4.0,0 days 00:01:21.218000,MEDIUM,4.0,1.0,1,,,81.218,2025,Imola
0 days 01:02:47.180000,VER,5.0,0 days 00:01:21.228000,MEDIUM,5.0,1.0,1,,,81.228,2025,Imola
0 days 01:04:08.157000,VER,6.0,0 days 00:01:20.977000,MEDIUM,6.0,1.0,1,,,80.977,2025,Imola
0 days 01:05:29.653000,VER,7.0,0 days 00:01:21.496000,MEDIUM,7.0,1.0,1,,,81.496,2025,Imola
0 days 01:06:50.859000,VER,8.0,0 days 00:01:21.206000,MEDIUM,8.0,1.0,1,,,81.206,2025,Imola
0 days 01:08:12.053000,VER,9.0,0 days 00:01:21.194000,MEDIUM,9.0,1.0,1,,,81.194,2025,Imola
0 days 01:09:33.310000,VER,10.0,0 days 00:01:21.257000,MEDIUM,10.0,1.0,1,,,81.257,2025,Imola
0 days 01:10:54.599000,VER,11.0,0 days 00:01:21.289000,MEDIUM,11.0,1.0,1,,,81.289,2025,Imola
0 days 01:12:16.109000,VER,12.0,0 days 00:01:21.510000,MEDIUM,12.0,1.0,1,,,81.51,2025,Imola
0 days 01:13:37.544000,VER,13.0,0 days 00:01:21.435000,MEDIUM,13.0,1.0,1,,,81.435,2025,Imola
0 days 01:14:58.946000,VER,14.0,0 days 00:01:21.402000,MEDIUM,14.0,1.0,1,,,81.402,2025,Imola
0 days 01:16:20.177000,VER,15.0,0 days 00:01:21.231000,MEDIUM,15.0,1.0,1,,,81.231,2025,Imola
0 days 01:17:41.453000,VER,16.0,0 days 00:01:21.276000,MEDIUM,16.0,1.0,1,,,81.276,2025,Imola
0 days 01:19:02.477000,VER,17.0,0 days 00:01:21.024000,MEDIUM,17.0,1.0,1,,,81.024,2025,Imola
0 days 01:20:23.333000,VER,18.0,0 days 00:01:20.856000,MEDIUM,18.0,1.0,1,,,80.856,2025,Imola
0 days 01:21:44.588000,VER,19.0,0 days 00:01:21.255000,MEDIUM,19.0,1.0,1,,,81.255,2025,Imola
0 days 01:23:05.794000,VER,20.0,0 days 00:01:21.206000,MEDIUM,20.0,1.0,1,,,81.206,2025,Imola
0 days 01:24:26.909000,VER,21.0,0 days 00:01:21.115000,MEDIUM,21.0,1.0,1,,,81.115,2025,Imola
0 days 01:25:48.070000,VER,22.0,0 days 00:01:21.161000,MEDIUM,22.0,1.0,1,,,81.161,2025,Imola
0 days 01:27:09.534000,VER,23.0,0 days 00:01:21.464000,MEDIUM,23.0,1.0,1,,,81.464,2025,Imola
0 days 01:28:30.788000,VER,24.0,0 days 00:01:21.254000,MEDIUM,24.0,1.0,1,,,81.254,2025,Imola
0 days 01:29:52.148000,VER,25.0,0 days 00:01:21.360000,MEDIUM,25.0,1.0,1,,,81.36,2025,Imola
0 days 01:31:13.227000,VER,26.0,0 days 00:01:21.079000,MEDIUM,26.0,1.0,1,,,81.079,2025,Imola
0 days 01:32:34.543000,VER,27.0,0 days 00:01:21.316000,MEDIUM,27.0,1.0,1,,,81.316,2025,Imola
0 days 01:33:56.122000,VER,28.0,0 days 00:01:21.579000,MEDIUM,28.0,1.0,1,,,81.579,2025,Imola
0 days 01:35:28.850000,VER,29.0,0 days 00:01:32.728000,MEDIUM,29.0,1.0,126,0 days 01:35:24.473000,,92.728,2025,Imola
0 days 01:37:41.529000,VER,30.0,0 days 00:02:12.679000,HARD,1.0,2.0,6,,0 days 01:35:54.524000,132.679,2025,Imola
0 days 01:39:18.674000,VER,31.0,0 days 00:01:37.145000,HARD,2.0,2.0,671,,,97.145,2025,Imola
0 days 01:40:39.004000,VER,32.0,0 days 00:01:20.330000,HARD,3.0,2.0,1,,,80.33,2025,Imola
0 days 01:41:59.351000,VER,33.0,0 days 00:01:20.347000,HARD,4.0,2.0,1,,,80.347,2025,Imola
0 days 01:43:19.622000,VER,34.0,0 days 00:01:20.271000,HARD,5.0,2.0,1,,,80.271,2025,Imola
0 days 01:44:39.742000,VER,35.0,0 days 00:01:20.120000,HARD,6.0,2.0,1,,,80.12,2025,Imola
0 days 01:45:59.702000,VER,36.0,0 days 00:01:19.960000,HARD,7.0,2.0,1,,,79.96,2025,Imola
0 days 01:47:19.408000,VER,37.0,0 days 00:01:19.706000,HARD,8.0,2.0,1,,,79.706,2025,Imola
0 days 01:48:39.196000,VER,38.0,0 days 00:01:19.788000,HARD,9.0,2.0,1,,,79.788,2025,Imola
0 days 01:49:58.951000,VER,39.0,0 days 00:01:19.755000,HARD,10.0,2.0,1,,,79.755,2025,Imola
0 days 01:51:18.604000,VER,40.0,0 days 00:01:19.653000,HARD,11.0,2.0,1,,,79.653,2025,Imola
0 days 01:52:38.243000,VER,41.0,0 days 00:01:19.639000,HARD,12.0,2.0,1,,,79.639,2025,Imola
0 days 01:53:57.756000,VER,42.0,0 days 00:01:19.513000,HARD,13.0,2.0,1,,,79.513,2025,Imola
0 days 01:55:17.309000,VER,43.0,0 days 00:01:19.553000,HARD,14.0,2.0,1,,,79.553,2025,Imola
0 days 01:56:37.099000,VER,44.0,0 days 00:01:19.790000,HARD,15.0,2.0,1,,,79.79,2025,Imola
0 days 01:57:57.266000,VER,45.0,0 days 00:01:20.167000,HARD,16.0,2.0,1,,,80.167,2025,Imola
0 days 01:59:32.243000,VER,46.0,0 days 00:01:34.977000,HARD,17.0,2.0,124,0 days 01:59:27.753000,,94.977,2025,Imola
0 days 02:01:47.247000,VER,47.0,0 days 00:02:15.004000,HARD,1.0,3.0,4,,0 days 01:59:57.537000,135.004,2025,Imola
0 days 02:03:59.796000,VER,48.0,0 days 00:02:12.549000,HARD,2.0,3.0,4,,,132.549,2025,Imola
0 days 02:06:05.228000,VER,49.0,0 days 00:02:05.432000,HARD,3.0,3.0,4,,,125.432,2025,Imola
0 days 02:08:15.434000,VER,50.0,0 days 00:02:10.206000,HARD,4.0,3.0,4,,,130.206,2025,Imola
0 days 02:10:17.677000,VER,51.0,0 days 00:02:02.243000,HARD,5.0,3.0,4,,,122.243,2025,Imola
0 days 02:12:17.970000,VER,52.0,0 days 00:02:00.293000,HARD,6.0,3.0,4,,,120.293,2025,Imola
0 days 02:14:29.357000,VER,53.0,0 days 00:02:11.387000,HARD,7.0,3.0,41,,,131.387,2025,Imola
0 days 02:15:47.968000,VER,54.0,0 days 00:01:18.611000,HARD,8.0,3.0,1,,,78.611,2025,Imola
0 days 02:17:06.182000,VER,55.0,0 days 00:01:18.214000,HARD,9.0,3.0,1,,,78.214,2025,Imola
0 days 02:18:24.283000,VER,56.0,0 days 00:01:18.101000,HARD,10.0,3.0,1,,,78.101,2025,Imola
0 days 02:19:42.503000,VER,57.0,0 days 00:01:18.220000,HARD,11.0,3.0,1,,,78.22,2025,Imola
0 days 02:21:00.491000,VER,58.0,0 days 00:01:17.988000,HARD,12.0,3.0,1,,,77.988,2025,Imola
0 days 02:22:18.528000,VER,59.0,0 days 00:01:18.037000,HARD,13.0,3.0,1,,,78.037,2025,Imola
0 days 02:23:36.967000,VER,60.0,0 days 00:01:18.439000,HARD,14.0,3.0,1,,,78.439,2025,Imola
0 days 02:24:55.366000,VER,61.0,0 days 00:01:18.399000,HARD,15.0,3.0,1,,,78.399,2025,Imola
0 days 02:26:13.963000,VER,62.0,0 days 00:01:18.597000,HARD,16.0,3.0,1,,,78.597,2025,Imola
0 days 02:27:32.552000,VER,63.0,0 days 00:01:18.589000,HARD,17.0,3.0,1,,,78.589,2025,Imola
0 days 00:57:27.589000,GAS,1.0,0 days 00:01:28.236000,MEDIUM,1.0,1.0,1,,,88.236,2025,Imola
0 days 00:58:50.360000,GAS,2.0,0 days 00:01:22.771000,MEDIUM,2.0,1.0,1,,,82.771,2025,Imola
0 days 01:00:16.126000,GAS,3.0,0 days 00:01:25.766000,MEDIUM,3.0,1.0,1,,,85.766,2025,Imola
0 days 01:01:37.931000,GAS,4.0,0 days 00:01:21.805000,MEDIUM,4.0,1.0,1,,,81.805,2025,Imola
0 days 01:02:59.599000,GAS,5.0,0 days 00:01:21.668000,MEDIUM,5.0,1.0,1,,,81.668,2025,Imola
0 days 01:04:21.140000,GAS,6.0,0 days 00:01:21.541000,MEDIUM,6.0,1.0,1,,,81.541,2025,Imola
0 days 01:05:43.602000,GAS,7.0,0 days 00:01:22.462000,MEDIUM,7.0,1.0,1,,,82.462,2025,Imola
0 days 01:07:05.528000,GAS,8.0,0 days 00:01:21.926000,MEDIUM,8.0,1.0,1,,,81.926,2025,Imola
0 days 01:08:31.927000,GAS,9.0,0 days 00:01:26.399000,MEDIUM,9.0,1.0,1,0 days 01:08:27.487000,,86.399,2025,Imola
0 days 01:10:17.333000,GAS,10.0,0 days 00:01:45.406000,HARD,1.0,2.0,1,,0 days 01:08:59.009000,105.406,2025,Imola
0 days 01:11:38.576000,GAS,11.0,0 days 00:01:21.243000,HARD,2.0,2.0,1,,,81.243,2025,Imola
0 days 01:12:59.897000,GAS,12.0,0 days 00:01:21.321000,HARD,3.0,2.0,1,,,81.321,2025,Imola
0 days 01:14:22.090000,GAS,13.0,0 days 00:01:22.193000,HARD,4.0,2.0,1,,,82.193,2025,Imola
0 days 01:15:43.529000,GAS,14.0,0 days 00:01:21.439000,HARD,5.0,2.0,1,,,81.439,2025,Imola
0 days 01:17:05.113000,GAS,15.0,0 days 00:01:21.584000,HARD,6.0,2.0,1,,,81.584,2025,Imola
0 days 01:18:28.120000,GAS,16.0,0 days 00:01:23.007000,HARD,7.0,2.0,1,,,83.007,2025,Imola
0 days 01:19:50.304000,GAS,17.0,0 days 00:01:22.184000,HARD,8.0,2.0,1,,,82.184,2025,Imola
0 days 01:21:12.284000,GAS,18.0,0 days 00:01:21.980000,HARD,9.0,2.0,1,,,81.98,2025,Imola
0 days 01:22:34.274000,GAS,19.0,0 days 00:01:21.990000,HARD,10.0,2.0,1,,,81.99,2025,Imola
0 days 01:23:56.258000,GAS,20.0,0 days 00:01:21.984000,HARD,11.0,2.0,1,,,81.984,2025,Imola
0 days 01:25:18.758000,GAS,21.0,0 days 00:01:22.500000,HARD,12.0,2.0,1,,,82.5,2025,Imola
0 days 01:26:41.075000,GAS,22.0,0 days 00:01:22.317000,HARD,13.0,2.0,1,,,82.317,2025,Imola
0 days 01:28:03.428000,GAS,23.0,0 days 00:01:22.353000,HARD,14.0,2.0,1,,,82.353,2025,Imola
0 days 01:29:25.753000,GAS,24.0,0 days 00:01:22.325000,HARD,15.0,2.0,1,,,82.325,2025,Imola
0 days 01:30:48.228000,GAS,25.0,0 days 00:01:22.475000,HARD,16.0,2.0,1,,,82.475,2025,Imola
0 days 01:32:10.830000,GAS,26.0,0 days 00:01:22.602000,HARD,17.0,2.0,1,,,82.602,2025,Imola
0 days 01:33:33.484000,GAS,27.0,0 days 00:01:22.654000,HARD,18.0,2.0,1,,,82.654,2025,Imola
0 days 01:34:56.327000,GAS,28.0,0 days 00:01:22.843000,HARD,19.0,2.0,12,,,82.843,2025,Imola
0 days 01:36:50.587000,GAS,29.0,0 days 00:01:54.260000,HARD,20.0,2.0,26,0 days 01:36:46.310000,,114.26,2025,Imola
0 days 01:38:58.628000,GAS,30.0,0 days 00:02:08.041000,HARD,1.0,3.0,671,,0 days 01:37:18.187000,128.041,2025,Imola
0 days 01:40:19.702000,GAS,31.0,0 days 00:01:21.074000,HARD,2.0,3.0,1,,,81.074,2025,Imola
0 days 01:41:40.839000,GAS,32.0,0 days 00:01:21.137000,HARD,3.0,3.0,1,,,81.137,2025,Imola
0 days 01:43:02.093000,GAS,33.0,0 days 00:01:21.254000,HARD,4.0,3.0,1,,,81.254,2025,Imola
0 days 01:44:22.952000,GAS,34.0,0 days 00:01:20.859000,HARD,5.0,3.0,1,,,80.859,2025,Imola
0 days 01:45:43.960000,GAS,35.0,0 days 00:01:21.008000,HARD,6.0,3.0,1,,,81.008,2025,Imola
0 days 01:47:04.730000,GAS,36.0,0 days 00:01:20.770000,HARD,7.0,3.0,1,,,80.77,2025,Imola
0 days 01:48:25.524000,GAS,37.0,0 days 00:01:20.794000,HARD,8.0,3.0,1,,,80.794,2025,Imola
0 days 01:49:46.562000,GAS,38.0,0 days 00:01:21.038000,HARD,9.0,3.0,1,,,81.038,2025,Imola
0 days 01:51:07.893000,GAS,39.0,0 days 00:01:21.331000,HARD,10.0,3.0,1,,,81.331,2025,Imola
0 days 01:52:29.108000,GAS,40.0,0 days 00:01:21.215000,HARD,11.0,3.0,1,,,81.215,2025,Imola
0 days 01:53:50.463000,GAS,41.0,0 days 00:01:21.355000,HARD,12.0,3.0,1,,,81.355,2025,Imola
0 days 01:55:11.853000,GAS,42.0,0 days 00:01:21.390000,HARD,13.0,3.0,1,,,81.39,2025,Imola
0 days 01:56:33.638000,GAS,43.0,0 days 00:01:21.785000,HARD,14.0,3.0,1,,,81.785,2025,Imola
0 days 01:57:55.346000,GAS,44.0,0 days 00:01:21.708000,HARD,15.0,3.0,1,,,81.708,2025,Imola
0 days 01:59:26.556000,GAS,45.0,0 days 00:01:31.210000,HARD,16.0,3.0,124,,,91.21,2025,Imola
0 days 02:01:18.629000,GAS,46.0,0 days 00:01:52.073000,HARD,17.0,3.0,4,,,112.073,2025,Imola
0 days 02:02:57.131000,GAS,47.0,0 days 00:01:38.502000,HARD,18.0,3.0,4,,,98.502,2025,Imola
0 days 02:04:36.419000,GAS,48.0,0 days 00:01:39.288000,HARD,19.0,3.0,4,,,99.288,2025,Imola
0 days 02:06:21.327000,GAS,49.0,0 days 00:01:44.908000,HARD,20.0,3.0,4,,,104.908,2025,Imola
0 days 02:08:31.897000,GAS,50.0,0 days 00:02:10.570000,HARD,21.0,3.0,4,,,130.57,2025,Imola
0 days 02:10:35.685000,GAS,51.0,0 days 00:02:03.788000,HARD,22.0,3.0,4,,,123.788,2025,Imola
0 days 02:12:34.778000,GAS,52.0,0 days 00:01:59.093000,HARD,23.0,3.0,4,,,119.093,2025,Imola
0 days 02:14:33.836000,GAS,53.0,0 days 00:01:59.058000,HARD,24.0,3.0,41,,,119.058,2025,Imola
0 days 02:15:56.460000,GAS,54.0,0 days 00:01:22.624000,HARD,25.0,3.0,1,,,82.624,2025,Imola
0 days 02:17:17.671000,GAS,55.0,0 days 00:01:21.211000,HARD,26.0,3.0,1,,,81.211,2025,Imola
0 days 02:18:38.278000,GAS,56.0,0 days 00:01:20.607000,HARD,27.0,3.0,1,,,80.607,2025,Imola
0 days 02:19:59.963000,GAS,57.0,0 days 00:01:21.685000,HARD,28.0,3.0,1,,,81.685,2025,Imola
0 days 02:21:20.361000,GAS,58.0,0 days 00:01:20.398000,HARD,29.0,3.0,1,,,80.398,2025,Imola
0 days 02:22:41.158000,GAS,59.0,0 days 00:01:20.797000,HARD,30.0,3.0,1,,,80.797,2025,Imola
0 days 02:24:01.686000,GAS,60.0,0 days 00:01:20.528000,HARD,31.0,3.0,1,,,80.528,2025,Imola
0 days 02:25:22.460000,GAS,61.0,0 days 00:01:20.774000,HARD,32.0,3.0,1,,,80.774,2025,Imola
0 days 02:26:43.162000,GAS,62.0,0 days 00:01:20.702000,HARD,33.0,3.0,1,,,80.702,2025,Imola
0 days 02:28:03.976000,GAS,63.0,0 days 00:01:20.814000,HARD,34.0,3.0,1,,,80.814,2025,Imola
0 days 00:57:28.887000,ANT,1.0,0 days 00:01:29.534000,HARD,1.0,1.0,1,,,89.534,2025,Imola
0 days 00:58:52.180000,ANT,2.0,0 days 00:01:23.293000,HARD,2.0,1.0,1,,,83.293,2025,Imola
0 days 01:00:13.968000,ANT,3.0,0 days 00:01:21.788000,HARD,3.0,1.0,1,,,81.788,2025,Imola
0 days 01:01:35.207000,ANT,4.0,0 days 00:01:21.239000,HARD,4.0,1.0,1,,,81.239,2025,Imola
0 days 01:02:56.733000,ANT,5.0,0 days 00:01:21.526000,HARD,5.0,1.0,1,,,81.526,2025,Imola
0 days 01:04:18.456000,ANT,6.0,0 days 00:01:21.723000,HARD,6.0,1.0,1,,,81.723,2025,Imola
0 days 01:05:40.450000,ANT,7.0,0 days 00:01:21.994000,HARD,7.0,1.0,1,,,81.994,2025,Imola
0 days 01:07:02.826000,ANT,8.0,0 days 00:01:22.376000,HARD,8.0,1.0,1,,,82.376,2025,Imola
0 days 01:08:24.479000,ANT,9.0,0 days 00:01:21.653000,HARD,9.0,1.0,1,,,81.653,2025,Imola
0 days 01:09:46.439000,ANT,10.0,0 days 00:01:21.960000,HARD,10.0,1.0,1,,,81.96,2025,Imola
0 days 01:11:09.192000,ANT,11.0,0 days 00:01:22.753000,HARD,11.0,1.0,1,,,82.753,2025,Imola
0 days 01:12:32.266000,ANT,12.0,0 days 00:01:23.074000,HARD,12.0,1.0,1,,,83.074,2025,Imola
0 days 01:13:54.927000,ANT,13.0,0 days 00:01:22.661000,HARD,13.0,1.0,1,,,82.661,2025,Imola
0 days 01:15:17.440000,ANT,14.0,0 days 00:01:22.513000,HARD,14.0,1.0,1,,,82.513,2025,Imola
0 days 01:16:39.638000,ANT,15.0,0 days 00:01:22.198000,HARD,15.0,1.0,1,,,82.198,2025,Imola
0 days 01:18:02.058000,ANT,16.0,0 days 00:01:22.420000,HARD,16.0,1.0,1,,,82.42,2025,Imola
0 days 01:19:24.323000,ANT,17.0,0 days 00:01:22.265000,HARD,17.0,1.0,1,,,82.265,2025,Imola
0 days 01:20:46.565000,ANT,18.0,0 days 00:01:22.242000,HARD,18.0,1.0,1,,,82.242,2025,Imola
0 days 01:22:08.996000,ANT,19.0,0 days 00:01:22.431000,HARD,19.0,1.0,1,,,82.431,2025,Imola
0 days 01:23:31.600000,ANT,20.0,0 days 00:01:22.604000,HARD,20.0,1.0,1,,,82.604,2025,Imola
0 days 01:24:53.852000,ANT,21.0,0 days 00:01:22.252000,HARD,21.0,1.0,1,,,82.252,2025,Imola
0 days 01:26:16.289000,ANT,22.0,0 days 00:01:22.437000,HARD,22.0,1.0,1,,,82.437,2025,Imola
0 days 01:27:38.625000,ANT,23.0,0 days 00:01:22.336000,HARD,23.0,1.0,1,,,82.336,2025,Imola
0 days 01:29:01.125000,ANT,24.0,0 days 00:01:22.500000,HARD,24.0,1.0,1,,,82.5,2025,Imola
0 days 01:30:23.439000,ANT,25.0,0 days 00:01:22.314000,HARD,25.0,1.0,1,,,82.314,2025,Imola
0 days 01:31:45.719000,ANT,26.0,0 days 00:01:22.280000,HARD,26.0,1.0,1,,,82.28,2025,Imola
0 days 01:33:08.580000,ANT,27.0,0 days 00:01:22.861000,HARD,27.0,1.0,1,,,82.861,2025,Imola
0 days 01:34:30.977000,ANT,28.0,0 days 00:01:22.397000,HARD,28.0,1.0,1,,,82.397,2025,Imola
0 days 01:36:16.970000,ANT,29.0,0 days 00:01:45.993000,HARD,29.0,1.0,126,0 days 01:36:12.616000,,105.993,2025,Imola
0 days 01:38:29.534000,ANT,30.0,0 days 00:02:12.564000,MEDIUM,1.0,2.0,67,,0 days 01:36:42.556000,132.564,2025,Imola
0 days 01:39:54.321000,ANT,31.0,0 days 00:01:24.787000,MEDIUM,2.0,2.0,71,,,84.787,2025,Imola
0 days 01:41:15.982000,ANT,32.0,0 days 00:01:21.661000,MEDIUM,3.0,2.0,1,,,81.661,2025,Imola
0 days 01:42:36.602000,ANT,33.0,0 days 00:01:20.620000,MEDIUM,4.0,2.0,1,,,80.62,2025,Imola
0 days 01:43:58.470000,ANT,34.0,0 days 00:01:21.868000,MEDIUM,5.0,2.0,1,,,81.868,2025,Imola
0 days 01:45:19.648000,ANT,35.0,0 days 00:01:21.178000,MEDIUM,6.0,2.0,1,,,81.178,2025,Imola
0 days 01:46:40.470000,ANT,36.0,0 days 00:01:20.822000,MEDIUM,7.0,2.0,1,,,80.822,2025,Imola
0 days 01:48:01.556000,ANT,37.0,0 days 00:01:21.086000,MEDIUM,8.0,2.0,1,,,81.086,2025,Imola
0 days 01:49:23.500000,ANT,38.0,0 days 00:01:21.944000,MEDIUM,9.0,2.0,1,,,81.944,2025,Imola
0 days 01:50:44.681000,ANT,39.0,0 days 00:01:21.181000,MEDIUM,10.0,2.0,1,,,81.181,2025,Imola
0 days 01:52:05.637000,ANT,40.0,0 days 00:01:20.956000,MEDIUM,11.0,2.0,1,,,80.956,2025,Imola
0 days 01:53:26.623000,ANT,41.0,0 days 00:01:20.986000,MEDIUM,12.0,2.0,1,,,80.986,2025,Imola
0 days 01:54:47.642000,ANT,42.0,0 days 00:01:21.019000,MEDIUM,13.0,2.0,1,,,81.019,2025,Imola
0 days 01:56:08.263000,ANT,43.0,0 days 00:01:20.621000,MEDIUM,14.0,2.0,1,,,80.621,2025,Imola
0 days 01:57:29.097000,ANT,44.0,0 days 00:01:20.834000,MEDIUM,15.0,2.0,1,,,80.834,2025,Imola
0 days 01:59:59.097000,ANT,45.0,,MEDIUM,16.0,2.0,124,,,,2025,Imola
0 days 00:57:25.713000,ALO,1.0,0 days 00:01:26.360000,MEDIUM,4.0,1.0,1,,,86.36,2025,Imola
0 days 00:58:47.863000,ALO,2.0,0 days 00:01:22.150000,MEDIUM,5.0,1.0,1,,,82.15,2025,Imola
0 days 01:00:09.472000,ALO,3.0,0 days 00:01:21.609000,MEDIUM,6.0,1.0,1,,,81.609,2025,Imola
0 days 01:01:31.115000,ALO,4.0,0 days 00:01:21.643000,MEDIUM,7.0,1.0,1,,,81.643,2025,Imola
0 days 01:02:52.516000,ALO,5.0,0 days 00:01:21.401000,MEDIUM,8.0,1.0,1,,,81.401,2025,Imola
0 days 01:04:14.244000,ALO,6.0,0 days 00:01:21.728000,MEDIUM,9.0,1.0,1,,,81.728,2025,Imola
0 days 01:05:35.899000,ALO,7.0,0 days 00:01:21.655000,MEDIUM,10.0,1.0,1,,,81.655,2025,Imola
0 days 01:06:57.846000,ALO,8.0,0 days 00:01:21.947000,MEDIUM,11.0,1.0,1,,,81.947,2025,Imola
0 days 01:08:19.834000,ALO,9.0,0 days 00:01:21.988000,MEDIUM,12.0,1.0,1,,,81.988,2025,Imola
0 days 01:09:42.662000,ALO,10.0,0 days 00:01:22.828000,MEDIUM,13.0,1.0,1,,,82.828,2025,Imola
0 days 01:11:06.702000,ALO,11.0,0 days 00:01:24.040000,MEDIUM,14.0,1.0,1,,,84.04,2025,Imola
0 days 01:12:32.854000,ALO,12.0,0 days 00:01:26.152000,MEDIUM,15.0,1.0,1,0 days 01:12:28.409000,,86.152,2025,Imola
0 days 01:14:17.191000,ALO,13.0,0 days 00:01:44.337000,HARD,2.0,2.0,1,,0 days 01:12:58.646000,104.337,2025,Imola
0 days 01:15:40.234000,ALO,14.0,0 days 00:01:23.043000,HARD,3.0,2.0,1,,,83.043,2025,Imola
0 days 01:17:02.568000,ALO,15.0,0 days 00:01:22.334000,HARD,4.0,2.0,1,,,82.334,2025,Imola
0 days 01:18:24.131000,ALO,16.0,0 days 00:01:21.563000,HARD,5.0,2.0,1,,,81.563,2025,Imola
0 days 01:19:45.831000,ALO,17.0,0 days 00:01:21.700000,HARD,6.0,2.0,1,,,81.7,2025,Imola
0 days 01:21:07.766000,ALO,18.0,0 days 00:01:21.935000,HARD,7.0,2.0,1,,,81.935,2025,Imola
0 days 01:22:29.490000,ALO,19.0,0 days 00:01:21.724000,HARD,8.0,2.0,1,,,81.724,2025,Imola
0 days 01:23:51.577000,ALO,20.0,0 days 00:01:22.087000,HARD,9.0,2.0,1,,,82.087,2025,Imola
0 days 01:25:13.984000,ALO,21.0,0 days 00:01:22.407000,HARD,10.0,2.0,1,,,82.407,2025,Imola
0 days 01:26:35.770000,ALO,22.0,0 days 00:01:21.786000,HARD,11.0,2.0,1,,,81.786,2025,Imola
0 days 01:27:57.634000,ALO,23.0,0 days 00:01:21.864000,HARD,12.0,2.0,1,,,81.864,2025,Imola
0 days 01:29:19.681000,ALO,24.0,0 days 00:01:22.047000,HARD,13.0,2.0,1,,,82.047,2025,Imola
0 days 01:30:42.256000,ALO,25.0,0 days 00:01:22.575000,HARD,14.0,2.0,1,,,82.575,2025,Imola
0 days 01:32:04.707000,ALO,26.0,0 days 00:01:22.451000,HARD,15.0,2.0,1,,,82.451,2025,Imola
0 days 01:33:27.025000,ALO,27.0,0 days 00:01:22.318000,HARD,16.0,2.0,1,,,82.318,2025,Imola
0 days 01:34:49.416000,ALO,28.0,0 days 00:01:22.391000,HARD,17.0,2.0,12,,,82.391,2025,Imola
0 days 01:36:38.377000,ALO,29.0,0 days 00:01:48.961000,HARD,18.0,2.0,26,,,108.961,2025,Imola
0 days 01:38:35.054000,ALO,30.0,0 days 00:01:56.677000,HARD,19.0,2.0,67,,,116.677,2025,Imola
0 days 01:39:58.094000,ALO,31.0,0 days 00:01:23.040000,HARD,20.0,2.0,71,,,83.04,2025,Imola
0 days 01:41:20.273000,ALO,32.0,0 days 00:01:22.179000,HARD,21.0,2.0,1,,,82.179,2025,Imola
0 days 01:42:44.548000,ALO,33.0,0 days 00:01:24.275000,HARD,22.0,2.0,1,,,84.275,2025,Imola
0 days 01:44:06.820000,ALO,34.0,0 days 00:01:22.272000,HARD,23.0,2.0,1,,,82.272,2025,Imola
0 days 01:45:29.635000,ALO,35.0,0 days 00:01:22.815000,HARD,24.0,2.0,1,,,82.815,2025,Imola
0 days 01:46:52.454000,ALO,36.0,0 days 00:01:22.819000,HARD,25.0,2.0,1,,,82.819,2025,Imola
0 days 01:48:14.423000,ALO,37.0,0 days 00:01:21.969000,HARD,26.0,2.0,1,,,81.969,2025,Imola
0 days 01:49:36.232000,ALO,38.0,0 days 00:01:21.809000,HARD,27.0,2.0,1,,,81.809,2025,Imola
0 days 01:50:58.604000,ALO,39.0,0 days 00:01:22.372000,HARD,28.0,2.0,1,,,82.372,2025,Imola
0 days 01:52:21.379000,ALO,40.0,0 days 00:01:22.775000,HARD,29.0,2.0,1,,,82.775,2025,Imola
0 days 01:53:44.174000,ALO,41.0,0 days 00:01:22.795000,HARD,30.0,2.0,1,,,82.795,2025,Imola
0 days 01:55:07.177000,ALO,42.0,0 days 00:01:23.003000,HARD,31.0,2.0,1,,,83.003,2025,Imola
0 days 01:56:28.544000,ALO,43.0,0 days 00:01:21.367000,HARD,32.0,2.0,1,,,81.367,2025,Imola
0 days 01:57:49.951000,ALO,44.0,0 days 00:01:21.407000,HARD,33.0,2.0,1,,,81.407,2025,Imola
0 days 01:59:21.521000,ALO,45.0,0 days 00:01:31.570000,HARD,34.0,2.0,124,,,91.57,2025,Imola
0 days 02:01:17.227000,ALO,46.0,0 days 00:01:55.706000,HARD,35.0,2.0,4,0 days 02:01:12.765000,,115.706,2025,Imola
0 days 02:03:18.906000,ALO,47.0,0 days 00:02:01.679000,MEDIUM,5.0,3.0,4,,0 days 02:01:43.760000,121.679,2025,Imola
0 days 02:04:54.810000,ALO,48.0,0 days 00:01:35.904000,MEDIUM,6.0,3.0,4,,,95.904,2025,Imola
0 days 02:06:27.070000,ALO,49.0,0 days 00:01:32.260000,MEDIUM,7.0,3.0,4,,,92.26,2025,Imola
0 days 02:08:34.594000,ALO,50.0,0 days 00:02:07.524000,MEDIUM,8.0,3.0,4,,,127.524,2025,Imola
0 days 02:10:38.561000,ALO,51.0,0 days 00:02:03.967000,MEDIUM,9.0,3.0,4,,,123.967,2025,Imola
0 days 02:12:37.116000,ALO,52.0,0 days 00:01:58.555000,MEDIUM,10.0,3.0,4,,,118.555,2025,Imola
0 days 02:14:34.506000,ALO,53.0,0 days 00:01:57.390000,MEDIUM,11.0,3.0,41,,,117.39,2025,Imola
0 days 02:15:57.264000,ALO,54.0,0 days 00:01:22.758000,MEDIUM,12.0,3.0,1,,,82.758,2025,Imola
0 days 02:17:18.399000,ALO,55.0,0 days 00:01:21.135000,MEDIUM,13.0,3.0,1,,,81.135,2025,Imola
0 days 02:18:38.641000,ALO,56.0,0 days 00:01:20.242000,MEDIUM,14.0,3.0,1,,,80.242,2025,Imola
0 days 02:19:58.948000,ALO,57.0,0 days 00:01:20.307000,MEDIUM,15.0,3.0,1,,,80.307,2025,Imola
0 days 02:21:19.227000,ALO,58.0,0 days 00:01:20.279000,MEDIUM,16.0,3.0,1,,,80.279,2025,Imola
0 days 02:22:39.128000,ALO,59.0,0 days 00:01:19.901000,MEDIUM,17.0,3.0,1,,,79.901,2025,Imola
0 days 02:23:59.069000,ALO,60.0,0 days 00:01:19.941000,MEDIUM,18.0,3.0,1,,,79.941,2025,Imola
0 days 02:25:18.963000,ALO,61.0,0 days 00:01:19.894000,MEDIUM,19.0,3.0,1,,,79.894,2025,Imola
0 days 02:26:39.027000,ALO,62.0,0 days 00:01:20.064000,MEDIUM,20.0,3.0,1,,,80.064,2025,Imola
0 days 02:27:59.802000,ALO,63.0,0 days 00:01:20.775000,MEDIUM,21.0,3.0,1,,,80.775,2025,Imola
0 days 00:57:27.924000,LEC,1.0,0 days 00:01:28.571000,MEDIUM,1.0,1.0,1,,,88.571,2025,Imola
0 days 00:58:50.823000,LEC,2.0,0 days 00:01:22.899000,MEDIUM,2.0,1.0,1,,,82.899,2025,Imola
0 days 01:00:12.394000,LEC,3.0,0 days 00:01:21.571000,MEDIUM,3.0,1.0,1,,,81.571,2025,Imola
0 days 01:01:33.822000,LEC,4.0,0 days 00:01:21.428000,MEDIUM,4.0,1.0,1,,,81.428,2025,Imola
0 days 01:02:55.528000,LEC,5.0,0 days 00:01:21.706000,MEDIUM,5.0,1.0,1,,,81.706,2025,Imola
0 days 01:04:17.149000,LEC,6.0,0 days 00:01:21.621000,MEDIUM,6.0,1.0,1,,,81.621,2025,Imola
0 days 01:05:39.311000,LEC,7.0,0 days 00:01:22.162000,MEDIUM,7.0,1.0,1,,,82.162,2025,Imola
0 days 01:07:01.121000,LEC,8.0,0 days 00:01:21.810000,MEDIUM,8.0,1.0,1,,,81.81,2025,Imola
0 days 01:08:22.834000,LEC,9.0,0 days 00:01:21.713000,MEDIUM,9.0,1.0,1,,,81.713,2025,Imola
0 days 01:09:49.585000,LEC,10.0,0 days 00:01:26.751000,MEDIUM,10.0,1.0,1,0 days 01:09:45.227000,,86.751,2025,Imola
0 days 01:11:32.039000,LEC,11.0,0 days 00:01:42.454000,HARD,1.0,2.0,1,,0 days 01:10:14.814000,102.454,2025,Imola
0 days 01:12:52.544000,LEC,12.0,0 days 00:01:20.505000,HARD,2.0,2.0,1,,,80.505,2025,Imola
0 days 01:14:13.661000,LEC,13.0,0 days 00:01:21.117000,HARD,3.0,2.0,1,,,81.117,2025,Imola
0 days 01:15:34.717000,LEC,14.0,0 days 00:01:21.056000,HARD,4.0,2.0,1,,,81.056,2025,Imola
0 days 01:16:55.773000,LEC,15.0,0 days 00:01:21.056000,HARD,5.0,2.0,1,,,81.056,2025,Imola
0 days 01:18:16.731000,LEC,16.0,0 days 00:01:20.958000,HARD,6.0,2.0,1,,,80.958,2025,Imola
0 days 01:19:37.452000,LEC,17.0,0 days 00:01:20.721000,HARD,7.0,2.0,1,,,80.721,2025,Imola
0 days 01:20:58.950000,LEC,18.0,0 days 00:01:21.498000,HARD,8.0,2.0,1,,,81.498,2025,Imola
0 days 01:22:20.301000,LEC,19.0,0 days 00:01:21.351000,HARD,9.0,2.0,1,,,81.351,2025,Imola
0 days 01:23:43.590000,LEC,20.0,0 days 00:01:23.289000,HARD,10.0,2.0,1,,,83.289,2025,Imola
0 days 01:25:05.392000,LEC,21.0,0 days 00:01:21.802000,HARD,11.0,2.0,1,,,81.802,2025,Imola
0 days 01:26:28.116000,LEC,22.0,0 days 00:01:22.724000,HARD,12.0,2.0,1,,,82.724,2025,Imola
0 days 01:27:48.992000,LEC,23.0,0 days 00:01:20.876000,HARD,13.0,2.0,1,,,80.876,2025,Imola
0 days 01:29:10.146000,LEC,24.0,0 days 00:01:21.154000,HARD,14.0,2.0,1,,,81.154,2025,Imola
0 days 01:30:31.954000,LEC,25.0,0 days 00:01:21.808000,HARD,15.0,2.0,1,,,81.808,2025,Imola
0 days 01:31:54.120000,LEC,26.0,0 days 00:01:22.166000,HARD,16.0,2.0,1,,,82.166,2025,Imola
0 days 01:33:14.800000,LEC,27.0,0 days 00:01:20.680000,HARD,17.0,2.0,1,,,80.68,2025,Imola
0 days 01:34:35.957000,LEC,28.0,0 days 00:01:21.157000,HARD,18.0,2.0,1,,,81.157,2025,Imola
0 days 01:36:22.699000,LEC,29.0,0 days 00:01:46.742000,HARD,19.0,2.0,126,0 days 01:36:18.242000,,106.742,2025,Imola
0 days 01:38:38.100000,LEC,30.0,0 days 00:02:15.401000,HARD,1.0,3.0,67,,0 days 01:36:50.216000,135.401,2025,Imola
0 days 01:40:00.831000,LEC,31.0,0 days 00:01:22.731000,HARD,2.0,3.0,71,,,82.731,2025,Imola
0 days 01:41:20.841000,LEC,32.0,0 days 00:01:20.010000,HARD,3.0,3.0,1,,,80.01,2025,Imola
0 days 01:42:41.234000,LEC,33.0,0 days 00:01:20.393000,HARD,4.0,3.0,1,,,80.393,2025,Imola
0 days 01:44:01.187000,LEC,34.0,0 days 00:01:19.953000,HARD,5.0,3.0,1,,,79.953,2025,Imola
0 days 01:45:21.003000,LEC,35.0,0 days 00:01:19.816000,HARD,6.0,3.0,1,,,79.816,2025,Imola
0 days 01:46:41.136000,LEC,36.0,0 days 00:01:20.133000,HARD,7.0,3.0,1,,,80.133,2025,Imola
0 days 01:48:01.961000,LEC,37.0,0 days 00:01:20.825000,HARD,8.0,3.0,1,,,80.825,2025,Imola
0 days 01:49:21.809000,LEC,38.0,0 days 00:01:19.848000,HARD,9.0,3.0,1,,,79.848,2025,Imola
0 days 01:50:42.312000,LEC,39.0,0 days 00:01:20.503000,HARD,10.0,3.0,1,,,80.503,2025,Imola
0 days 01:52:02.836000,LEC,40.0,0 days 00:01:20.524000,HARD,11.0,3.0,1,,,80.524,2025,Imola
0 days 01:53:22.539000,LEC,41.0,0 days 00:01:19.703000,HARD,12.0,3.0,1,,,79.703,2025,Imola
0 days 01:54:42.249000,LEC,42.0,0 days 00:01:19.710000,HARD,13.0,3.0,1,,,79.71,2025,Imola
0 days 01:56:02.204000,LEC,43.0,0 days 00:01:19.955000,HARD,14.0,3.0,1,,,79.955,2025,Imola
0 days 01:57:22.079000,LEC,44.0,0 days 00:01:19.875000,HARD,15.0,3.0,1,,,79.875,2025,Imola
0 days 01:58:42.181000,LEC,45.0,0 days 00:01:20.102000,HARD,16.0,3.0,12,,,80.102,2025,Imola
0 days 02:00:30.609000,LEC,46.0,0 days 00:01:48.428000,HARD,17.0,3.0,24,,,108.428,2025,Imola
0 days 02:02:23.618000,LEC,47.0,0 days 00:01:53.009000,HARD,18.0,3.0,4,,,113.009,2025,Imola
0 days 02:04:06.885000,LEC,48.0,0 days 00:01:43.267000,HARD,19.0,3.0,4,,,103.267,2025,Imola
0 days 02:06:10.722000,LEC,49.0,0 days 00:02:03.837000,HARD,20.0,3.0,4,,,123.837,2025,Imola
0 days 02:08:20.276000,LEC,50.0,0 days 00:02:09.554000,HARD,21.0,3.0,4,,,129.554,2025,Imola
0 days 02:10:22.862000,LEC,51.0,0 days 00:02:02.586000,HARD,22.0,3.0,4,,,122.586,2025,Imola
0 days 02:12:22.540000,LEC,52.0,0 days 00:01:59.678000,HARD,23.0,3.0,4,,,119.678,2025,Imola
0 days 02:14:30.803000,LEC,53.0,0 days 00:02:08.263000,HARD,24.0,3.0,41,,,128.263,2025,Imola
0 days 02:15:51.391000,LEC,54.0,0 days 00:01:20.588000,HARD,25.0,3.0,1,,,80.588,2025,Imola
0 days 02:17:10.807000,LEC,55.0,0 days 00:01:19.416000,HARD,26.0,3.0,1,,,79.416,2025,Imola
0 days 02:18:29.855000,LEC,56.0,0 days 00:01:19.048000,HARD,27.0,3.0,1,,,79.048,2025,Imola
0 days 02:19:48.995000,LEC,57.0,0 days 00:01:19.140000,HARD,28.0,3.0,1,,,79.14,2025,Imola
0 days 02:21:09.315000,LEC,58.0,0 days 00:01:20.320000,HARD,29.0,3.0,1,,,80.32,2025,Imola
0 days 02:22:29.454000,LEC,59.0,0 days 00:01:20.139000,HARD,30.0,3.0,1,,,80.139,2025,Imola
0 days 02:23:50.134000,LEC,60.0,0 days 00:01:20.680000,HARD,31.0,3.0,1,,,80.68,2025,Imola
0 days 02:25:10.747000,LEC,61.0,0 days 00:01:20.613000,HARD,32.0,3.0,1,,,80.613,2025,Imola
0 days 02:26:31.750000,LEC,62.0,0 days 00:01:21.003000,HARD,33.0,3.0,1,,,81.003,2025,Imola
0 days 02:27:53.326000,LEC,63.0,0 days 00:01:21.576000,HARD,34.0,3.0,1,,,81.576,2025,Imola
0 days 00:57:27.110000,STR,1.0,0 days 00:01:27.757000,MEDIUM,4.0,1.0,1,,,87.757,2025,Imola
0 days 00:58:49.607000,STR,2.0,0 days 00:01:22.497000,MEDIUM,5.0,1.0,1,,,82.497,2025,Imola
0 days 01:00:11.437000,STR,3.0,0 days 00:01:21.830000,MEDIUM,6.0,1.0,1,,,81.83,2025,Imola
0 days 01:01:33.376000,STR,4.0,0 days 00:01:21.939000,MEDIUM,7.0,1.0,1,,,81.939,2025,Imola
0 days 01:02:54.903000,STR,5.0,0 days 00:01:21.527000,MEDIUM,8.0,1.0,1,,,81.527,2025,Imola
0 days 01:04:16.630000,STR,6.0,0 days 00:01:21.727000,MEDIUM,9.0,1.0,1,,,81.727,2025,Imola
0 days 01:05:38.305000,STR,7.0,0 days 00:01:21.675000,MEDIUM,10.0,1.0,1,,,81.675,2025,Imola
0 days 01:07:00.389000,STR,8.0,0 days 00:01:22.084000,MEDIUM,11.0,1.0,1,,,82.084,2025,Imola
0 days 01:08:22.229000,STR,9.0,0 days 00:01:21.840000,MEDIUM,12.0,1.0,1,,,81.84,2025,Imola
0 days 01:09:44.696000,STR,10.0,0 days 00:01:22.467000,MEDIUM,13.0,1.0,1,,,82.467,2025,Imola
0 days 01:11:08.171000,STR,11.0,0 days 00:01:23.475000,MEDIUM,14.0,1.0,1,,,83.475,2025,Imola
0 days 01:12:30.924000,STR,12.0,0 days 00:01:22.753000,MEDIUM,15.0,1.0,1,,,82.753,2025,Imola
0 days 01:13:53.192000,STR,13.0,0 days 00:01:22.268000,MEDIUM,16.0,1.0,1,,,82.268,2025,Imola
0 days 01:15:20.206000,STR,14.0,0 days 00:01:27.014000,MEDIUM,17.0,1.0,1,0 days 01:15:15.860000,,87.014,2025,Imola
0 days 01:17:05.558000,STR,15.0,0 days 00:01:45.352000,HARD,2.0,2.0,1,,0 days 01:15:47.126000,105.352,2025,Imola
0 days 01:18:27.111000,STR,16.0,0 days 00:01:21.553000,HARD,3.0,2.0,1,,,81.553,2025,Imola
0 days 01:19:49.080000,STR,17.0,0 days 00:01:21.969000,HARD,4.0,2.0,1,,,81.969,2025,Imola
0 days 01:21:11.018000,STR,18.0,0 days 00:01:21.938000,HARD,5.0,2.0,1,,,81.938,2025,Imola
0 days 01:22:33.064000,STR,19.0,0 days 00:01:22.046000,HARD,6.0,2.0,1,,,82.046,2025,Imola
0 days 01:23:54.976000,STR,20.0,0 days 00:01:21.912000,HARD,7.0,2.0,1,,,81.912,2025,Imola
0 days 01:25:17.288000,STR,21.0,0 days 00:01:22.312000,HARD,8.0,2.0,1,,,82.312,2025,Imola
0 days 01:26:39.421000,STR,22.0,0 days 00:01:22.133000,HARD,9.0,2.0,1,,,82.133,2025,Imola
0 days 01:28:01.576000,STR,23.0,0 days 00:01:22.155000,HARD,10.0,2.0,1,,,82.155,2025,Imola
0 days 01:29:23.509000,STR,24.0,0 days 00:01:21.933000,HARD,11.0,2.0,1,,,81.933,2025,Imola
0 days 01:30:45.732000,STR,25.0,0 days 00:01:22.223000,HARD,12.0,2.0,1,,,82.223,2025,Imola
0 days 01:32:08.141000,STR,26.0,0 days 00:01:22.409000,HARD,13.0,2.0,1,,,82.409,2025,Imola
0 days 01:33:30.773000,STR,27.0,0 days 00:01:22.632000,HARD,14.0,2.0,1,,,82.632,2025,Imola
0 days 01:34:53.128000,STR,28.0,0 days 00:01:22.355000,HARD,15.0,2.0,12,,,82.355,2025,Imola
0 days 01:36:43.776000,STR,29.0,0 days 00:01:50.648000,HARD,16.0,2.0,26,,,110.648,2025,Imola
0 days 01:38:37.622000,STR,30.0,0 days 00:01:53.846000,HARD,17.0,2.0,67,,,113.846,2025,Imola
0 days 01:40:00.642000,STR,31.0,0 days 00:01:23.020000,HARD,18.0,2.0,71,,,83.02,2025,Imola
0 days 01:41:23.153000,STR,32.0,0 days 00:01:22.511000,HARD,19.0,2.0,1,,,82.511,2025,Imola
0 days 01:42:45.254000,STR,33.0,0 days 00:01:22.101000,HARD,20.0,2.0,1,,,82.101,2025,Imola
0 days 01:44:07.813000,STR,34.0,0 days 00:01:22.559000,HARD,21.0,2.0,1,,,82.559,2025,Imola
0 days 01:45:31.087000,STR,35.0,0 days 00:01:23.274000,HARD,22.0,2.0,1,,,83.274,2025,Imola
0 days 01:46:54.488000,STR,36.0,0 days 00:01:23.401000,HARD,23.0,2.0,1,,,83.401,2025,Imola
0 days 01:48:17.513000,STR,37.0,0 days 00:01:23.025000,HARD,24.0,2.0,1,,,83.025,2025,Imola
0 days 01:49:40.482000,STR,38.0,0 days 00:01:22.969000,HARD,25.0,2.0,1,,,82.969,2025,Imola
0 days 01:51:02.422000,STR,39.0,0 days 00:01:21.940000,HARD,26.0,2.0,1,,,81.94,2025,Imola
0 days 01:52:24.759000,STR,40.0,0 days 00:01:22.337000,HARD,27.0,2.0,1,,,82.337,2025,Imola
0 days 01:53:46.966000,STR,41.0,0 days 00:01:22.207000,HARD,28.0,2.0,1,,,82.207,2025,Imola
0 days 01:55:09.318000,STR,42.0,0 days 00:01:22.352000,HARD,29.0,2.0,1,,,82.352,2025,Imola
0 days 01:56:31.169000,STR,43.0,0 days 00:01:21.851000,HARD,30.0,2.0,1,,,81.851,2025,Imola
0 days 01:57:53.052000,STR,44.0,0 days 00:01:21.883000,HARD,31.0,2.0,1,,,81.883,2025,Imola
0 days 01:59:25.228000,STR,45.0,0 days 00:01:32.176000,HARD,32.0,2.0,124,,,92.176,2025,Imola
0 days 02:01:20.690000,STR,46.0,0 days 00:01:55.462000,HARD,33.0,2.0,4,0 days 02:01:16.327000,,115.462,2025,Imola
0 days 02:03:24.019000,STR,47.0,0 days 00:02:03.329000,MEDIUM,7.0,3.0,4,,0 days 02:01:50.846000,123.329,2025,Imola
0 days 02:04:56.417000,STR,48.0,0 days 00:01:32.398000,MEDIUM,8.0,3.0,4,,,92.398,2025,Imola
0 days 02:06:29.101000,STR,49.0,0 days 00:01:32.684000,MEDIUM,9.0,3.0,4,,,92.684,2025,Imola
0 days 02:08:36.263000,STR,50.0,0 days 00:02:07.162000,MEDIUM,10.0,3.0,4,,,127.162,2025,Imola
0 days 02:10:40.591000,STR,51.0,0 days 00:02:04.328000,MEDIUM,11.0,3.0,4,,,124.328,2025,Imola
0 days 02:12:39.209000,STR,52.0,0 days 00:01:58.618000,MEDIUM,12.0,3.0,4,,,118.618,2025,Imola
0 days 02:14:34.896000,STR,53.0,0 days 00:01:55.687000,MEDIUM,13.0,3.0,41,,,115.687,2025,Imola
0 days 02:15:57.640000,STR,54.0,0 days 00:01:22.744000,MEDIUM,14.0,3.0,1,,,82.744,2025,Imola
0 days 02:17:19.723000,STR,55.0,0 days 00:01:22.083000,MEDIUM,15.0,3.0,1,,,82.083,2025,Imola
0 days 02:18:40.656000,STR,56.0,0 days 00:01:20.933000,MEDIUM,16.0,3.0,1,,,80.933,2025,Imola
0 days 02:20:01.313000,STR,57.0,0 days 00:01:20.657000,MEDIUM,17.0,3.0,1,,,80.657,2025,Imola
0 days 02:21:21.814000,STR,58.0,0 days 00:01:20.501000,MEDIUM,18.0,3.0,1,,,80.501,2025,Imola
0 days 02:22:42.530000,STR,59.0,0 days 00:01:20.716000,MEDIUM,19.0,3.0,1,,,80.716,2025,Imola
0 days 02:24:03.077000,STR,60.0,0 days 00:01:20.547000,MEDIUM,20.0,3.0,1,,,80.547,2025,Imola
0 days 02:25:23.772000,STR,61.0,0 days 00:01:20.695000,MEDIUM,21.0,3.0,1,,,80.695,2025,Imola
0 days 02:26:44.619000,STR,62.0,0 days 00:01:20.847000,MEDIUM,22.0,3.0,1,,,80.847,2025,Imola
0 days 02:28:05.545000,STR,63.0,0 days 00:01:20.926000,MEDIUM,23.0,3.0,1,,,80.926,2025,Imola
0 days 00:57:34.409000,TSU,1.0,0 days 00:01:35.056000,HARD,1.0,1.0,1,,0 days 00:56:14.667000,95.056,2025,Imola
0 days 00:58:57.135000,TSU,2.0,0 days 00:01:22.726000,HARD,2.0,1.0,1,,,82.726,2025,Imola
0 days 01:00:19.397000,TSU,3.0,0 days 00:01:22.262000,HARD,3.0,1.0,1,,,82.262,2025,Imola
0 days 01:01:41.899000,TSU,4.0,0 days 00:01:22.502000,HARD,4.0,1.0,1,,,82.502,2025,Imola
0 days 01:03:04.164000,TSU,5.0,0 days 00:01:22.265000,HARD,5.0,1.0,1,,,82.265,2025,Imola
0 days 01:04:26.250000,TSU,6.0,0 days 00:01:22.086000,HARD,6.0,1.0,1,,,82.086,2025,Imola
0 days 01:05:48.429000,TSU,7.0,0 days 00:01:22.179000,HARD,7.0,1.0,1,,,82.179,2025,Imola
0 days 01:07:10.938000,TSU,8.0,0 days 00:01:22.509000,HARD,8.0,1.0,1,,,82.509,2025,Imola
0 days 01:08:33.198000,TSU,9.0,0 days 00:01:22.260000,HARD,9.0,1.0,1,,,82.26,2025,Imola
0 days 01:09:55.670000,TSU,10.0,0 days 00:01:22.472000,HARD,10.0,1.0,1,,,82.472,2025,Imola
0 days 01:11:17.663000,TSU,11.0,0 days 00:01:21.993000,HARD,11.0,1.0,1,,,81.993,2025,Imola
0 days 01:12:40.103000,TSU,12.0,0 days 00:01:22.440000,HARD,12.0,1.0,1,,,82.44,2025,Imola
0 days 01:14:02.722000,TSU,13.0,0 days 00:01:22.619000,HARD,13.0,1.0,1,,,82.619,2025,Imola
0 days 01:15:25.596000,TSU,14.0,0 days 00:01:22.874000,HARD,14.0,1.0,1,,,82.874,2025,Imola
0 days 01:16:48.452000,TSU,15.0,0 days 00:01:22.856000,HARD,15.0,1.0,1,,,82.856,2025,Imola
0 days 01:18:11.184000,TSU,16.0,0 days 00:01:22.732000,HARD,16.0,1.0,1,,,82.732,2025,Imola
0 days 01:19:33.736000,TSU,17.0,0 days 00:01:22.552000,HARD,17.0,1.0,1,,,82.552,2025,Imola
0 days 01:20:57.361000,TSU,18.0,0 days 00:01:23.625000,HARD,18.0,1.0,1,,,83.625,2025,Imola
0 days 01:22:20.035000,TSU,19.0,0 days 00:01:22.674000,HARD,19.0,1.0,1,,,82.674,2025,Imola
0 days 01:23:43.261000,TSU,20.0,0 days 00:01:23.226000,HARD,20.0,1.0,1,,,83.226,2025,Imola
0 days 01:25:06.884000,TSU,21.0,0 days 00:01:23.623000,HARD,21.0,1.0,1,,,83.623,2025,Imola
0 days 01:26:29.598000,TSU,22.0,0 days 00:01:22.714000,HARD,22.0,1.0,1,,,82.714,2025,Imola
0 days 01:27:52.329000,TSU,23.0,0 days 00:01:22.731000,HARD,23.0,1.0,1,,,82.731,2025,Imola
0 days 01:29:14.635000,TSU,24.0,0 days 00:01:22.306000,HARD,24.0,1.0,1,,,82.306,2025,Imola
0 days 01:30:38.163000,TSU,25.0,0 days 00:01:23.528000,HARD,25.0,1.0,1,,,83.528,2025,Imola
0 days 01:32:00.687000,TSU,26.0,0 days 00:01:22.524000,HARD,26.0,1.0,1,,,82.524,2025,Imola
0 days 01:33:23.144000,TSU,27.0,0 days 00:01:22.457000,HARD,27.0,1.0,1,,,82.457,2025,Imola
0 days 01:34:45.671000,TSU,28.0,0 days 00:01:22.527000,HARD,28.0,1.0,12,,,82.527,2025,Imola
0 days 01:36:36.629000,TSU,29.0,0 days 00:01:50.958000,HARD,29.0,1.0,26,0 days 01:36:32.168000,,110.958,2025,Imola
0 days 01:38:46.571000,TSU,30.0,0 days 00:02:09.942000,MEDIUM,1.0,2.0,671,,0 days 01:37:02.138000,129.942,2025,Imola
0 days 01:40:08.217000,TSU,31.0,0 days 00:01:21.646000,MEDIUM,2.0,2.0,1,,,81.646,2025,Imola
0 days 01:41:30.914000,TSU,32.0,0 days 00:01:22.697000,MEDIUM,3.0,2.0,1,,,82.697,2025,Imola
0 days 01:42:52.060000,TSU,33.0,0 days 00:01:21.146000,MEDIUM,4.0,2.0,1,,,81.146,2025,Imola
0 days 01:44:13.426000,TSU,34.0,0 days 00:01:21.366000,MEDIUM,5.0,2.0,1,,,81.366,2025,Imola
0 days 01:45:34.712000,TSU,35.0,0 days 00:01:21.286000,MEDIUM,6.0,2.0,1,,,81.286,2025,Imola
0 days 01:46:55.982000,TSU,36.0,0 days 00:01:21.270000,MEDIUM,7.0,2.0,1,,,81.27,2025,Imola
0 days 01:48:17.933000,TSU,37.0,0 days 00:01:21.951000,MEDIUM,8.0,2.0,1,,,81.951,2025,Imola
0 days 01:49:39.067000,TSU,38.0,0 days 00:01:21.134000,MEDIUM,9.0,2.0,1,,,81.134,2025,Imola
0 days 01:51:00.536000,TSU,39.0,0 days 00:01:21.469000,MEDIUM,10.0,2.0,1,,,81.469,2025,Imola
0 days 01:52:22.148000,TSU,40.0,0 days 00:01:21.612000,MEDIUM,11.0,2.0,1,,,81.612,2025,Imola
0 days 01:53:44.487000,TSU,41.0,0 days 00:01:22.339000,MEDIUM,12.0,2.0,1,,,82.339,2025,Imola
0 days 01:55:05.311000,TSU,42.0,0 days 00:01:20.824000,MEDIUM,13.0,2.0,1,,,80.824,2025,Imola
0 days 01:56:26.399000,TSU,43.0,0 days 00:01:21.088000,MEDIUM,14.0,2.0,1,,,81.088,2025,Imola
0 days 01:57:47.577000,TSU,44.0,0 days 00:01:21.178000,MEDIUM,15.0,2.0,1,,,81.178,2025,Imola
0 days 01:59:18.246000,TSU,45.0,0 days 00:01:30.669000,MEDIUM,16.0,2.0,124,,,90.669,2025,Imola
0 days 02:01:08.841000,TSU,46.0,0 days 00:01:50.595000,MEDIUM,17.0,2.0,4,,,110.595,2025,Imola
0 days 02:02:56.799000,TSU,47.0,0 days 00:01:47.958000,MEDIUM,18.0,2.0,4,,,107.958,2025,Imola
0 days 02:04:33.153000,TSU,48.0,0 days 00:01:36.354000,MEDIUM,19.0,2.0,4,,,96.354,2025,Imola
0 days 02:06:20.463000,TSU,49.0,0 days 00:01:47.310000,MEDIUM,20.0,2.0,4,,,107.31,2025,Imola
0 days 02:08:30.394000,TSU,50.0,0 days 00:02:09.931000,MEDIUM,21.0,2.0,4,,,129.931,2025,Imola
0 days 02:10:34.087000,TSU,51.0,0 days 00:02:03.693000,MEDIUM,22.0,2.0,4,,,123.693,2025,Imola
0 days 02:12:33.158000,TSU,52.0,0 days 00:01:59.071000,MEDIUM,23.0,2.0,4,,,119.071,2025,Imola
0 days 02:14:33.457000,TSU,53.0,0 days 00:02:00.299000,MEDIUM,24.0,2.0,41,,,120.299,2025,Imola
0 days 02:15:55.306000,TSU,54.0,0 days 00:01:21.849000,MEDIUM,25.0,2.0,1,,,81.849,2025,Imola
0 days 02:17:16.136000,TSU,55.0,0 days 00:01:20.830000,MEDIUM,26.0,2.0,1,,,80.83,2025,Imola
0 days 02:18:36.652000,TSU,56.0,0 days 00:01:20.516000,MEDIUM,27.0,2.0,1,,,80.516,2025,Imola
0 days 02:19:57.301000,TSU,57.0,0 days 00:01:20.649000,MEDIUM,28.0,2.0,1,,,80.649,2025,Imola
0 days 02:21:17.713000,TSU,58.0,0 days 00:01:20.412000,MEDIUM,29.0,2.0,1,,,80.412,2025,Imola
0 days 02:22:38.170000,TSU,59.0,0 days 00:01:20.457000,MEDIUM,30.0,2.0,1,,,80.457,2025,Imola
0 days 02:23:58.209000,TSU,60.0,0 days 00:01:20.039000,MEDIUM,31.0,2.0,1,,,80.039,2025,Imola
0 days 02:25:18.290000,TSU,61.0,0 days 00:01:20.081000,MEDIUM,32.0,2.0,1,,,80.081,2025,Imola
0 days 02:26:38.528000,TSU,62.0,0 days 00:01:20.238000,MEDIUM,33.0,2.0,1,,,80.238,2025,Imola
0 days 02:27:58.998000,TSU,63.0,0 days 00:01:20.470000,MEDIUM,34.0,2.0,1,,,80.47,2025,Imola
0 days 00:57:26.756000,ALB,1.0,0 days 00:01:27.403000,MEDIUM,1.0,1.0,1,,,87.403,2025,Imola
0 days 00:58:49.079000,ALB,2.0,0 days 00:01:22.323000,MEDIUM,2.0,1.0,1,,,82.323,2025,Imola
0 days 01:00:10.853000,ALB,3.0,0 days 00:01:21.774000,MEDIUM,3.0,1.0,1,,,81.774,2025,Imola
0 days 01:01:32.606000,ALB,4.0,0 days 00:01:21.753000,MEDIUM,4.0,1.0,1,,,81.753,2025,Imola
0 days 01:02:54.221000,ALB,5.0,0 days 00:01:21.615000,MEDIUM,5.0,1.0,1,,,81.615,2025,Imola
0 days 01:04:15.887000,ALB,6.0,0 days 00:01:21.666000,MEDIUM,6.0,1.0,1,,,81.666,2025,Imola
0 days 01:05:37.470000,ALB,7.0,0 days 00:01:21.583000,MEDIUM,7.0,1.0,1,,,81.583,2025,Imola
0 days 01:06:59.423000,ALB,8.0,0 days 00:01:21.953000,MEDIUM,8.0,1.0,1,,,81.953,2025,Imola
0 days 01:08:21.397000,ALB,9.0,0 days 00:01:21.974000,MEDIUM,9.0,1.0,1,,,81.974,2025,Imola
0 days 01:09:44,ALB,10.0,0 days 00:01:22.603000,MEDIUM,10.0,1.0,1,,,82.603,2025,Imola
0 days 01:11:07.710000,ALB,11.0,0 days 00:01:23.710000,MEDIUM,11.0,1.0,1,,,83.71,2025,Imola
0 days 01:12:30.002000,ALB,12.0,0 days 00:01:22.292000,MEDIUM,12.0,1.0,1,,,82.292,2025,Imola
0 days 01:13:51.760000,ALB,13.0,0 days 00:01:21.758000,MEDIUM,13.0,1.0,1,,,81.758,2025,Imola
0 days 01:15:13.739000,ALB,14.0,0 days 00:01:21.979000,MEDIUM,14.0,1.0,1,,,81.979,2025,Imola
0 days 01:16:35.757000,ALB,15.0,0 days 00:01:22.018000,MEDIUM,15.0,1.0,1,,,82.018,2025,Imola
0 days 01:17:57.545000,ALB,16.0,0 days 00:01:21.788000,MEDIUM,16.0,1.0,1,,,81.788,2025,Imola
0 days 01:19:19.343000,ALB,17.0,0 days 00:01:21.798000,MEDIUM,17.0,1.0,1,,,81.798,2025,Imola
0 days 01:20:41.163000,ALB,18.0,0 days 00:01:21.820000,MEDIUM,18.0,1.0,1,,,81.82,2025,Imola
0 days 01:22:02.942000,ALB,19.0,0 days 00:01:21.779000,MEDIUM,19.0,1.0,1,,,81.779,2025,Imola
0 days 01:23:24.917000,ALB,20.0,0 days 00:01:21.975000,MEDIUM,20.0,1.0,1,,,81.975,2025,Imola
0 days 01:24:46.919000,ALB,21.0,0 days 00:01:22.002000,MEDIUM,21.0,1.0,1,,,82.002,2025,Imola
0 days 01:26:08.731000,ALB,22.0,0 days 00:01:21.812000,MEDIUM,22.0,1.0,1,,,81.812,2025,Imola
0 days 01:27:30.532000,ALB,23.0,0 days 00:01:21.801000,MEDIUM,23.0,1.0,1,,,81.801,2025,Imola
0 days 01:28:52.372000,ALB,24.0,0 days 00:01:21.840000,MEDIUM,24.0,1.0,1,,,81.84,2025,Imola
0 days 01:30:14.611000,ALB,25.0,0 days 00:01:22.239000,MEDIUM,25.0,1.0,1,,,82.239,2025,Imola
0 days 01:31:37.067000,ALB,26.0,0 days 00:01:22.456000,MEDIUM,26.0,1.0,1,,,82.456,2025,Imola
0 days 01:32:59.125000,ALB,27.0,0 days 00:01:22.058000,MEDIUM,27.0,1.0,1,,,82.058,2025,Imola
0 days 01:34:21.582000,ALB,28.0,0 days 00:01:22.457000,MEDIUM,28.0,1.0,1,,,82.457,2025,Imola
0 days 01:36:04.640000,ALB,29.0,0 days 00:01:43.058000,MEDIUM,29.0,1.0,126,0 days 01:36:00.165000,,103.058,2025,Imola
0 days 01:38:17.368000,ALB,30.0,0 days 00:02:12.728000,HARD,1.0,2.0,6,,0 days 01:36:30.731000,132.728,2025,Imola
0 days 01:39:44.746000,ALB,31.0,0 days 00:01:27.378000,HARD,2.0,2.0,671,,,87.378,2025,Imola
0 days 01:41:05.130000,ALB,32.0,0 days 00:01:20.384000,HARD,3.0,2.0,1,,,80.384,2025,Imola
0 days 01:42:25.816000,ALB,33.0,0 days 00:01:20.686000,HARD,4.0,2.0,1,,,80.686,2025,Imola
0 days 01:43:46.640000,ALB,34.0,0 days 00:01:20.824000,HARD,5.0,2.0,1,,,80.824,2025,Imola
0 days 01:45:07.362000,ALB,35.0,0 days 00:01:20.722000,HARD,6.0,2.0,1,,,80.722,2025,Imola
0 days 01:46:28.054000,ALB,36.0,0 days 00:01:20.692000,HARD,7.0,2.0,1,,,80.692,2025,Imola
0 days 01:47:48.749000,ALB,37.0,0 days 00:01:20.695000,HARD,8.0,2.0,1,,,80.695,2025,Imola
0 days 01:49:09.443000,ALB,38.0,0 days 00:01:20.694000,HARD,9.0,2.0,1,,,80.694,2025,Imola
0 days 01:50:29.961000,ALB,39.0,0 days 00:01:20.518000,HARD,10.0,2.0,1,,,80.518,2025,Imola
0 days 01:51:51.486000,ALB,40.0,0 days 00:01:21.525000,HARD,11.0,2.0,1,,,81.525,2025,Imola
0 days 01:53:12.230000,ALB,41.0,0 days 00:01:20.744000,HARD,12.0,2.0,1,,,80.744,2025,Imola
0 days 01:54:32.774000,ALB,42.0,0 days 00:01:20.544000,HARD,13.0,2.0,1,,,80.544,2025,Imola
0 days 01:55:53.162000,ALB,43.0,0 days 00:01:20.388000,HARD,14.0,2.0,1,,,80.388,2025,Imola
0 days 01:57:13.578000,ALB,44.0,0 days 00:01:20.416000,HARD,15.0,2.0,1,,,80.416,2025,Imola
0 days 01:58:34.087000,ALB,45.0,0 days 00:01:20.509000,HARD,16.0,2.0,12,,,80.509,2025,Imola
0 days 02:00:20.739000,ALB,46.0,0 days 00:01:46.652000,HARD,17.0,2.0,24,,,106.652,2025,Imola
0 days 02:02:17.143000,ALB,47.0,0 days 00:01:56.404000,HARD,18.0,2.0,4,0 days 02:02:12.739000,,116.404,2025,Imola
0 days 02:04:18.490000,ALB,48.0,0 days 00:02:01.347000,HARD,1.0,3.0,4,,0 days 02:02:42.564000,121.347,2025,Imola
0 days 02:06:11.646000,ALB,49.0,0 days 00:01:53.156000,HARD,2.0,3.0,4,,,113.156,2025,Imola
0 days 02:08:20.804000,ALB,50.0,0 days 00:02:09.158000,HARD,3.0,3.0,4,,,129.158,2025,Imola
0 days 02:10:24.500000,ALB,51.0,0 days 00:02:03.696000,HARD,4.0,3.0,4,,,123.696,2025,Imola
0 days 02:12:23.437000,ALB,52.0,0 days 00:01:58.937000,HARD,5.0,3.0,4,,,118.937,2025,Imola
0 days 02:14:31.347000,ALB,53.0,0 days 00:02:07.910000,HARD,6.0,3.0,41,,,127.91,2025,Imola
0 days 02:15:52.004000,ALB,54.0,0 days 00:01:20.657000,HARD,7.0,3.0,1,,,80.657,2025,Imola
0 days 02:17:11.653000,ALB,55.0,0 days 00:01:19.649000,HARD,8.0,3.0,1,,,79.649,2025,Imola
0 days 02:18:30.525000,ALB,56.0,0 days 00:01:18.872000,HARD,9.0,3.0,1,,,78.872,2025,Imola
0 days 02:19:49.544000,ALB,57.0,0 days 00:01:19.019000,HARD,10.0,3.0,1,,,79.019,2025,Imola
0 days 02:21:09.831000,ALB,58.0,0 days 00:01:20.287000,HARD,11.0,3.0,1,,,80.287,2025,Imola
0 days 02:22:29.930000,ALB,59.0,0 days 00:01:20.099000,HARD,12.0,3.0,1,,,80.099,2025,Imola
0 days 02:23:51.316000,ALB,60.0,0 days 00:01:21.386000,HARD,13.0,3.0,1,,,81.386,2025,Imola
0 days 02:25:11.280000,ALB,61.0,0 days 00:01:19.964000,HARD,14.0,3.0,1,,,79.964,2025,Imola
0 days 02:26:32.208000,ALB,62.0,0 days 00:01:20.928000,HARD,15.0,3.0,1,,,80.928,2025,Imola
0 days 02:27:50.497000,ALB,63.0,0 days 00:01:18.289000,HARD,16.0,3.0,1,,,78.289,2025,Imola
0 days 00:57:31.289000,HUL,1.0,0 days 00:01:31.936000,HARD,1.0,1.0,1,,,91.936,2025,Imola
0 days 00:58:54.568000,HUL,2.0,0 days 00:01:23.279000,HARD,2.0,1.0,1,,,83.279,2025,Imola
0 days 01:00:17.238000,HUL,3.0,0 days 00:01:22.670000,HARD,3.0,1.0,1,,,82.67,2025,Imola
0 days 01:01:39.672000,HUL,4.0,0 days 00:01:22.434000,HARD,4.0,1.0,1,,,82.434,2025,Imola
0 days 01:03:01.594000,HUL,5.0,0 days 00:01:21.922000,HARD,5.0,1.0,1,,,81.922,2025,Imola
0 days 01:04:23.765000,HUL,6.0,0 days 00:01:22.171000,HARD,6.0,1.0,1,,,82.171,2025,Imola
0 days 01:05:45.993000,HUL,7.0,0 days 00:01:22.228000,HARD,7.0,1.0,1,,,82.228,2025,Imola
0 days 01:07:08.277000,HUL,8.0,0 days 00:01:22.284000,HARD,8.0,1.0,1,,,82.284,2025,Imola
0 days 01:08:30.412000,HUL,9.0,0 days 00:01:22.135000,HARD,9.0,1.0,1,,,82.135,2025,Imola
0 days 01:09:52.446000,HUL,10.0,0 days 00:01:22.034000,HARD,10.0,1.0,1,,,82.034,2025,Imola
0 days 01:11:14.863000,HUL,11.0,0 days 00:01:22.417000,HARD,11.0,1.0,1,,,82.417,2025,Imola
0 days 01:12:37.578000,HUL,12.0,0 days 00:01:22.715000,HARD,12.0,1.0,1,,,82.715,2025,Imola
0 days 01:14:00.046000,HUL,13.0,0 days 00:01:22.468000,HARD,13.0,1.0,1,,,82.468,2025,Imola
0 days 01:15:22.643000,HUL,14.0,0 days 00:01:22.597000,HARD,14.0,1.0,1,,,82.597,2025,Imola
0 days 01:16:45.110000,HUL,15.0,0 days 00:01:22.467000,HARD,15.0,1.0,1,,,82.467,2025,Imola
0 days 01:18:07.381000,HUL,16.0,0 days 00:01:22.271000,HARD,16.0,1.0,1,,,82.271,2025,Imola
0 days 01:19:29.752000,HUL,17.0,0 days 00:01:22.371000,HARD,17.0,1.0,1,,,82.371,2025,Imola
0 days 01:20:52.077000,HUL,18.0,0 days 00:01:22.325000,HARD,18.0,1.0,1,,,82.325,2025,Imola
0 days 01:22:14.508000,HUL,19.0,0 days 00:01:22.431000,HARD,19.0,1.0,1,,,82.431,2025,Imola
0 days 01:23:37.376000,HUL,20.0,0 days 00:01:22.868000,HARD,20.0,1.0,1,,,82.868,2025,Imola
0 days 01:25:00.020000,HUL,21.0,0 days 00:01:22.644000,HARD,21.0,1.0,1,,,82.644,2025,Imola
0 days 01:26:23.762000,HUL,22.0,0 days 00:01:23.742000,HARD,22.0,1.0,1,,,83.742,2025,Imola
0 days 01:27:46.312000,HUL,23.0,0 days 00:01:22.550000,HARD,23.0,1.0,1,,,82.55,2025,Imola
0 days 01:29:08.654000,HUL,24.0,0 days 00:01:22.342000,HARD,24.0,1.0,1,,,82.342,2025,Imola
0 days 01:30:30.997000,HUL,25.0,0 days 00:01:22.343000,HARD,25.0,1.0,1,,,82.343,2025,Imola
0 days 01:31:53.723000,HUL,26.0,0 days 00:01:22.726000,HARD,26.0,1.0,1,,,82.726,2025,Imola
0 days 01:33:17.187000,HUL,27.0,0 days 00:01:23.464000,HARD,27.0,1.0,1,,,83.464,2025,Imola
0 days 01:34:39.362000,HUL,28.0,0 days 00:01:22.175000,HARD,28.0,1.0,12,,,82.175,2025,Imola
0 days 01:36:27.563000,HUL,29.0,0 days 00:01:48.201000,HARD,29.0,1.0,26,0 days 01:36:23.137000,,108.201,2025,Imola
0 days 01:38:39.957000,HUL,30.0,0 days 00:02:12.394000,MEDIUM,1.0,2.0,67,,0 days 01:36:53.403000,132.394,2025,Imola
0 days 01:40:02.390000,HUL,31.0,0 days 00:01:22.433000,MEDIUM,2.0,2.0,71,,,82.433,2025,Imola
0 days 01:41:23.999000,HUL,32.0,0 days 00:01:21.609000,MEDIUM,3.0,2.0,1,,,81.609,2025,Imola
0 days 01:42:46.486000,HUL,33.0,0 days 00:01:22.487000,MEDIUM,4.0,2.0,1,,,82.487,2025,Imola
0 days 01:44:08.849000,HUL,34.0,0 days 00:01:22.363000,MEDIUM,5.0,2.0,1,,,82.363,2025,Imola
0 days 01:45:31.493000,HUL,35.0,0 days 00:01:22.644000,MEDIUM,6.0,2.0,1,,,82.644,2025,Imola
0 days 01:46:53.113000,HUL,36.0,0 days 00:01:21.620000,MEDIUM,7.0,2.0,1,,,81.62,2025,Imola
0 days 01:48:15.137000,HUL,37.0,0 days 00:01:22.024000,MEDIUM,8.0,2.0,1,,,82.024,2025,Imola
0 days 01:49:36.659000,HUL,38.0,0 days 00:01:21.522000,MEDIUM,9.0,2.0,1,,,81.522,2025,Imola
0 days 01:50:57.141000,HUL,39.0,0 days 00:01:20.482000,MEDIUM,10.0,2.0,1,,,80.482,2025,Imola
0 days 01:52:18.593000,HUL,40.0,0 days 00:01:21.452000,MEDIUM,11.0,2.0,1,,,81.452,2025,Imola
0 days 01:53:40.068000,HUL,41.0,0 days 00:01:21.475000,MEDIUM,12.0,2.0,1,,,81.475,2025,Imola
0 days 01:55:02.463000,HUL,42.0,0 days 00:01:22.395000,MEDIUM,13.0,2.0,1,,,82.395,2025,Imola
0 days 01:56:24.123000,HUL,43.0,0 days 00:01:21.660000,MEDIUM,14.0,2.0,1,,,81.66,2025,Imola
0 days 01:57:45.597000,HUL,44.0,0 days 00:01:21.474000,MEDIUM,15.0,2.0,1,,,81.474,2025,Imola
0 days 01:59:14.994000,HUL,45.0,0 days 00:01:29.397000,MEDIUM,16.0,2.0,124,,,89.397,2025,Imola
0 days 02:01:06.043000,HUL,46.0,0 days 00:01:51.049000,MEDIUM,17.0,2.0,4,,,111.049,2025,Imola
0 days 02:02:54.707000,HUL,47.0,0 days 00:01:48.664000,MEDIUM,18.0,2.0,4,,,108.664,2025,Imola
0 days 02:04:31.200000,HUL,48.0,0 days 00:01:36.493000,MEDIUM,19.0,2.0,4,,,96.493,2025,Imola
0 days 02:06:19.096000,HUL,49.0,0 days 00:01:47.896000,MEDIUM,20.0,2.0,4,,,107.896,2025,Imola
0 days 02:08:28.593000,HUL,50.0,0 days 00:02:09.497000,MEDIUM,21.0,2.0,4,,,129.497,2025,Imola
0 days 02:10:32.359000,HUL,51.0,0 days 00:02:03.766000,MEDIUM,22.0,2.0,4,,,123.766,2025,Imola
0 days 02:12:31.148000,HUL,52.0,0 days 00:01:58.789000,MEDIUM,23.0,2.0,4,,,118.789,2025,Imola
0 days 02:14:33.068000,HUL,53.0,0 days 00:02:01.920000,MEDIUM,24.0,2.0,41,,,121.92,2025,Imola
0 days 02:15:55.999000,HUL,54.0,0 days 00:01:22.931000,MEDIUM,25.0,2.0,1,,,82.931,2025,Imola
0 days 02:17:17.044000,HUL,55.0,0 days 00:01:21.045000,MEDIUM,26.0,2.0,1,,,81.045,2025,Imola
0 days 02:18:37.628000,HUL,56.0,0 days 00:01:20.584000,MEDIUM,27.0,2.0,1,,,80.584,2025,Imola
0 days 02:19:58.107000,HUL,57.0,0 days 00:01:20.479000,MEDIUM,28.0,2.0,1,,,80.479,2025,Imola
0 days 02:21:18.721000,HUL,58.0,0 days 00:01:20.614000,MEDIUM,29.0,2.0,1,,,80.614,2025,Imola
0 days 02:22:40.176000,HUL,59.0,0 days 00:01:21.455000,MEDIUM,30.0,2.0,1,,,81.455,2025,Imola
0 days 02:24:00.608000,HUL,60.0,0 days 00:01:20.432000,MEDIUM,31.0,2.0,1,,,80.432,2025,Imola
0 days 02:25:21.532000,HUL,61.0,0 days 00:01:20.924000,MEDIUM,32.0,2.0,1,,,80.924,2025,Imola
0 days 02:26:41.933000,HUL,62.0,0 days 00:01:20.401000,MEDIUM,33.0,2.0,1,,,80.401,2025,Imola
0 days 02:28:02.848000,HUL,63.0,0 days 00:01:20.915000,MEDIUM,34.0,2.0,1,,,80.915,2025,Imola
0 days 00:57:30.298000,LAW,1.0,0 days 00:01:30.945000,MEDIUM,1.0,1.0,1,,,90.945,2025,Imola
0 days 00:58:53.928000,LAW,2.0,0 days 00:01:23.630000,MEDIUM,2.0,1.0,1,,,83.63,2025,Imola
0 days 01:00:16.665000,LAW,3.0,0 days 00:01:22.737000,MEDIUM,3.0,1.0,1,,,82.737,2025,Imola
0 days 01:01:38.775000,LAW,4.0,0 days 00:01:22.110000,MEDIUM,4.0,1.0,1,,,82.11,2025,Imola
0 days 01:03:00.692000,LAW,5.0,0 days 00:01:21.917000,MEDIUM,5.0,1.0,1,,,81.917,2025,Imola
0 days 01:04:22.490000,LAW,6.0,0 days 00:01:21.798000,MEDIUM,6.0,1.0,1,,,81.798,2025,Imola
0 days 01:05:44.554000,LAW,7.0,0 days 00:01:22.064000,MEDIUM,7.0,1.0,1,,,82.064,2025,Imola
0 days 01:07:06.665000,LAW,8.0,0 days 00:01:22.111000,MEDIUM,8.0,1.0,1,,,82.111,2025,Imola
0 days 01:08:28.792000,LAW,9.0,0 days 00:01:22.127000,MEDIUM,9.0,1.0,1,,,82.127,2025,Imola
0 days 01:09:54.992000,LAW,10.0,0 days 00:01:26.200000,MEDIUM,10.0,1.0,1,0 days 01:09:50.680000,,86.2,2025,Imola
0 days 01:11:40.444000,LAW,11.0,0 days 00:01:45.452000,HARD,1.0,2.0,1,,0 days 01:10:20.332000,105.452,2025,Imola
0 days 01:13:02.147000,LAW,12.0,0 days 00:01:21.703000,HARD,2.0,2.0,1,,,81.703,2025,Imola
0 days 01:14:23.392000,LAW,13.0,0 days 00:01:21.245000,HARD,3.0,2.0,1,,,81.245,2025,Imola
0 days 01:15:45.874000,LAW,14.0,0 days 00:01:22.482000,HARD,4.0,2.0,1,,,82.482,2025,Imola
0 days 01:17:08.091000,LAW,15.0,0 days 00:01:22.217000,HARD,5.0,2.0,1,,,82.217,2025,Imola
0 days 01:18:30.083000,LAW,16.0,0 days 00:01:21.992000,HARD,6.0,2.0,1,,,81.992,2025,Imola
0 days 01:19:52.212000,LAW,17.0,0 days 00:01:22.129000,HARD,7.0,2.0,1,,,82.129,2025,Imola
0 days 01:21:14.215000,LAW,18.0,0 days 00:01:22.003000,HARD,8.0,2.0,1,,,82.003,2025,Imola
0 days 01:22:36.192000,LAW,19.0,0 days 00:01:21.977000,HARD,9.0,2.0,1,,,81.977,2025,Imola
0 days 01:23:58.359000,LAW,20.0,0 days 00:01:22.167000,HARD,10.0,2.0,1,,,82.167,2025,Imola
0 days 01:25:20.512000,LAW,21.0,0 days 00:01:22.153000,HARD,11.0,2.0,1,,,82.153,2025,Imola
0 days 01:26:42.575000,LAW,22.0,0 days 00:01:22.063000,HARD,12.0,2.0,1,,,82.063,2025,Imola
0 days 01:28:05.022000,LAW,23.0,0 days 00:01:22.447000,HARD,13.0,2.0,1,,,82.447,2025,Imola
0 days 01:29:27.176000,LAW,24.0,0 days 00:01:22.154000,HARD,14.0,2.0,1,,,82.154,2025,Imola
0 days 01:30:49.675000,LAW,25.0,0 days 00:01:22.499000,HARD,15.0,2.0,1,,,82.499,2025,Imola
0 days 01:32:12.399000,LAW,26.0,0 days 00:01:22.724000,HARD,16.0,2.0,1,,,82.724,2025,Imola
0 days 01:33:35.278000,LAW,27.0,0 days 00:01:22.879000,HARD,17.0,2.0,1,,,82.879,2025,Imola
0 days 01:34:58.223000,LAW,28.0,0 days 00:01:22.945000,HARD,18.0,2.0,12,,,82.945,2025,Imola
0 days 01:36:54.026000,LAW,29.0,0 days 00:01:55.803000,HARD,19.0,2.0,26,0 days 01:36:49.669000,,115.803,2025,Imola
0 days 01:39:00.333000,LAW,30.0,0 days 00:02:06.307000,HARD,1.0,3.0,671,,0 days 01:37:19.906000,126.307,2025,Imola
0 days 01:40:21.607000,LAW,31.0,0 days 00:01:21.274000,HARD,2.0,3.0,1,,,81.274,2025,Imola
0 days 01:41:42.507000,LAW,32.0,0 days 00:01:20.900000,HARD,3.0,3.0,1,,,80.9,2025,Imola
0 days 01:43:03.666000,LAW,33.0,0 days 00:01:21.159000,HARD,4.0,3.0,1,,,81.159,2025,Imola
0 days 01:44:24.774000,LAW,34.0,0 days 00:01:21.108000,HARD,5.0,3.0,1,,,81.108,2025,Imola
0 days 01:45:45.899000,LAW,35.0,0 days 00:01:21.125000,HARD,6.0,3.0,1,,,81.125,2025,Imola
0 days 01:47:06.976000,LAW,36.0,0 days 00:01:21.077000,HARD,7.0,3.0,1,,,81.077,2025,Imola
0 days 01:48:27.969000,LAW,37.0,0 days 00:01:20.993000,HARD,8.0,3.0,1,,,80.993,2025,Imola
0 days 01:49:49.078000,LAW,38.0,0 days 00:01:21.109000,HARD,9.0,3.0,1,,,81.109,2025,Imola
0 days 01:51:10.111000,LAW,39.0,0 days 00:01:21.033000,HARD,10.0,3.0,1,,,81.033,2025,Imola
0 days 01:52:31.329000,LAW,40.0,0 days 00:01:21.218000,HARD,11.0,3.0,1,,,81.218,2025,Imola
0 days 01:53:52.746000,LAW,41.0,0 days 00:01:21.417000,HARD,12.0,3.0,1,,,81.417,2025,Imola
0 days 01:55:13.780000,LAW,42.0,0 days 00:01:21.034000,HARD,13.0,3.0,1,,,81.034,2025,Imola
0 days 01:56:35.805000,LAW,43.0,0 days 00:01:22.025000,HARD,14.0,3.0,1,,,82.025,2025,Imola
0 days 01:57:58.894000,LAW,44.0,0 days 00:01:23.089000,HARD,15.0,3.0,1,,,83.089,2025,Imola
0 days 01:59:32.479000,LAW,45.0,0 days 00:01:33.585000,HARD,16.0,3.0,124,,,93.585,2025,Imola
0 days 02:01:25.497000,LAW,46.0,0 days 00:01:53.018000,HARD,17.0,3.0,4,,,113.018,2025,Imola
0 days 02:03:05.526000,LAW,47.0,0 days 00:01:40.029000,HARD,18.0,3.0,4,,,100.029,2025,Imola
0 days 02:04:41.609000,LAW,48.0,0 days 00:01:36.083000,HARD,19.0,3.0,4,,,96.083,2025,Imola
0 days 02:06:23.119000,LAW,49.0,0 days 00:01:41.510000,HARD,20.0,3.0,4,,,101.51,2025,Imola
0 days 02:08:33.019000,LAW,50.0,0 days 00:02:09.900000,HARD,21.0,3.0,4,,,129.9,2025,Imola
0 days 02:10:37.444000,LAW,51.0,0 days 00:02:04.425000,HARD,22.0,3.0,4,,,124.425,2025,Imola
0 days 02:12:36.283000,LAW,52.0,0 days 00:01:58.839000,HARD,23.0,3.0,4,,,118.839,2025,Imola
0 days 02:14:34.242000,LAW,53.0,0 days 00:01:57.959000,HARD,24.0,3.0,41,,,117.959,2025,Imola
0 days 02:15:56.949000,LAW,54.0,0 days 00:01:22.707000,HARD,25.0,3.0,1,,,82.707,2025,Imola
0 days 02:17:19.426000,LAW,55.0,0 days 00:01:22.477000,HARD,26.0,3.0,1,,,82.477,2025,Imola
0 days 02:18:40.009000,LAW,56.0,0 days 00:01:20.583000,HARD,27.0,3.0,1,,,80.583,2025,Imola
0 days 02:20:00.771000,LAW,57.0,0 days 00:01:20.762000,HARD,28.0,3.0,1,,,80.762,2025,Imola
0 days 02:21:21.336000,LAW,58.0,0 days 00:01:20.565000,HARD,29.0,3.0,1,,,80.565,2025,Imola
0 days 02:22:42.093000,LAW,59.0,0 days 00:01:20.757000,HARD,30.0,3.0,1,,,80.757,2025,Imola
0 days 02:24:02.566000,LAW,60.0,0 days 00:01:20.473000,HARD,31.0,3.0,1,,,80.473,2025,Imola
0 days 02:25:23.253000,LAW,61.0,0 days 00:01:20.687000,HARD,32.0,3.0,1,,,80.687,2025,Imola
0 days 02:26:44.114000,LAW,62.0,0 days 00:01:20.861000,HARD,33.0,3.0,1,,,80.861,2025,Imola
0 days 02:28:05.063000,LAW,63.0,0 days 00:01:20.949000,HARD,34.0,3.0,1,,,80.949,2025,Imola
0 days 00:57:35.850000,OCO,1.0,0 days 00:01:36.497000,MEDIUM,1.0,1.0,1,0 days 00:57:31.537000,,96.497,2025,Imola
0 days 00:59:20.337000,OCO,2.0,0 days 00:01:44.487000,HARD,1.0,2.0,1,,0 days 00:58:02.009000,104.487,2025,Imola
0 days 01:00:41.750000,OCO,3.0,0 days 00:01:21.413000,HARD,2.0,2.0,1,,,81.413,2025,Imola
0 days 01:02:03.173000,OCO,4.0,0 days 00:01:21.423000,HARD,3.0,2.0,1,,,81.423,2025,Imola
0 days 01:03:24.824000,OCO,5.0,0 days 00:01:21.651000,HARD,4.0,2.0,1,,,81.651,2025,Imola
0 days 01:04:46.433000,OCO,6.0,0 days 00:01:21.609000,HARD,5.0,2.0,1,,,81.609,2025,Imola
0 days 01:06:08.231000,OCO,7.0,0 days 00:01:21.798000,HARD,6.0,2.0,1,,,81.798,2025,Imola
0 days 01:07:30.027000,OCO,8.0,0 days 00:01:21.796000,HARD,7.0,2.0,1,,,81.796,2025,Imola
0 days 01:08:51.912000,OCO,9.0,0 days 00:01:21.885000,HARD,8.0,2.0,1,,,81.885,2025,Imola
0 days 01:10:14.117000,OCO,10.0,0 days 00:01:22.205000,HARD,9.0,2.0,1,,,82.205,2025,Imola
0 days 01:11:36.343000,OCO,11.0,0 days 00:01:22.226000,HARD,10.0,2.0,1,,,82.226,2025,Imola
0 days 01:12:58.867000,OCO,12.0,0 days 00:01:22.524000,HARD,11.0,2.0,1,,,82.524,2025,Imola
0 days 01:14:21.717000,OCO,13.0,0 days 00:01:22.850000,HARD,12.0,2.0,1,,,82.85,2025,Imola
0 days 01:15:45.584000,OCO,14.0,0 days 00:01:23.867000,HARD,13.0,2.0,1,,,83.867,2025,Imola
0 days 01:17:09.663000,OCO,15.0,0 days 00:01:24.079000,HARD,14.0,2.0,1,,,84.079,2025,Imola
0 days 01:18:33.619000,OCO,16.0,0 days 00:01:23.956000,HARD,15.0,2.0,1,,,83.956,2025,Imola
0 days 01:19:56.457000,OCO,17.0,0 days 00:01:22.838000,HARD,16.0,2.0,1,,,82.838,2025,Imola
0 days 01:21:19.173000,OCO,18.0,0 days 00:01:22.716000,HARD,17.0,2.0,1,,,82.716,2025,Imola
0 days 01:22:41.605000,OCO,19.0,0 days 00:01:22.432000,HARD,18.0,2.0,1,,,82.432,2025,Imola
0 days 01:24:04.341000,OCO,20.0,0 days 00:01:22.736000,HARD,19.0,2.0,1,,,82.736,2025,Imola
0 days 01:25:26.507000,OCO,21.0,0 days 00:01:22.166000,HARD,20.0,2.0,1,,,82.166,2025,Imola
0 days 01:26:49.158000,OCO,22.0,0 days 00:01:22.651000,HARD,21.0,2.0,1,,,82.651,2025,Imola
0 days 01:28:11.592000,OCO,23.0,0 days 00:01:22.434000,HARD,22.0,2.0,1,,,82.434,2025,Imola
0 days 01:29:33.988000,OCO,24.0,0 days 00:01:22.396000,HARD,23.0,2.0,1,,,82.396,2025,Imola
0 days 01:30:56.582000,OCO,25.0,0 days 00:01:22.594000,HARD,24.0,2.0,1,,,82.594,2025,Imola
0 days 01:32:19.296000,OCO,26.0,0 days 00:01:22.714000,HARD,25.0,2.0,1,,,82.714,2025,Imola
0 days 01:33:41.688000,OCO,27.0,0 days 00:01:22.392000,HARD,26.0,2.0,1,,,82.392,2025,Imola
0 days 01:36:11.688000,OCO,28.0,,HARD,27.0,2.0,126,,,,2025,Imola
0 days 00:57:25.159000,NOR,1.0,0 days 00:01:25.806000,MEDIUM,1.0,1.0,1,,,85.806,2025,Imola
0 days 00:58:46.978000,NOR,2.0,0 days 00:01:21.819000,MEDIUM,2.0,1.0,1,,,81.819,2025,Imola
0 days 01:00:08.440000,NOR,3.0,0 days 00:01:21.462000,MEDIUM,3.0,1.0,1,,,81.462,2025,Imola
0 days 01:01:30.087000,NOR,4.0,0 days 00:01:21.647000,MEDIUM,4.0,1.0,1,,,81.647,2025,Imola
0 days 01:02:51.668000,NOR,5.0,0 days 00:01:21.581000,MEDIUM,5.0,1.0,1,,,81.581,2025,Imola
0 days 01:04:13.186000,NOR,6.0,0 days 00:01:21.518000,MEDIUM,6.0,1.0,1,,,81.518,2025,Imola
0 days 01:05:34.533000,NOR,7.0,0 days 00:01:21.347000,MEDIUM,7.0,1.0,1,,,81.347,2025,Imola
0 days 01:06:56.243000,NOR,8.0,0 days 00:01:21.710000,MEDIUM,8.0,1.0,1,,,81.71,2025,Imola
0 days 01:08:18.729000,NOR,9.0,0 days 00:01:22.486000,MEDIUM,9.0,1.0,1,,,82.486,2025,Imola
0 days 01:09:41.711000,NOR,10.0,0 days 00:01:22.982000,MEDIUM,10.0,1.0,1,,,82.982,2025,Imola
0 days 01:11:04.761000,NOR,11.0,0 days 00:01:23.050000,MEDIUM,11.0,1.0,1,,,83.05,2025,Imola
0 days 01:12:26.782000,NOR,12.0,0 days 00:01:22.021000,MEDIUM,12.0,1.0,1,,,82.021,2025,Imola
0 days 01:13:48.074000,NOR,13.0,0 days 00:01:21.292000,MEDIUM,13.0,1.0,1,,,81.292,2025,Imola
0 days 01:15:09.396000,NOR,14.0,0 days 00:01:21.322000,MEDIUM,14.0,1.0,1,,,81.322,2025,Imola
0 days 01:16:30.452000,NOR,15.0,0 days 00:01:21.056000,MEDIUM,15.0,1.0,1,,,81.056,2025,Imola
0 days 01:17:51.281000,NOR,16.0,0 days 00:01:20.829000,MEDIUM,16.0,1.0,1,,,80.829,2025,Imola
0 days 01:19:12.114000,NOR,17.0,0 days 00:01:20.833000,MEDIUM,17.0,1.0,1,,,80.833,2025,Imola
0 days 01:20:33.236000,NOR,18.0,0 days 00:01:21.122000,MEDIUM,18.0,1.0,1,,,81.122,2025,Imola
0 days 01:21:54.182000,NOR,19.0,0 days 00:01:20.946000,MEDIUM,19.0,1.0,1,,,80.946,2025,Imola
0 days 01:23:15.353000,NOR,20.0,0 days 00:01:21.171000,MEDIUM,20.0,1.0,1,,,81.171,2025,Imola
0 days 01:24:36.596000,NOR,21.0,0 days 00:01:21.243000,MEDIUM,21.0,1.0,1,,,81.243,2025,Imola
0 days 01:25:57.514000,NOR,22.0,0 days 00:01:20.918000,MEDIUM,22.0,1.0,1,,,80.918,2025,Imola
0 days 01:27:18.702000,NOR,23.0,0 days 00:01:21.188000,MEDIUM,23.0,1.0,1,,,81.188,2025,Imola
0 days 01:28:39.969000,NOR,24.0,0 days 00:01:21.267000,MEDIUM,24.0,1.0,1,,,81.267,2025,Imola
0 days 01:30:01.527000,NOR,25.0,0 days 00:01:21.558000,MEDIUM,25.0,1.0,1,,,81.558,2025,Imola
0 days 01:31:22.824000,NOR,26.0,0 days 00:01:21.297000,MEDIUM,26.0,1.0,1,,,81.297,2025,Imola
0 days 01:32:44.316000,NOR,27.0,0 days 00:01:21.492000,MEDIUM,27.0,1.0,1,,,81.492,2025,Imola
0 days 01:34:10.501000,NOR,28.0,0 days 00:01:26.185000,MEDIUM,28.0,1.0,1,0 days 01:34:06.093000,,86.185,2025,Imola
0 days 01:36:15.512000,NOR,29.0,0 days 00:02:05.011000,HARD,1.0,2.0,126,,0 days 01:34:35.600000,125.011,2025,Imola
0 days 01:38:09.095000,NOR,30.0,0 days 00:01:53.583000,HARD,2.0,2.0,6,,,113.583,2025,Imola
0 days 01:39:38.675000,NOR,31.0,0 days 00:01:29.580000,HARD,3.0,2.0,671,,,89.58,2025,Imola
0 days 01:40:58.491000,NOR,32.0,0 days 00:01:19.816000,HARD,4.0,2.0,1,,,79.816,2025,Imola
0 days 01:42:18.531000,NOR,33.0,0 days 00:01:20.040000,HARD,5.0,2.0,1,,,80.04,2025,Imola
0 days 01:43:38.579000,NOR,34.0,0 days 00:01:20.048000,HARD,6.0,2.0,1,,,80.048,2025,Imola
0 days 01:44:58.523000,NOR,35.0,0 days 00:01:19.944000,HARD,7.0,2.0,1,,,79.944,2025,Imola
0 days 01:46:18.376000,NOR,36.0,0 days 00:01:19.853000,HARD,8.0,2.0,1,,,79.853,2025,Imola
0 days 01:47:38.004000,NOR,37.0,0 days 00:01:19.628000,HARD,9.0,2.0,1,,,79.628,2025,Imola
0 days 01:48:57.550000,NOR,38.0,0 days 00:01:19.546000,HARD,10.0,2.0,1,,,79.546,2025,Imola
0 days 01:50:17.195000,NOR,39.0,0 days 00:01:19.645000,HARD,11.0,2.0,1,,,79.645,2025,Imola
0 days 01:51:36.707000,NOR,40.0,0 days 00:01:19.512000,HARD,12.0,2.0,1,,,79.512,2025,Imola
0 days 01:52:56.173000,NOR,41.0,0 days 00:01:19.466000,HARD,13.0,2.0,1,,,79.466,2025,Imola
0 days 01:54:15.809000,NOR,42.0,0 days 00:01:19.636000,HARD,14.0,2.0,1,,,79.636,2025,Imola
0 days 01:55:35.562000,NOR,43.0,0 days 00:01:19.753000,HARD,15.0,2.0,1,,,79.753,2025,Imola
0 days 01:56:55.344000,NOR,44.0,0 days 00:01:19.782000,HARD,16.0,2.0,1,,,79.782,2025,Imola
0 days 01:58:15.746000,NOR,45.0,0 days 00:01:20.402000,HARD,17.0,2.0,1,,,80.402,2025,Imola
0 days 01:59:58.742000,NOR,46.0,0 days 00:01:42.996000,HARD,18.0,2.0,124,0 days 01:59:54.350000,,102.996,2025,Imola
0 days 02:02:13.289000,NOR,47.0,0 days 00:02:14.547000,HARD,2.0,3.0,4,,0 days 02:00:26.146000,134.547,2025,Imola
0 days 02:04:05.488000,NOR,48.0,0 days 00:01:52.199000,HARD,3.0,3.0,4,,,112.199,2025,Imola
0 days 02:06:09.310000,NOR,49.0,0 days 00:02:03.822000,HARD,4.0,3.0,4,,,123.822,2025,Imola
0 days 02:08:18.296000,NOR,50.0,0 days 00:02:08.986000,HARD,5.0,3.0,4,,,128.986,2025,Imola
0 days 02:10:21.299000,NOR,51.0,0 days 00:02:03.003000,HARD,6.0,3.0,4,,,123.003,2025,Imola
0 days 02:12:20.422000,NOR,52.0,0 days 00:01:59.123000,HARD,7.0,3.0,4,,,119.123,2025,Imola
0 days 02:14:30.442000,NOR,53.0,0 days 00:02:10.020000,HARD,8.0,3.0,41,,,130.02,2025,Imola
0 days 02:15:50.241000,NOR,54.0,0 days 00:01:19.799000,HARD,9.0,3.0,1,,,79.799,2025,Imola
0 days 02:17:09.459000,NOR,55.0,0 days 00:01:19.218000,HARD,10.0,3.0,1,,,79.218,2025,Imola
0 days 02:18:28.263000,NOR,56.0,0 days 00:01:18.804000,HARD,11.0,3.0,1,,,78.804,2025,Imola
0 days 02:19:47.209000,NOR,57.0,0 days 00:01:18.946000,HARD,12.0,3.0,1,,,78.946,2025,Imola
0 days 02:21:05.889000,NOR,58.0,0 days 00:01:18.680000,HARD,13.0,3.0,1,,,78.68,2025,Imola
0 days 02:22:24.321000,NOR,59.0,0 days 00:01:18.432000,HARD,14.0,3.0,1,,,78.432,2025,Imola
0 days 02:23:42.801000,NOR,60.0,0 days 00:01:18.480000,HARD,15.0,3.0,1,,,78.48,2025,Imola
0 days 02:25:01.665000,NOR,61.0,0 days 00:01:18.864000,HARD,16.0,3.0,1,,,78.864,2025,Imola
0 days 02:26:20.350000,NOR,62.0,0 days 00:01:18.685000,HARD,17.0,3.0,1,,,78.685,2025,Imola
0 days 02:27:38.661000,NOR,63.0,0 days 00:01:18.311000,HARD,18.0,3.0,1,,,78.311,2025,Imola
0 days 00:57:31.723000,COL,1.0,0 days 00:01:32.370000,MEDIUM,1.0,1.0,1,,,92.37,2025,Imola
0 days 00:58:55.080000,COL,2.0,0 days 00:01:23.357000,MEDIUM,2.0,1.0,1,,,83.357,2025,Imola
0 days 01:00:17.949000,COL,3.0,0 days 00:01:22.869000,MEDIUM,3.0,1.0,1,,,82.869,2025,Imola
0 days 01:01:40.401000,COL,4.0,0 days 00:01:22.452000,MEDIUM,4.0,1.0,1,,,82.452,2025,Imola
0 days 01:03:02.453000,COL,5.0,0 days 00:01:22.052000,MEDIUM,5.0,1.0,1,,,82.052,2025,Imola
0 days 01:04:24.536000,COL,6.0,0 days 00:01:22.083000,MEDIUM,6.0,1.0,1,,,82.083,2025,Imola
0 days 01:05:46.781000,COL,7.0,0 days 00:01:22.245000,MEDIUM,7.0,1.0,1,,,82.245,2025,Imola
0 days 01:07:09.089000,COL,8.0,0 days 00:01:22.308000,MEDIUM,8.0,1.0,1,,,82.308,2025,Imola
0 days 01:08:31.003000,COL,9.0,0 days 00:01:21.914000,MEDIUM,9.0,1.0,1,,,81.914,2025,Imola
0 days 01:09:53.510000,COL,10.0,0 days 00:01:22.507000,MEDIUM,10.0,1.0,1,,,82.507,2025,Imola
0 days 01:11:15.613000,COL,11.0,0 days 00:01:22.103000,MEDIUM,11.0,1.0,1,,,82.103,2025,Imola
0 days 01:12:38.516000,COL,12.0,0 days 00:01:22.903000,MEDIUM,12.0,1.0,1,,,82.903,2025,Imola
0 days 01:14:00.951000,COL,13.0,0 days 00:01:22.435000,MEDIUM,13.0,1.0,1,,,82.435,2025,Imola
0 days 01:15:23.760000,COL,14.0,0 days 00:01:22.809000,MEDIUM,14.0,1.0,1,,,82.809,2025,Imola
0 days 01:16:46.539000,COL,15.0,0 days 00:01:22.779000,MEDIUM,15.0,1.0,1,,,82.779,2025,Imola
0 days 01:18:09.145000,COL,16.0,0 days 00:01:22.606000,MEDIUM,16.0,1.0,1,,,82.606,2025,Imola
0 days 01:19:31.595000,COL,17.0,0 days 00:01:22.450000,MEDIUM,17.0,1.0,1,,,82.45,2025,Imola
0 days 01:20:54.500000,COL,18.0,0 days 00:01:22.905000,MEDIUM,18.0,1.0,1,,,82.905,2025,Imola
0 days 01:22:17.561000,COL,19.0,0 days 00:01:23.061000,MEDIUM,19.0,1.0,1,,,83.061,2025,Imola
0 days 01:23:41.253000,COL,20.0,0 days 00:01:23.692000,MEDIUM,20.0,1.0,1,,,83.692,2025,Imola
0 days 01:25:04.197000,COL,21.0,0 days 00:01:22.944000,MEDIUM,21.0,1.0,1,,,82.944,2025,Imola
0 days 01:26:31.390000,COL,22.0,0 days 00:01:27.193000,MEDIUM,22.0,1.0,1,0 days 01:26:27.062000,,87.193,2025,Imola
0 days 01:28:17.273000,COL,23.0,0 days 00:01:45.883000,HARD,1.0,2.0,1,,0 days 01:26:57.320000,105.883,2025,Imola
0 days 01:29:38.096000,COL,24.0,0 days 00:01:20.823000,HARD,2.0,2.0,1,,,80.823,2025,Imola
0 days 01:30:58.894000,COL,25.0,0 days 00:01:20.798000,HARD,3.0,2.0,1,,,80.798,2025,Imola
0 days 01:32:20.625000,COL,26.0,0 days 00:01:21.731000,HARD,4.0,2.0,1,,,81.731,2025,Imola
0 days 01:33:42.230000,COL,27.0,0 days 00:01:21.605000,HARD,5.0,2.0,1,,,81.605,2025,Imola
0 days 01:35:05.027000,COL,28.0,0 days 00:01:22.797000,HARD,6.0,2.0,126,,,82.797,2025,Imola
0 days 01:36:58.387000,COL,29.0,0 days 00:01:53.360000,HARD,7.0,2.0,6,,,113.36,2025,Imola
0 days 01:38:48.395000,COL,30.0,0 days 00:01:50.008000,HARD,8.0,2.0,671,,,110.008,2025,Imola
0 days 01:40:10.814000,COL,31.0,0 days 00:01:22.419000,HARD,9.0,2.0,1,,,82.419,2025,Imola
0 days 01:41:32.262000,COL,32.0,0 days 00:01:21.448000,HARD,10.0,2.0,1,,,81.448,2025,Imola
0 days 01:42:53.826000,COL,33.0,0 days 00:01:21.564000,HARD,11.0,2.0,1,,,81.564,2025,Imola
0 days 01:44:15.131000,COL,34.0,0 days 00:01:21.305000,HARD,12.0,2.0,1,,,81.305,2025,Imola
0 days 01:45:36.298000,COL,35.0,0 days 00:01:21.167000,HARD,13.0,2.0,1,,,81.167,2025,Imola
0 days 01:46:57.278000,COL,36.0,0 days 00:01:20.980000,HARD,14.0,2.0,1,,,80.98,2025,Imola
0 days 01:48:19.066000,COL,37.0,0 days 00:01:21.788000,HARD,15.0,2.0,1,,,81.788,2025,Imola
0 days 01:49:41.183000,COL,38.0,0 days 00:01:22.117000,HARD,16.0,2.0,1,,,82.117,2025,Imola
0 days 01:51:03.980000,COL,39.0,0 days 00:01:22.797000,HARD,17.0,2.0,1,,,82.797,2025,Imola
0 days 01:52:26.743000,COL,40.0,0 days 00:01:22.763000,HARD,18.0,2.0,1,,,82.763,2025,Imola
0 days 01:53:48.995000,COL,41.0,0 days 00:01:22.252000,HARD,19.0,2.0,1,,,82.252,2025,Imola
0 days 01:55:10.880000,COL,42.0,0 days 00:01:21.885000,HARD,20.0,2.0,1,,,81.885,2025,Imola
0 days 01:56:34.840000,COL,43.0,0 days 00:01:23.960000,HARD,21.0,2.0,1,,,83.96,2025,Imola
0 days 01:57:58.085000,COL,44.0,0 days 00:01:23.245000,HARD,22.0,2.0,1,,,83.245,2025,Imola
0 days 01:59:30.222000,COL,45.0,0 days 00:01:32.137000,HARD,23.0,2.0,124,,,92.137,2025,Imola
0 days 02:01:27.373000,COL,46.0,0 days 00:01:57.151000,HARD,24.0,2.0,4,0 days 02:01:22.958000,,117.151,2025,Imola
0 days 02:03:26.547000,COL,47.0,0 days 00:01:59.174000,HARD,1.0,3.0,4,,0 days 02:01:54.127000,119.174,2025,Imola
0 days 02:04:58.525000,COL,48.0,0 days 00:01:31.978000,HARD,2.0,3.0,4,,,91.978,2025,Imola
0 days 02:06:31.507000,COL,49.0,0 days 00:01:32.982000,HARD,3.0,3.0,4,,,92.982,2025,Imola
0 days 02:08:37.257000,COL,50.0,0 days 00:02:05.750000,HARD,4.0,3.0,4,,,125.75,2025,Imola
0 days 02:10:42.029000,COL,51.0,0 days 00:02:04.772000,HARD,5.0,3.0,4,,,124.772,2025,Imola
0 days 02:12:40.326000,COL,52.0,0 days 00:01:58.297000,HARD,6.0,3.0,4,,,118.297,2025,Imola
0 days 02:14:35.404000,COL,53.0,0 days 00:01:55.078000,HARD,7.0,3.0,41,,,115.078,2025,Imola
0 days 02:15:58.160000,COL,54.0,0 days 00:01:22.756000,HARD,8.0,3.0,1,,,82.756,2025,Imola
0 days 02:17:20.264000,COL,55.0,0 days 00:01:22.104000,HARD,9.0,3.0,1,,,82.104,2025,Imola
0 days 02:18:41.311000,COL,56.0,0 days 00:01:21.047000,HARD,10.0,3.0,1,,,81.047,2025,Imola
0 days 02:20:01.656000,COL,57.0,0 days 00:01:20.345000,HARD,11.0,3.0,1,,,80.345,2025,Imola
0 days 02:21:22.429000,COL,58.0,0 days 00:01:20.773000,HARD,12.0,3.0,1,,,80.773,2025,Imola
0 days 02:22:42.933000,COL,59.0,0 days 00:01:20.504000,HARD,13.0,3.0,1,,,80.504,2025,Imola
0 days 02:24:03.577000,COL,60.0,0 days 00:01:20.644000,HARD,14.0,3.0,1,,,80.644,2025,Imola
0 days 02:25:24.157000,COL,61.0,0 days 00:01:20.580000,HARD,15.0,3.0,1,,,80.58,2025,Imola
0 days 02:26:45.052000,COL,62.0,0 days 00:01:20.895000,HARD,16.0,3.0,1,,,80.895,2025,Imola
0 days 02:28:05.963000,COL,63.0,0 days 00:01:20.911000,HARD,17.0,3.0,1,,,80.911,2025,Imola
0 days 00:57:29.334000,HAM,1.0,0 days 00:01:29.981000,HARD,1.0,1.0,1,,,89.981,2025,Imola
0 days 00:58:52.396000,HAM,2.0,0 days 00:01:23.062000,HARD,2.0,1.0,1,,,83.062,2025,Imola
0 days 01:00:14.476000,HAM,3.0,0 days 00:01:22.080000,HARD,3.0,1.0,1,,,82.08,2025,Imola
0 days 01:01:35.706000,HAM,4.0,0 days 00:01:21.230000,HARD,4.0,1.0,1,,,81.23,2025,Imola
0 days 01:02:57.145000,HAM,5.0,0 days 00:01:21.439000,HARD,5.0,1.0,1,,,81.439,2025,Imola
0 days 01:04:18.794000,HAM,6.0,0 days 00:01:21.649000,HARD,6.0,1.0,1,,,81.649,2025,Imola
0 days 01:05:40.744000,HAM,7.0,0 days 00:01:21.950000,HARD,7.0,1.0,1,,,81.95,2025,Imola
0 days 01:07:03.162000,HAM,8.0,0 days 00:01:22.418000,HARD,8.0,1.0,1,,,82.418,2025,Imola
0 days 01:08:25.070000,HAM,9.0,0 days 00:01:21.908000,HARD,9.0,1.0,1,,,81.908,2025,Imola
0 days 01:09:47.120000,HAM,10.0,0 days 00:01:22.050000,HARD,10.0,1.0,1,,,82.05,2025,Imola
0 days 01:11:09.671000,HAM,11.0,0 days 00:01:22.551000,HARD,11.0,1.0,1,,,82.551,2025,Imola
0 days 01:12:32.788000,HAM,12.0,0 days 00:01:23.117000,HARD,12.0,1.0,1,,,83.117,2025,Imola
0 days 01:13:55.443000,HAM,13.0,0 days 00:01:22.655000,HARD,13.0,1.0,1,,,82.655,2025,Imola
0 days 01:15:18.054000,HAM,14.0,0 days 00:01:22.611000,HARD,14.0,1.0,1,,,82.611,2025,Imola
0 days 01:16:40.245000,HAM,15.0,0 days 00:01:22.191000,HARD,15.0,1.0,1,,,82.191,2025,Imola
0 days 01:18:02.800000,HAM,16.0,0 days 00:01:22.555000,HARD,16.0,1.0,1,,,82.555,2025,Imola
0 days 01:19:25.020000,HAM,17.0,0 days 00:01:22.220000,HARD,17.0,1.0,1,,,82.22,2025,Imola
0 days 01:20:47.398000,HAM,18.0,0 days 00:01:22.378000,HARD,18.0,1.0,1,,,82.378,2025,Imola
0 days 01:22:09.595000,HAM,19.0,0 days 00:01:22.197000,HARD,19.0,1.0,1,,,82.197,2025,Imola
0 days 01:23:32.255000,HAM,20.0,0 days 00:01:22.660000,HARD,20.0,1.0,1,,,82.66,2025,Imola
0 days 01:24:54.853000,HAM,21.0,0 days 00:01:22.598000,HARD,21.0,1.0,1,,,82.598,2025,Imola
0 days 01:26:17.257000,HAM,22.0,0 days 00:01:22.404000,HARD,22.0,1.0,1,,,82.404,2025,Imola
0 days 01:27:39.485000,HAM,23.0,0 days 00:01:22.228000,HARD,23.0,1.0,1,,,82.228,2025,Imola
0 days 01:29:01.755000,HAM,24.0,0 days 00:01:22.270000,HARD,24.0,1.0,1,,,82.27,2025,Imola
0 days 01:30:24.319000,HAM,25.0,0 days 00:01:22.564000,HARD,25.0,1.0,1,,,82.564,2025,Imola
0 days 01:31:47.165000,HAM,26.0,0 days 00:01:22.846000,HARD,26.0,1.0,1,,,82.846,2025,Imola
0 days 01:33:09.318000,HAM,27.0,0 days 00:01:22.153000,HARD,27.0,1.0,1,,,82.153,2025,Imola
0 days 01:34:31.915000,HAM,28.0,0 days 00:01:22.597000,HARD,28.0,1.0,1,,,82.597,2025,Imola
0 days 01:36:17.463000,HAM,29.0,0 days 00:01:45.548000,HARD,29.0,1.0,126,0 days 01:36:13.018000,,105.548,2025,Imola
0 days 01:38:34.231000,HAM,30.0,0 days 00:02:16.768000,MEDIUM,1.0,2.0,67,,0 days 01:36:43.056000,136.768,2025,Imola
0 days 01:39:55.402000,HAM,31.0,0 days 00:01:21.171000,MEDIUM,2.0,2.0,71,,,81.171,2025,Imola
0 days 01:41:17,HAM,32.0,0 days 00:01:21.598000,MEDIUM,3.0,2.0,1,,,81.598,2025,Imola
0 days 01:42:37.084000,HAM,33.0,0 days 00:01:20.084000,MEDIUM,4.0,2.0,1,,,80.084,2025,Imola
0 days 01:43:56.557000,HAM,34.0,0 days 00:01:19.473000,MEDIUM,5.0,2.0,1,,,79.473,2025,Imola
0 days 01:45:16.839000,HAM,35.0,0 days 00:01:20.282000,MEDIUM,6.0,2.0,1,,,80.282,2025,Imola
0 days 01:46:37.043000,HAM,36.0,0 days 00:01:20.204000,MEDIUM,7.0,2.0,1,,,80.204,2025,Imola
0 days 01:47:58.266000,HAM,37.0,0 days 00:01:21.223000,MEDIUM,8.0,2.0,1,,,81.223,2025,Imola
0 days 01:49:19.091000,HAM,38.0,0 days 00:01:20.825000,MEDIUM,9.0,2.0,1,,,80.825,2025,Imola
0 days 01:50:40.005000,HAM,39.0,0 days 00:01:20.914000,MEDIUM,10.0,2.0,1,,,80.914,2025,Imola
0 days 01:52:00.259000,HAM,40.0,0 days 00:01:20.254000,MEDIUM,11.0,2.0,1,,,80.254,2025,Imola
0 days 01:53:20.492000,HAM,41.0,0 days 00:01:20.233000,MEDIUM,12.0,2.0,1,,,80.233,2025,Imola
0 days 01:54:40.750000,HAM,42.0,0 days 00:01:20.258000,MEDIUM,13.0,2.0,1,,,80.258,2025,Imola
0 days 01:56:00.566000,HAM,43.0,0 days 00:01:19.816000,MEDIUM,14.0,2.0,1,,,79.816,2025,Imola
0 days 01:57:20.599000,HAM,44.0,0 days 00:01:20.033000,MEDIUM,15.0,2.0,1,,,80.033,2025,Imola
0 days 01:58:40.366000,HAM,45.0,0 days 00:01:19.767000,MEDIUM,16.0,2.0,12,,,79.767,2025,Imola
0 days 02:00:31.921000,HAM,46.0,0 days 00:01:51.555000,MEDIUM,17.0,2.0,24,0 days 02:00:27.594000,,111.555,2025,Imola
0 days 02:02:43.539000,HAM,47.0,0 days 00:02:11.618000,HARD,1.0,3.0,4,,0 days 02:00:57.562000,131.618,2025,Imola
0 days 02:04:23.137000,HAM,48.0,0 days 00:01:39.598000,HARD,2.0,3.0,4,,,99.598,2025,Imola
0 days 02:06:13.808000,HAM,49.0,0 days 00:01:50.671000,HARD,3.0,3.0,4,,,110.671,2025,Imola
0 days 02:08:23.969000,HAM,50.0,0 days 00:02:10.161000,HARD,4.0,3.0,4,,,130.161,2025,Imola
0 days 02:10:27.256000,HAM,51.0,0 days 00:02:03.287000,HARD,5.0,3.0,4,,,123.287,2025,Imola
0 days 02:12:25.849000,HAM,52.0,0 days 00:01:58.593000,HARD,6.0,3.0,4,,,118.593,2025,Imola
0 days 02:14:31.891000,HAM,53.0,0 days 00:02:06.042000,HARD,7.0,3.0,41,,,126.042,2025,Imola
0 days 02:15:53.441000,HAM,54.0,0 days 00:01:21.550000,HARD,8.0,3.0,1,,,81.55,2025,Imola
0 days 02:17:13.172000,HAM,55.0,0 days 00:01:19.731000,HARD,9.0,3.0,1,,,79.731,2025,Imola
0 days 02:18:34.019000,HAM,56.0,0 days 00:01:20.847000,HARD,10.0,3.0,1,,,80.847,2025,Imola
0 days 02:19:52.465000,HAM,57.0,0 days 00:01:18.446000,HARD,11.0,3.0,1,,,78.446,2025,Imola
0 days 02:21:11.245000,HAM,58.0,0 days 00:01:18.780000,HARD,12.0,3.0,1,,,78.78,2025,Imola
0 days 02:22:30.668000,HAM,59.0,0 days 00:01:19.423000,HARD,13.0,3.0,1,,,79.423,2025,Imola
0 days 02:23:50.549000,HAM,60.0,0 days 00:01:19.881000,HARD,14.0,3.0,1,,,79.881,2025,Imola
0 days 02:25:08.814000,HAM,61.0,0 days 00:01:18.265000,HARD,15.0,3.0,1,,,78.265,2025,Imola
0 days 02:26:27.659000,HAM,62.0,0 days 00:01:18.845000,HARD,16.0,3.0,1,,,78.845,2025,Imola
0 days 02:27:46.908000,HAM,63.0,0 days 00:01:19.249000,HARD,17.0,3.0,1,,,79.249,2025,Imola
0 days 00:57:29.769000,BOR,1.0,0 days 00:01:30.416000,MEDIUM,1.0,1.0,1,,,90.416,2025,Imola
0 days 00:58:53.188000,BOR,2.0,0 days 00:01:23.419000,MEDIUM,2.0,1.0,1,,,83.419,2025,Imola
0 days 01:00:15.425000,BOR,3.0,0 days 00:01:22.237000,MEDIUM,3.0,1.0,1,,,82.237,2025,Imola
0 days 01:01:37.007000,BOR,4.0,0 days 00:01:21.582000,MEDIUM,4.0,1.0,1,,,81.582,2025,Imola
0 days 01:02:58.819000,BOR,5.0,0 days 00:01:21.812000,MEDIUM,5.0,1.0,1,,,81.812,2025,Imola
0 days 01:04:20.494000,BOR,6.0,0 days 00:01:21.675000,MEDIUM,6.0,1.0,1,,,81.675,2025,Imola
0 days 01:05:42.359000,BOR,7.0,0 days 00:01:21.865000,MEDIUM,7.0,1.0,1,,,81.865,2025,Imola
0 days 01:07:04.611000,BOR,8.0,0 days 00:01:22.252000,MEDIUM,8.0,1.0,1,,,82.252,2025,Imola
0 days 01:08:26.799000,BOR,9.0,0 days 00:01:22.188000,MEDIUM,9.0,1.0,1,,,82.188,2025,Imola
0 days 01:09:49.400000,BOR,10.0,0 days 00:01:22.601000,MEDIUM,10.0,1.0,1,,,82.601,2025,Imola
0 days 01:11:12.254000,BOR,11.0,0 days 00:01:22.854000,MEDIUM,11.0,1.0,1,,,82.854,2025,Imola
0 days 01:12:39.845000,BOR,12.0,0 days 00:01:27.591000,MEDIUM,12.0,1.0,1,0 days 01:12:35.493000,,87.591,2025,Imola
0 days 01:14:25.772000,BOR,13.0,0 days 00:01:45.927000,HARD,1.0,2.0,1,,0 days 01:13:06.268000,105.927,2025,Imola
0 days 01:15:47.658000,BOR,14.0,0 days 00:01:21.886000,HARD,2.0,2.0,1,,,81.886,2025,Imola
0 days 01:17:10.096000,BOR,15.0,0 days 00:01:22.438000,HARD,3.0,2.0,1,,,82.438,2025,Imola
0 days 01:18:32.175000,BOR,16.0,0 days 00:01:22.079000,HARD,4.0,2.0,1,,,82.079,2025,Imola
0 days 01:19:54.464000,BOR,17.0,0 days 00:01:22.289000,HARD,5.0,2.0,1,,,82.289,2025,Imola
0 days 01:21:16.720000,BOR,18.0,0 days 00:01:22.256000,HARD,6.0,2.0,1,,,82.256,2025,Imola
0 days 01:22:38.861000,BOR,19.0,0 days 00:01:22.141000,HARD,7.0,2.0,1,,,82.141,2025,Imola
0 days 01:24:01.266000,BOR,20.0,0 days 00:01:22.405000,HARD,8.0,2.0,1,,,82.405,2025,Imola
0 days 01:25:23.310000,BOR,21.0,0 days 00:01:22.044000,HARD,9.0,2.0,1,,,82.044,2025,Imola
0 days 01:26:45.290000,BOR,22.0,0 days 00:01:21.980000,HARD,10.0,2.0,1,,,81.98,2025,Imola
0 days 01:28:07.314000,BOR,23.0,0 days 00:01:22.024000,HARD,11.0,2.0,1,,,82.024,2025,Imola
0 days 01:29:29.533000,BOR,24.0,0 days 00:01:22.219000,HARD,12.0,2.0,1,,,82.219,2025,Imola
0 days 01:30:51.940000,BOR,25.0,0 days 00:01:22.407000,HARD,13.0,2.0,1,,,82.407,2025,Imola
0 days 01:32:14.753000,BOR,26.0,0 days 00:01:22.813000,HARD,14.0,2.0,1,,,82.813,2025,Imola
0 days 01:33:37.390000,BOR,27.0,0 days 00:01:22.637000,HARD,15.0,2.0,1,,,82.637,2025,Imola
0 days 01:35:00.138000,BOR,28.0,0 days 00:01:22.748000,HARD,16.0,2.0,12,,,82.748,2025,Imola
0 days 01:36:56.713000,BOR,29.0,0 days 00:01:56.575000,HARD,17.0,2.0,26,0 days 01:36:52.216000,,116.575,2025,Imola
0 days 01:39:01.796000,BOR,30.0,0 days 00:02:05.083000,HARD,1.0,3.0,671,,0 days 01:37:22.968000,125.083,2025,Imola
0 days 01:40:23.585000,BOR,31.0,0 days 00:01:21.789000,HARD,2.0,3.0,1,,,81.789,2025,Imola
0 days 01:41:45.127000,BOR,32.0,0 days 00:01:21.542000,HARD,3.0,3.0,1,,,81.542,2025,Imola
0 days 01:43:06.313000,BOR,33.0,0 days 00:01:21.186000,HARD,4.0,3.0,1,,,81.186,2025,Imola
0 days 01:44:27.392000,BOR,34.0,0 days 00:01:21.079000,HARD,5.0,3.0,1,,,81.079,2025,Imola
0 days 01:45:48.573000,BOR,35.0,0 days 00:01:21.181000,HARD,6.0,3.0,1,,,81.181,2025,Imola
0 days 01:47:09.965000,BOR,36.0,0 days 00:01:21.392000,HARD,7.0,3.0,1,,,81.392,2025,Imola
0 days 01:48:31.004000,BOR,37.0,0 days 00:01:21.039000,HARD,8.0,3.0,1,,,81.039,2025,Imola
0 days 01:49:52.217000,BOR,38.0,0 days 00:01:21.213000,HARD,9.0,3.0,1,,,81.213,2025,Imola
0 days 01:51:13.326000,BOR,39.0,0 days 00:01:21.109000,HARD,10.0,3.0,1,,,81.109,2025,Imola
0 days 01:52:34.704000,BOR,40.0,0 days 00:01:21.378000,HARD,11.0,3.0,1,,,81.378,2025,Imola
0 days 01:53:55.982000,BOR,41.0,0 days 00:01:21.278000,HARD,12.0,3.0,1,,,81.278,2025,Imola
0 days 01:55:19,BOR,42.0,0 days 00:01:23.018000,HARD,13.0,3.0,1,,,83.018,2025,Imola
0 days 01:56:40.046000,BOR,43.0,0 days 00:01:21.046000,HARD,14.0,3.0,1,,,81.046,2025,Imola
0 days 01:58:01.105000,BOR,44.0,0 days 00:01:21.059000,HARD,15.0,3.0,1,,,81.059,2025,Imola
0 days 01:59:34.941000,BOR,45.0,0 days 00:01:33.836000,HARD,16.0,3.0,124,,,93.836,2025,Imola
0 days 02:01:31.345000,BOR,46.0,0 days 00:01:56.404000,HARD,17.0,3.0,4,0 days 02:01:26.942000,,116.404,2025,Imola
0 days 02:03:28.771000,BOR,47.0,0 days 00:01:57.426000,MEDIUM,13.0,4.0,4,,0 days 02:01:56.828000,117.426,2025,Imola
0 days 02:05:00.873000,BOR,48.0,0 days 00:01:32.102000,MEDIUM,14.0,4.0,4,,,92.102,2025,Imola
0 days 02:06:33.236000,BOR,49.0,0 days 00:01:32.363000,MEDIUM,15.0,4.0,4,,,92.363,2025,Imola
0 days 02:08:37.930000,BOR,50.0,0 days 00:02:04.694000,MEDIUM,16.0,4.0,4,,,124.694,2025,Imola
0 days 02:10:43.017000,BOR,51.0,0 days 00:02:05.087000,MEDIUM,17.0,4.0,4,,,125.087,2025,Imola
0 days 02:12:41.649000,BOR,52.0,0 days 00:01:58.632000,MEDIUM,18.0,4.0,4,,,118.632,2025,Imola
0 days 02:14:35.847000,BOR,53.0,0 days 00:01:54.198000,MEDIUM,19.0,4.0,41,,,114.198,2025,Imola
0 days 02:15:58.765000,BOR,54.0,0 days 00:01:22.918000,MEDIUM,20.0,4.0,1,,,82.918,2025,Imola
0 days 02:17:20.968000,BOR,55.0,0 days 00:01:22.203000,MEDIUM,21.0,4.0,1,,,82.203,2025,Imola
0 days 02:18:42.277000,BOR,56.0,0 days 00:01:21.309000,MEDIUM,22.0,4.0,1,,,81.309,2025,Imola
0 days 02:20:02.907000,BOR,57.0,0 days 00:01:20.630000,MEDIUM,23.0,4.0,1,,,80.63,2025,Imola
0 days 02:21:25.013000,BOR,58.0,0 days 00:01:22.106000,MEDIUM,24.0,4.0,1,,,82.106,2025,Imola
0 days 02:22:46.363000,BOR,59.0,0 days 00:01:21.350000,MEDIUM,25.0,4.0,1,,,81.35,2025,Imola
0 days 02:24:07.529000,BOR,60.0,0 days 00:01:21.166000,MEDIUM,26.0,4.0,1,,,81.166,2025,Imola
0 days 02:25:28.467000,BOR,61.0,0 days 00:01:20.938000,MEDIUM,27.0,4.0,1,,,80.938,2025,Imola
0 days 02:26:49.818000,BOR,62.0,0 days 00:01:21.351000,MEDIUM,28.0,4.0,1,,,81.351,2025,Imola
0 days 02:28:11.124000,BOR,63.0,0 days 00:01:21.306000,MEDIUM,29.0,4.0,1,,,81.306,2025,Imola
0 days 00:57:26.286000,SAI,1.0,0 days 00:01:26.933000,MEDIUM,1.0,1.0,1,,,86.933,2025,Imola
0 days 00:58:48.486000,SAI,2.0,0 days 00:01:22.200000,MEDIUM,2.0,1.0,1,,,82.2,2025,Imola
0 days 01:00:10.142000,SAI,3.0,0 days 00:01:21.656000,MEDIUM,3.0,1.0,1,,,81.656,2025,Imola
0 days 01:01:31.649000,SAI,4.0,0 days 00:01:21.507000,MEDIUM,4.0,1.0,1,,,81.507,2025,Imola
0 days 01:02:53.357000,SAI,5.0,0 days 00:01:21.708000,MEDIUM,5.0,1.0,1,,,81.708,2025,Imola
0 days 01:04:15.116000,SAI,6.0,0 days 00:01:21.759000,MEDIUM,6.0,1.0,1,,,81.759,2025,Imola
0 days 01:05:36.496000,SAI,7.0,0 days 00:01:21.380000,MEDIUM,7.0,1.0,1,,,81.38,2025,Imola
0 days 01:06:58.658000,SAI,8.0,0 days 00:01:22.162000,MEDIUM,8.0,1.0,1,,,82.162,2025,Imola
0 days 01:08:20.700000,SAI,9.0,0 days 00:01:22.042000,MEDIUM,9.0,1.0,1,,,82.042,2025,Imola
0 days 01:09:43.451000,SAI,10.0,0 days 00:01:22.751000,MEDIUM,10.0,1.0,1,,,82.751,2025,Imola
0 days 01:11:11.754000,SAI,11.0,0 days 00:01:28.303000,MEDIUM,11.0,1.0,1,0 days 01:11:07.379000,,88.303,2025,Imola
0 days 01:12:55.575000,SAI,12.0,0 days 00:01:43.821000,HARD,1.0,2.0,1,,0 days 01:11:37.527000,103.821,2025,Imola
0 days 01:14:17.767000,SAI,13.0,0 days 00:01:22.192000,HARD,2.0,2.0,1,,,82.192,2025,Imola
0 days 01:15:39.035000,SAI,14.0,0 days 00:01:21.268000,HARD,3.0,2.0,1,,,81.268,2025,Imola
0 days 01:17:00.599000,SAI,15.0,0 days 00:01:21.564000,HARD,4.0,2.0,1,,,81.564,2025,Imola
0 days 01:18:21.888000,SAI,16.0,0 days 00:01:21.289000,HARD,5.0,2.0,1,,,81.289,2025,Imola
0 days 01:19:43.318000,SAI,17.0,0 days 00:01:21.430000,HARD,6.0,2.0,1,,,81.43,2025,Imola
0 days 01:21:04.776000,SAI,18.0,0 days 00:01:21.458000,HARD,7.0,2.0,1,,,81.458,2025,Imola
0 days 01:22:26.402000,SAI,19.0,0 days 00:01:21.626000,HARD,8.0,2.0,1,,,81.626,2025,Imola
0 days 01:23:47.928000,SAI,20.0,0 days 00:01:21.526000,HARD,9.0,2.0,1,,,81.526,2025,Imola
0 days 01:25:09.800000,SAI,21.0,0 days 00:01:21.872000,HARD,10.0,2.0,1,,,81.872,2025,Imola
0 days 01:26:31.710000,SAI,22.0,0 days 00:01:21.910000,HARD,11.0,2.0,1,,,81.91,2025,Imola
0 days 01:27:54.066000,SAI,23.0,0 days 00:01:22.356000,HARD,12.0,2.0,1,,,82.356,2025,Imola
0 days 01:29:16.390000,SAI,24.0,0 days 00:01:22.324000,HARD,13.0,2.0,1,,,82.324,2025,Imola
0 days 01:30:39.094000,SAI,25.0,0 days 00:01:22.704000,HARD,14.0,2.0,1,,,82.704,2025,Imola
0 days 01:32:01.554000,SAI,26.0,0 days 00:01:22.460000,HARD,15.0,2.0,1,,,82.46,2025,Imola
0 days 01:33:23.796000,SAI,27.0,0 days 00:01:22.242000,HARD,16.0,2.0,1,,,82.242,2025,Imola
0 days 01:34:46.583000,SAI,28.0,0 days 00:01:22.787000,HARD,17.0,2.0,12,,,82.787,2025,Imola
0 days 01:36:37.177000,SAI,29.0,0 days 00:01:50.594000,HARD,18.0,2.0,26,0 days 01:36:32.840000,,110.594,2025,Imola
0 days 01:38:47.607000,SAI,30.0,0 days 00:02:10.430000,HARD,1.0,3.0,671,,0 days 01:37:03.357000,130.43,2025,Imola
0 days 01:40:08.789000,SAI,31.0,0 days 00:01:21.182000,HARD,2.0,3.0,1,,,81.182,2025,Imola
0 days 01:41:29.973000,SAI,32.0,0 days 00:01:21.184000,HARD,3.0,3.0,1,,,81.184,2025,Imola
0 days 01:42:50.840000,SAI,33.0,0 days 00:01:20.867000,HARD,4.0,3.0,1,,,80.867,2025,Imola
0 days 01:44:12.023000,SAI,34.0,0 days 00:01:21.183000,HARD,5.0,3.0,1,,,81.183,2025,Imola
0 days 01:45:33.346000,SAI,35.0,0 days 00:01:21.323000,HARD,6.0,3.0,1,,,81.323,2025,Imola
0 days 01:46:54.914000,SAI,36.0,0 days 00:01:21.568000,HARD,7.0,3.0,1,,,81.568,2025,Imola
0 days 01:48:16.220000,SAI,37.0,0 days 00:01:21.306000,HARD,8.0,3.0,1,,,81.306,2025,Imola
0 days 01:49:37.472000,SAI,38.0,0 days 00:01:21.252000,HARD,9.0,3.0,1,,,81.252,2025,Imola
0 days 01:50:59.065000,SAI,39.0,0 days 00:01:21.593000,HARD,10.0,3.0,1,,,81.593,2025,Imola
0 days 01:52:19.652000,SAI,40.0,0 days 00:01:20.587000,HARD,11.0,3.0,1,,,80.587,2025,Imola
0 days 01:53:40.690000,SAI,41.0,0 days 00:01:21.038000,HARD,12.0,3.0,1,,,81.038,2025,Imola
0 days 01:55:00.847000,SAI,42.0,0 days 00:01:20.157000,HARD,13.0,3.0,1,,,80.157,2025,Imola
0 days 01:56:21.271000,SAI,43.0,0 days 00:01:20.424000,HARD,14.0,3.0,1,,,80.424,2025,Imola
0 days 01:57:41.675000,SAI,44.0,0 days 00:01:20.404000,HARD,15.0,3.0,1,,,80.404,2025,Imola
0 days 01:59:08.023000,SAI,45.0,0 days 00:01:26.348000,HARD,16.0,3.0,124,,,86.348,2025,Imola
0 days 02:00:57.977000,SAI,46.0,0 days 00:01:49.954000,HARD,17.0,3.0,4,,,109.954,2025,Imola
0 days 02:02:43.865000,SAI,47.0,0 days 00:01:45.888000,HARD,18.0,3.0,4,,,105.888,2025,Imola
0 days 02:04:26.145000,SAI,48.0,0 days 00:01:42.280000,HARD,19.0,3.0,4,,,102.28,2025,Imola
0 days 02:06:15.677000,SAI,49.0,0 days 00:01:49.532000,HARD,20.0,3.0,4,,,109.532,2025,Imola
0 days 02:08:25.587000,SAI,50.0,0 days 00:02:09.910000,HARD,21.0,3.0,4,,,129.91,2025,Imola
0 days 02:10:28.577000,SAI,51.0,0 days 00:02:02.990000,HARD,22.0,3.0,4,,,122.99,2025,Imola
0 days 02:12:27.615000,SAI,52.0,0 days 00:01:59.038000,HARD,23.0,3.0,4,,,119.038,2025,Imola
0 days 02:14:32.411000,SAI,53.0,0 days 00:02:04.796000,HARD,24.0,3.0,41,,,124.796,2025,Imola
0 days 02:15:54.181000,SAI,54.0,0 days 00:01:21.770000,HARD,25.0,3.0,1,,,81.77,2025,Imola
0 days 02:17:14.178000,SAI,55.0,0 days 00:01:19.997000,HARD,26.0,3.0,1,,,79.997,2025,Imola
0 days 02:18:34.791000,SAI,56.0,0 days 00:01:20.613000,HARD,27.0,3.0,1,,,80.613,2025,Imola
0 days 02:19:54.913000,SAI,57.0,0 days 00:01:20.122000,HARD,28.0,3.0,1,,,80.122,2025,Imola
0 days 02:21:14.749000,SAI,58.0,0 days 00:01:19.836000,HARD,29.0,3.0,1,,,79.836,2025,Imola
0 days 02:22:34.901000,SAI,59.0,0 days 00:01:20.152000,HARD,30.0,3.0,1,,,80.152,2025,Imola
0 days 02:23:54.846000,SAI,60.0,0 days 00:01:19.945000,HARD,31.0,3.0,1,,,79.945,2025,Imola
0 days 02:25:14.830000,SAI,61.0,0 days 00:01:19.984000,HARD,32.0,3.0,1,,,79.984,2025,Imola
0 days 02:26:35.146000,SAI,62.0,0 days 00:01:20.316000,HARD,33.0,3.0,1,,,80.316,2025,Imola
0 days 02:27:55.450000,SAI,63.0,0 days 00:01:20.304000,HARD,34.0,3.0,1,,,80.304,2025,Imola
0 days 00:57:28.398000,HAD,1.0,0 days 00:01:29.045000,MEDIUM,1.0,1.0,1,,,89.045,2025,Imola
0 days 00:58:51.374000,HAD,2.0,0 days 00:01:22.976000,MEDIUM,2.0,1.0,1,,,82.976,2025,Imola
0 days 01:00:13.307000,HAD,3.0,0 days 00:01:21.933000,MEDIUM,3.0,1.0,1,,,81.933,2025,Imola
0 days 01:01:34.540000,HAD,4.0,0 days 00:01:21.233000,MEDIUM,4.0,1.0,1,,,81.233,2025,Imola
0 days 01:02:56.139000,HAD,5.0,0 days 00:01:21.599000,MEDIUM,5.0,1.0,1,,,81.599,2025,Imola
0 days 01:04:17.785000,HAD,6.0,0 days 00:01:21.646000,MEDIUM,6.0,1.0,1,,,81.646,2025,Imola
0 days 01:05:39.992000,HAD,7.0,0 days 00:01:22.207000,MEDIUM,7.0,1.0,1,,,82.207,2025,Imola
0 days 01:07:02.079000,HAD,8.0,0 days 00:01:22.087000,MEDIUM,8.0,1.0,1,,,82.087,2025,Imola
0 days 01:08:23.712000,HAD,9.0,0 days 00:01:21.633000,MEDIUM,9.0,1.0,1,,,81.633,2025,Imola
0 days 01:09:45.926000,HAD,10.0,0 days 00:01:22.214000,MEDIUM,10.0,1.0,1,,,82.214,2025,Imola
0 days 01:11:08.705000,HAD,11.0,0 days 00:01:22.779000,MEDIUM,11.0,1.0,1,,,82.779,2025,Imola
0 days 01:12:31.711000,HAD,12.0,0 days 00:01:23.006000,MEDIUM,12.0,1.0,1,,,83.006,2025,Imola
0 days 01:13:54.173000,HAD,13.0,0 days 00:01:22.462000,MEDIUM,13.0,1.0,1,,,82.462,2025,Imola
0 days 01:15:16.657000,HAD,14.0,0 days 00:01:22.484000,MEDIUM,14.0,1.0,1,,,82.484,2025,Imola
0 days 01:16:38.693000,HAD,15.0,0 days 00:01:22.036000,MEDIUM,15.0,1.0,1,,,82.036,2025,Imola
0 days 01:18:01.024000,HAD,16.0,0 days 00:01:22.331000,MEDIUM,16.0,1.0,1,,,82.331,2025,Imola
0 days 01:19:23.115000,HAD,17.0,0 days 00:01:22.091000,MEDIUM,17.0,1.0,1,,,82.091,2025,Imola
0 days 01:20:45.601000,HAD,18.0,0 days 00:01:22.486000,MEDIUM,18.0,1.0,1,,,82.486,2025,Imola
0 days 01:22:08.042000,HAD,19.0,0 days 00:01:22.441000,MEDIUM,19.0,1.0,1,,,82.441,2025,Imola
0 days 01:23:30.462000,HAD,20.0,0 days 00:01:22.420000,MEDIUM,20.0,1.0,1,,,82.42,2025,Imola
0 days 01:24:52.861000,HAD,21.0,0 days 00:01:22.399000,MEDIUM,21.0,1.0,1,,,82.399,2025,Imola
0 days 01:26:15.113000,HAD,22.0,0 days 00:01:22.252000,MEDIUM,22.0,1.0,1,,,82.252,2025,Imola
0 days 01:27:37.505000,HAD,23.0,0 days 00:01:22.392000,MEDIUM,23.0,1.0,1,,,82.392,2025,Imola
0 days 01:28:59.775000,HAD,24.0,0 days 00:01:22.270000,MEDIUM,24.0,1.0,1,,,82.27,2025,Imola
0 days 01:30:22.106000,HAD,25.0,0 days 00:01:22.331000,MEDIUM,25.0,1.0,1,,,82.331,2025,Imola
0 days 01:31:44.319000,HAD,26.0,0 days 00:01:22.213000,MEDIUM,26.0,1.0,1,,,82.213,2025,Imola
0 days 01:33:06.620000,HAD,27.0,0 days 00:01:22.301000,MEDIUM,27.0,1.0,1,,,82.301,2025,Imola
0 days 01:34:30.068000,HAD,28.0,0 days 00:01:23.448000,MEDIUM,28.0,1.0,1,,,83.448,2025,Imola
0 days 01:36:16.283000,HAD,29.0,0 days 00:01:46.215000,MEDIUM,29.0,1.0,126,0 days 01:36:11.892000,,106.215,2025,Imola
0 days 01:38:28.427000,HAD,30.0,0 days 00:02:12.144000,HARD,1.0,2.0,6,,0 days 01:36:42.036000,132.144,2025,Imola
0 days 01:39:53.814000,HAD,31.0,0 days 00:01:25.387000,HARD,2.0,2.0,671,,,85.387,2025,Imola
0 days 01:41:14.758000,HAD,32.0,0 days 00:01:20.944000,HARD,3.0,2.0,1,,,80.944,2025,Imola
0 days 01:42:35.490000,HAD,33.0,0 days 00:01:20.732000,HARD,4.0,2.0,1,,,80.732,2025,Imola
0 days 01:43:55.785000,HAD,34.0,0 days 00:01:20.295000,HARD,5.0,2.0,1,,,80.295,2025,Imola
0 days 01:45:16.310000,HAD,35.0,0 days 00:01:20.525000,HARD,6.0,2.0,1,,,80.525,2025,Imola
0 days 01:46:38.405000,HAD,36.0,0 days 00:01:22.095000,HARD,7.0,2.0,1,,,82.095,2025,Imola
0 days 01:47:59.594000,HAD,37.0,0 days 00:01:21.189000,HARD,8.0,2.0,1,,,81.189,2025,Imola
0 days 01:49:20.612000,HAD,38.0,0 days 00:01:21.018000,HARD,9.0,2.0,1,,,81.018,2025,Imola
0 days 01:50:41.610000,HAD,39.0,0 days 00:01:20.998000,HARD,10.0,2.0,1,,,80.998,2025,Imola
0 days 01:52:02.319000,HAD,40.0,0 days 00:01:20.709000,HARD,11.0,2.0,1,,,80.709,2025,Imola
0 days 01:53:24.067000,HAD,41.0,0 days 00:01:21.748000,HARD,12.0,2.0,1,,,81.748,2025,Imola
0 days 01:54:44.882000,HAD,42.0,0 days 00:01:20.815000,HARD,13.0,2.0,1,,,80.815,2025,Imola
0 days 01:56:05.702000,HAD,43.0,0 days 00:01:20.820000,HARD,14.0,2.0,1,,,80.82,2025,Imola
0 days 01:57:26.401000,HAD,44.0,0 days 00:01:20.699000,HARD,15.0,2.0,1,,,80.699,2025,Imola
0 days 01:58:47.427000,HAD,45.0,0 days 00:01:21.026000,HARD,16.0,2.0,12,,,81.026,2025,Imola
0 days 02:00:42.117000,HAD,46.0,0 days 00:01:54.690000,HARD,17.0,2.0,24,0 days 02:00:37.611000,,114.69,2025,Imola
0 days 02:02:54.196000,HAD,47.0,0 days 00:02:12.079000,HARD,1.0,3.0,4,,0 days 02:01:07.890000,132.079,2025,Imola
0 days 02:04:30.477000,HAD,48.0,0 days 00:01:36.281000,HARD,2.0,3.0,4,,,96.281,2025,Imola
0 days 02:06:17.169000,HAD,49.0,0 days 00:01:46.692000,HARD,3.0,3.0,4,,,106.692,2025,Imola
0 days 02:08:27.766000,HAD,50.0,0 days 00:02:10.597000,HARD,4.0,3.0,4,,,130.597,2025,Imola
0 days 02:10:30.678000,HAD,51.0,0 days 00:02:02.912000,HARD,5.0,3.0,4,,,122.912,2025,Imola
0 days 02:12:30.075000,HAD,52.0,0 days 00:01:59.397000,HARD,6.0,3.0,4,,,119.397,2025,Imola
0 days 02:14:32.804000,HAD,53.0,0 days 00:02:02.729000,HARD,7.0,3.0,41,,,122.729,2025,Imola
0 days 02:15:54.563000,HAD,54.0,0 days 00:01:21.759000,HARD,8.0,3.0,1,,,81.759,2025,Imola
0 days 02:17:14.769000,HAD,55.0,0 days 00:01:20.206000,HARD,9.0,3.0,1,,,80.206,2025,Imola
0 days 02:18:35.112000,HAD,56.0,0 days 00:01:20.343000,HARD,10.0,3.0,1,,,80.343,2025,Imola
0 days 02:19:55.487000,HAD,57.0,0 days 00:01:20.375000,HARD,11.0,3.0,1,,,80.375,2025,Imola
0 days 02:21:16.093000,HAD,58.0,0 days 00:01:20.606000,HARD,12.0,3.0,1,,,80.606,2025,Imola
0 days 02:22:36.339000,HAD,59.0,0 days 00:01:20.246000,HARD,13.0,3.0,1,,,80.246,2025,Imola
0 days 02:23:55.812000,HAD,60.0,0 days 00:01:19.473000,HARD,14.0,3.0,1,,,79.473,2025,Imola
0 days 02:25:15.457000,HAD,61.0,0 days 00:01:19.645000,HARD,15.0,3.0,1,,,79.645,2025,Imola
0 days 02:26:35.537000,HAD,62.0,0 days 00:01:20.080000,HARD,16.0,3.0,1,,,80.08,2025,Imola
0 days 02:27:56.138000,HAD,63.0,0 days 00:01:20.601000,HARD,17.0,3.0,1,,,80.601,2025,Imola
0 days 00:57:24.321000,RUS,1.0,0 days 00:01:24.968000,MEDIUM,4.0,1.0,1,,,84.968,2025,Imola
0 days 00:58:45.917000,RUS,2.0,0 days 00:01:21.596000,MEDIUM,5.0,1.0,1,,,81.596,2025,Imola
0 days 01:00:07.535000,RUS,3.0,0 days 00:01:21.618000,MEDIUM,6.0,1.0,1,,,81.618,2025,Imola
0 days 01:01:29.242000,RUS,4.0,0 days 00:01:21.707000,MEDIUM,7.0,1.0,1,,,81.707,2025,Imola
0 days 01:02:50.627000,RUS,5.0,0 days 00:01:21.385000,MEDIUM,8.0,1.0,1,,,81.385,2025,Imola
0 days 01:04:12.400000,RUS,6.0,0 days 00:01:21.773000,MEDIUM,9.0,1.0,1,,,81.773,2025,Imola
0 days 01:05:33.905000,RUS,7.0,0 days 00:01:21.505000,MEDIUM,10.0,1.0,1,,,81.505,2025,Imola
0 days 01:06:55.649000,RUS,8.0,0 days 00:01:21.744000,MEDIUM,11.0,1.0,1,,,81.744,2025,Imola
0 days 01:08:18.144000,RUS,9.0,0 days 00:01:22.495000,MEDIUM,12.0,1.0,1,,,82.495,2025,Imola
0 days 01:09:41.240000,RUS,10.0,0 days 00:01:23.096000,MEDIUM,13.0,1.0,1,,,83.096,2025,Imola
0 days 01:11:10.514000,RUS,11.0,0 days 00:01:29.274000,MEDIUM,14.0,1.0,1,0 days 01:11:06.108000,,89.274,2025,Imola
0 days 01:12:54.219000,RUS,12.0,0 days 00:01:43.705000,HARD,1.0,2.0,1,,0 days 01:11:35.824000,103.705,2025,Imola
0 days 01:14:15.553000,RUS,13.0,0 days 00:01:21.334000,HARD,2.0,2.0,1,,,81.334,2025,Imola
0 days 01:15:36.963000,RUS,14.0,0 days 00:01:21.410000,HARD,3.0,2.0,1,,,81.41,2025,Imola
0 days 01:16:58.319000,RUS,15.0,0 days 00:01:21.356000,HARD,4.0,2.0,1,,,81.356,2025,Imola
0 days 01:18:19.889000,RUS,16.0,0 days 00:01:21.570000,HARD,5.0,2.0,1,,,81.57,2025,Imola
0 days 01:19:41.552000,RUS,17.0,0 days 00:01:21.663000,HARD,6.0,2.0,1,,,81.663,2025,Imola
0 days 01:21:03.108000,RUS,18.0,0 days 00:01:21.556000,HARD,7.0,2.0,1,,,81.556,2025,Imola
0 days 01:22:24.642000,RUS,19.0,0 days 00:01:21.534000,HARD,8.0,2.0,1,,,81.534,2025,Imola
0 days 01:23:46.722000,RUS,20.0,0 days 00:01:22.080000,HARD,9.0,2.0,1,,,82.08,2025,Imola
0 days 01:25:08.670000,RUS,21.0,0 days 00:01:21.948000,HARD,10.0,2.0,1,,,81.948,2025,Imola
0 days 01:26:30.313000,RUS,22.0,0 days 00:01:21.643000,HARD,11.0,2.0,1,,,81.643,2025,Imola
0 days 01:27:52.889000,RUS,23.0,0 days 00:01:22.576000,HARD,12.0,2.0,1,,,82.576,2025,Imola
0 days 01:29:15.038000,RUS,24.0,0 days 00:01:22.149000,HARD,13.0,2.0,1,,,82.149,2025,Imola
0 days 01:30:36.590000,RUS,25.0,0 days 00:01:21.552000,HARD,14.0,2.0,1,,,81.552,2025,Imola
0 days 01:31:58.317000,RUS,26.0,0 days 00:01:21.727000,HARD,15.0,2.0,1,,,81.727,2025,Imola
0 days 01:33:19.731000,RUS,27.0,0 days 00:01:21.414000,HARD,16.0,2.0,1,,,81.414,2025,Imola
0 days 01:34:41.548000,RUS,28.0,0 days 00:01:21.817000,HARD,17.0,2.0,12,,,81.817,2025,Imola
0 days 01:36:30.011000,RUS,29.0,0 days 00:01:48.463000,HARD,18.0,2.0,26,0 days 01:36:25.543000,,108.463,2025,Imola
0 days 01:38:42.388000,RUS,30.0,0 days 00:02:12.377000,HARD,1.0,3.0,671,,0 days 01:36:56.263000,132.377,2025,Imola
0 days 01:40:03.646000,RUS,31.0,0 days 00:01:21.258000,HARD,2.0,3.0,1,,,81.258,2025,Imola
0 days 01:41:24.334000,RUS,32.0,0 days 00:01:20.688000,HARD,3.0,3.0,1,,,80.688,2025,Imola
0 days 01:42:45.601000,RUS,33.0,0 days 00:01:21.267000,HARD,4.0,3.0,1,,,81.267,2025,Imola
0 days 01:44:08.076000,RUS,34.0,0 days 00:01:22.475000,HARD,5.0,3.0,1,,,82.475,2025,Imola
0 days 01:45:29.928000,RUS,35.0,0 days 00:01:21.852000,HARD,6.0,3.0,1,,,81.852,2025,Imola
0 days 01:46:50.603000,RUS,36.0,0 days 00:01:20.675000,HARD,7.0,3.0,1,,,80.675,2025,Imola
0 days 01:48:11.147000,RUS,37.0,0 days 00:01:20.544000,HARD,8.0,3.0,1,,,80.544,2025,Imola
0 days 01:49:31.609000,RUS,38.0,0 days 00:01:20.462000,HARD,9.0,3.0,1,,,80.462,2025,Imola
0 days 01:50:52.123000,RUS,39.0,0 days 00:01:20.514000,HARD,10.0,3.0,1,,,80.514,2025,Imola
0 days 01:52:12.237000,RUS,40.0,0 days 00:01:20.114000,HARD,11.0,3.0,1,,,80.114,2025,Imola
0 days 01:53:32.753000,RUS,41.0,0 days 00:01:20.516000,HARD,12.0,3.0,1,,,80.516,2025,Imola
0 days 01:54:53.062000,RUS,42.0,0 days 00:01:20.309000,HARD,13.0,3.0,1,,,80.309,2025,Imola
0 days 01:56:13.339000,RUS,43.0,0 days 00:01:20.277000,HARD,14.0,3.0,1,,,80.277,2025,Imola
0 days 01:57:33.550000,RUS,44.0,0 days 00:01:20.211000,HARD,15.0,3.0,1,,,80.211,2025,Imola
0 days 01:58:54.056000,RUS,45.0,0 days 00:01:20.506000,HARD,16.0,3.0,124,,,80.506,2025,Imola
0 days 02:00:47.793000,RUS,46.0,0 days 00:01:53.737000,HARD,17.0,3.0,4,,,113.737,2025,Imola
0 days 02:02:40.481000,RUS,47.0,0 days 00:01:52.688000,HARD,18.0,3.0,4,,,112.688,2025,Imola
0 days 02:04:20.618000,RUS,48.0,0 days 00:01:40.137000,HARD,19.0,3.0,4,,,100.137,2025,Imola
0 days 02:06:12.697000,RUS,49.0,0 days 00:01:52.079000,HARD,20.0,3.0,4,,,112.079,2025,Imola
0 days 02:08:22.358000,RUS,50.0,0 days 00:02:09.661000,HARD,21.0,3.0,4,,,129.661,2025,Imola
0 days 02:10:26.092000,RUS,51.0,0 days 00:02:03.734000,HARD,22.0,3.0,4,,,123.734,2025,Imola
0 days 02:12:24.521000,RUS,52.0,0 days 00:01:58.429000,HARD,23.0,3.0,4,,,118.429,2025,Imola
0 days 02:14:31.668000,RUS,53.0,0 days 00:02:07.147000,HARD,24.0,3.0,41,,,127.147,2025,Imola
0 days 02:15:52.943000,RUS,54.0,0 days 00:01:21.275000,HARD,25.0,3.0,1,,,81.275,2025,Imola
0 days 02:17:12.676000,RUS,55.0,0 days 00:01:19.733000,HARD,26.0,3.0,1,,,79.733,2025,Imola
0 days 02:18:33.614000,RUS,56.0,0 days 00:01:20.938000,HARD,27.0,3.0,1,,,80.938,2025,Imola
0 days 02:19:54.131000,RUS,57.0,0 days 00:01:20.517000,HARD,28.0,3.0,1,,,80.517,2025,Imola
0 days 02:21:13.998000,RUS,58.0,0 days 00:01:19.867000,HARD,29.0,3.0,1,,,79.867,2025,Imola
0 days 02:22:33.981000,RUS,59.0,0 days 00:01:19.983000,HARD,30.0,3.0,1,,,79.983,2025,Imola
0 days 02:23:53.802000,RUS,60.0,0 days 00:01:19.821000,HARD,31.0,3.0,1,,,79.821,2025,Imola
0 days 02:25:13.643000,RUS,61.0,0 days 00:01:19.841000,HARD,32.0,3.0,1,,,79.841,2025,Imola
0 days 02:26:34.122000,RUS,62.0,0 days 00:01:20.479000,HARD,33.0,3.0,1,,,80.479,2025,Imola
0 days 02:27:54.586000,RUS,63.0,0 days 00:01:20.464000,HARD,34.0,3.0,1,,,80.464,2025,Imola
0 days 00:57:23.319000,PIA,1.0,0 days 00:01:23.966000,MEDIUM,1.0,1.0,1,,,83.966,2025,Imola
0 days 00:58:44.920000,PIA,2.0,0 days 00:01:21.601000,MEDIUM,2.0,1.0,1,,,81.601,2025,Imola
0 days 01:00:06.265000,PIA,3.0,0 days 00:01:21.345000,MEDIUM,3.0,1.0,1,,,81.345,2025,Imola
0 days 01:01:27.555000,PIA,4.0,0 days 00:01:21.290000,MEDIUM,4.0,1.0,1,,,81.29,2025,Imola
0 days 01:02:48.651000,PIA,5.0,0 days 00:01:21.096000,MEDIUM,5.0,1.0,1,,,81.096,2025,Imola
0 days 01:04:09.967000,PIA,6.0,0 days 00:01:21.316000,MEDIUM,6.0,1.0,1,,,81.316,2025,Imola
0 days 01:05:31.374000,PIA,7.0,0 days 00:01:21.407000,MEDIUM,7.0,1.0,1,,,81.407,2025,Imola
0 days 01:06:52.552000,PIA,8.0,0 days 00:01:21.178000,MEDIUM,8.0,1.0,1,,,81.178,2025,Imola
0 days 01:08:13.720000,PIA,9.0,0 days 00:01:21.168000,MEDIUM,9.0,1.0,1,,,81.168,2025,Imola
0 days 01:09:35.462000,PIA,10.0,0 days 00:01:21.742000,MEDIUM,10.0,1.0,1,,,81.742,2025,Imola
0 days 01:10:57.203000,PIA,11.0,0 days 00:01:21.741000,MEDIUM,11.0,1.0,1,,,81.741,2025,Imola
0 days 01:12:18.883000,PIA,12.0,0 days 00:01:21.680000,MEDIUM,12.0,1.0,1,,,81.68,2025,Imola
0 days 01:13:45.088000,PIA,13.0,0 days 00:01:26.205000,MEDIUM,13.0,1.0,1,0 days 01:13:40.689000,,86.205,2025,Imola
0 days 01:15:30.212000,PIA,14.0,0 days 00:01:45.124000,HARD,1.0,2.0,1,,0 days 01:14:11.624000,105.124,2025,Imola
0 days 01:16:51.166000,PIA,15.0,0 days 00:01:20.954000,HARD,2.0,2.0,1,,,80.954,2025,Imola
0 days 01:18:12.051000,PIA,16.0,0 days 00:01:20.885000,HARD,3.0,2.0,1,,,80.885,2025,Imola
0 days 01:19:33.959000,PIA,17.0,0 days 00:01:21.908000,HARD,4.0,2.0,1,,,81.908,2025,Imola
0 days 01:20:56.119000,PIA,18.0,0 days 00:01:22.160000,HARD,5.0,2.0,1,,,82.16,2025,Imola
0 days 01:22:17.691000,PIA,19.0,0 days 00:01:21.572000,HARD,6.0,2.0,1,,,81.572,2025,Imola
0 days 01:23:39.244000,PIA,20.0,0 days 00:01:21.553000,HARD,7.0,2.0,1,,,81.553,2025,Imola
0 days 01:25:00.647000,PIA,21.0,0 days 00:01:21.403000,HARD,8.0,2.0,1,,,81.403,2025,Imola
0 days 01:26:21.586000,PIA,22.0,0 days 00:01:20.939000,HARD,9.0,2.0,1,,,80.939,2025,Imola
0 days 01:27:42.326000,PIA,23.0,0 days 00:01:20.740000,HARD,10.0,2.0,1,,,80.74,2025,Imola
0 days 01:29:03.024000,PIA,24.0,0 days 00:01:20.698000,HARD,11.0,2.0,1,,,80.698,2025,Imola
0 days 01:30:24.540000,PIA,25.0,0 days 00:01:21.516000,HARD,12.0,2.0,1,,,81.516,2025,Imola
0 days 01:31:46.145000,PIA,26.0,0 days 00:01:21.605000,HARD,13.0,2.0,1,,,81.605,2025,Imola
0 days 01:33:07.087000,PIA,27.0,0 days 00:01:20.942000,HARD,14.0,2.0,1,,,80.942,2025,Imola
0 days 01:34:28.290000,PIA,28.0,0 days 00:01:21.203000,HARD,15.0,2.0,1,,,81.203,2025,Imola
0 days 01:36:10.950000,PIA,29.0,0 days 00:01:42.660000,HARD,16.0,2.0,126,,,102.66,2025,Imola
0 days 01:38:05.979000,PIA,30.0,0 days 00:01:55.029000,HARD,17.0,2.0,6,0 days 01:38:01.641000,,115.029,2025,Imola
0 days 01:39:52.119000,PIA,31.0,0 days 00:01:46.140000,HARD,1.0,3.0,671,,0 days 01:38:32.102000,106.14,2025,Imola
0 days 01:41:12.071000,PIA,32.0,0 days 00:01:19.952000,HARD,2.0,3.0,1,,,79.952,2025,Imola
0 days 01:42:31.840000,PIA,33.0,0 days 00:01:19.769000,HARD,3.0,3.0,1,,,79.769,2025,Imola
0 days 01:43:51.614000,PIA,34.0,0 days 00:01:19.774000,HARD,4.0,3.0,1,,,79.774,2025,Imola
0 days 01:45:11.270000,PIA,35.0,0 days 00:01:19.656000,HARD,5.0,3.0,1,,,79.656,2025,Imola
0 days 01:46:31.011000,PIA,36.0,0 days 00:01:19.741000,HARD,6.0,3.0,1,,,79.741,2025,Imola
0 days 01:47:50.594000,PIA,37.0,0 days 00:01:19.583000,HARD,7.0,3.0,1,,,79.583,2025,Imola
0 days 01:49:10.337000,PIA,38.0,0 days 00:01:19.743000,HARD,8.0,3.0,1,,,79.743,2025,Imola
0 days 01:50:30.398000,PIA,39.0,0 days 00:01:20.061000,HARD,9.0,3.0,1,,,80.061,2025,Imola
0 days 01:51:49.796000,PIA,40.0,0 days 00:01:19.398000,HARD,10.0,3.0,1,,,79.398,2025,Imola
0 days 01:53:10.254000,PIA,41.0,0 days 00:01:20.458000,HARD,11.0,3.0,1,,,80.458,2025,Imola
0 days 01:54:30.213000,PIA,42.0,0 days 00:01:19.959000,HARD,12.0,3.0,1,,,79.959,2025,Imola
0 days 01:55:49.444000,PIA,43.0,0 days 00:01:19.231000,HARD,13.0,3.0,1,,,79.231,2025,Imola
0 days 01:57:09.293000,PIA,44.0,0 days 00:01:19.849000,HARD,14.0,3.0,1,,,79.849,2025,Imola
0 days 01:58:29.632000,PIA,45.0,0 days 00:01:20.339000,HARD,15.0,3.0,1,,,80.339,2025,Imola
0 days 02:00:13.390000,PIA,46.0,0 days 00:01:43.758000,HARD,16.0,3.0,124,,,103.758,2025,Imola
0 days 02:02:06.214000,PIA,47.0,0 days 00:01:52.824000,HARD,17.0,3.0,4,,,112.824,2025,Imola
0 days 02:04:02.955000,PIA,48.0,0 days 00:01:56.741000,HARD,18.0,3.0,4,,,116.741,2025,Imola
0 days 02:06:07.377000,PIA,49.0,0 days 00:02:04.422000,HARD,19.0,3.0,4,,,124.422,2025,Imola
0 days 02:08:16.950000,PIA,50.0,0 days 00:02:09.573000,HARD,20.0,3.0,4,,,129.573,2025,Imola
0 days 02:10:20.002000,PIA,51.0,0 days 00:02:03.052000,HARD,21.0,3.0,4,,,123.052,2025,Imola
0 days 02:12:18.894000,PIA,52.0,0 days 00:01:58.892000,HARD,22.0,3.0,4,,,118.892,2025,Imola
0 days 02:14:30.032000,PIA,53.0,0 days 00:02:11.138000,HARD,23.0,3.0,41,,,131.138,2025,Imola
0 days 02:15:49.483000,PIA,54.0,0 days 00:01:19.451000,HARD,24.0,3.0,1,,,79.451,2025,Imola
0 days 02:17:08.589000,PIA,55.0,0 days 00:01:19.106000,HARD,25.0,3.0,1,,,79.106,2025,Imola
0 days 02:18:27.483000,PIA,56.0,0 days 00:01:18.894000,HARD,26.0,3.0,1,,,78.894,2025,Imola
0 days 02:19:46.674000,PIA,57.0,0 days 00:01:19.191000,HARD,27.0,3.0,1,,,79.191,2025,Imola
0 days 02:21:07.776000,PIA,58.0,0 days 00:01:21.102000,HARD,28.0,3.0,1,,,81.102,2025,Imola
0 days 02:22:27.405000,PIA,59.0,0 days 00:01:19.629000,HARD,29.0,3.0,1,,,79.629,2025,Imola
0 days 02:23:46.888000,PIA,60.0,0 days 00:01:19.483000,HARD,30.0,3.0,1,,,79.483,2025,Imola
0 days 02:25:06.613000,PIA,61.0,0 days 00:01:19.725000,HARD,31.0,3.0,1,,,79.725,2025,Imola
0 days 02:26:25.962000,PIA,62.0,0 days 00:01:19.349000,HARD,32.0,3.0,1,,,79.349,2025,Imola
0 days 02:27:45.508000,PIA,63.0,0 days 00:01:19.546000,HARD,33.0,3.0,1,,,79.546,2025,Imola
0 days 00:57:32.404000,BEA,1.0,0 days 00:01:33.051000,HARD,1.0,1.0,1,,,93.051,2025,Imola
0 days 00:58:56.240000,BEA,2.0,0 days 00:01:23.836000,HARD,2.0,1.0,1,,,83.836,2025,Imola
0 days 01:00:18.859000,BEA,3.0,0 days 00:01:22.619000,HARD,3.0,1.0,1,,,82.619,2025,Imola
0 days 01:01:41.200000,BEA,4.0,0 days 00:01:22.341000,HARD,4.0,1.0,1,,,82.341,2025,Imola
0 days 01:03:03.467000,BEA,5.0,0 days 00:01:22.267000,HARD,5.0,1.0,1,,,82.267,2025,Imola
0 days 01:04:25.512000,BEA,6.0,0 days 00:01:22.045000,HARD,6.0,1.0,1,,,82.045,2025,Imola
0 days 01:05:47.962000,BEA,7.0,0 days 00:01:22.450000,HARD,7.0,1.0,1,,,82.45,2025,Imola
0 days 01:07:10.230000,BEA,8.0,0 days 00:01:22.268000,HARD,8.0,1.0,1,,,82.268,2025,Imola
0 days 01:08:32.636000,BEA,9.0,0 days 00:01:22.406000,HARD,9.0,1.0,1,,,82.406,2025,Imola
0 days 01:09:54.708000,BEA,10.0,0 days 00:01:22.072000,HARD,10.0,1.0,1,,,82.072,2025,Imola
0 days 01:11:16.727000,BEA,11.0,0 days 00:01:22.019000,HARD,11.0,1.0,1,,,82.019,2025,Imola
0 days 01:12:39.320000,BEA,12.0,0 days 00:01:22.593000,HARD,12.0,1.0,1,,,82.593,2025,Imola
0 days 01:14:01.794000,BEA,13.0,0 days 00:01:22.474000,HARD,13.0,1.0,1,,,82.474,2025,Imola
0 days 01:15:24.665000,BEA,14.0,0 days 00:01:22.871000,HARD,14.0,1.0,1,,,82.871,2025,Imola
0 days 01:16:47.562000,BEA,15.0,0 days 00:01:22.897000,HARD,15.0,1.0,1,,,82.897,2025,Imola
0 days 01:18:10.226000,BEA,16.0,0 days 00:01:22.664000,HARD,16.0,1.0,1,,,82.664,2025,Imola
0 days 01:19:32.892000,BEA,17.0,0 days 00:01:22.666000,HARD,17.0,1.0,1,,,82.666,2025,Imola
0 days 01:20:55.851000,BEA,18.0,0 days 00:01:22.959000,HARD,18.0,1.0,1,,,82.959,2025,Imola
0 days 01:22:19.095000,BEA,19.0,0 days 00:01:23.244000,HARD,19.0,1.0,1,,,83.244,2025,Imola
0 days 01:23:42.067000,BEA,20.0,0 days 00:01:22.972000,HARD,20.0,1.0,1,,,82.972,2025,Imola
0 days 01:25:04.963000,BEA,21.0,0 days 00:01:22.896000,HARD,21.0,1.0,1,,,82.896,2025,Imola
0 days 01:26:27.834000,BEA,22.0,0 days 00:01:22.871000,HARD,22.0,1.0,1,,,82.871,2025,Imola
0 days 01:27:51.211000,BEA,23.0,0 days 00:01:23.377000,HARD,23.0,1.0,1,,,83.377,2025,Imola
0 days 01:29:13.096000,BEA,24.0,0 days 00:01:21.885000,HARD,24.0,1.0,1,,,81.885,2025,Imola
0 days 01:30:35.075000,BEA,25.0,0 days 00:01:21.979000,HARD,25.0,1.0,1,,,81.979,2025,Imola
0 days 01:31:57.009000,BEA,26.0,0 days 00:01:21.934000,HARD,26.0,1.0,1,,,81.934,2025,Imola
0 days 01:33:18.957000,BEA,27.0,0 days 00:01:21.948000,HARD,27.0,1.0,1,,,81.948,2025,Imola
0 days 01:34:40.910000,BEA,28.0,0 days 00:01:21.953000,HARD,28.0,1.0,12,,,81.953,2025,Imola
0 days 01:36:29.630000,BEA,29.0,0 days 00:01:48.720000,HARD,29.0,1.0,26,0 days 01:36:25.246000,,108.72,2025,Imola
0 days 01:38:43.005000,BEA,30.0,0 days 00:02:13.375000,MEDIUM,1.0,2.0,671,,0 days 01:36:56.622000,133.375,2025,Imola
0 days 01:40:11.917000,BEA,31.0,0 days 00:01:28.912000,MEDIUM,2.0,2.0,1,0 days 01:40:07.541000,,88.912,2025,Imola
0 days 01:42:22.164000,BEA,32.0,0 days 00:02:10.247000,HARD,1.0,3.0,1,,0 days 01:41:04.264000,130.247,2025,Imola
0 days 01:43:42.204000,BEA,33.0,0 days 00:01:20.040000,HARD,2.0,3.0,1,,,80.04,2025,Imola
0 days 01:45:02.552000,BEA,34.0,0 days 00:01:20.348000,HARD,3.0,3.0,1,,,80.348,2025,Imola
0 days 01:46:22.676000,BEA,35.0,0 days 00:01:20.124000,HARD,4.0,3.0,1,,,80.124,2025,Imola
0 days 01:47:42.927000,BEA,36.0,0 days 00:01:20.251000,HARD,5.0,3.0,1,,,80.251,2025,Imola
0 days 01:49:03.076000,BEA,37.0,0 days 00:01:20.149000,HARD,6.0,3.0,1,,,80.149,2025,Imola
0 days 01:50:22.961000,BEA,38.0,0 days 00:01:19.885000,HARD,7.0,3.0,1,,,79.885,2025,Imola
0 days 01:51:42.921000,BEA,39.0,0 days 00:01:19.960000,HARD,8.0,3.0,1,,,79.96,2025,Imola
0 days 01:53:02.570000,BEA,40.0,0 days 00:01:19.649000,HARD,9.0,3.0,1,,,79.649,2025,Imola
0 days 01:54:22.781000,BEA,41.0,0 days 00:01:20.211000,HARD,10.0,3.0,1,,,80.211,2025,Imola
0 days 01:55:42.832000,BEA,42.0,0 days 00:01:20.051000,HARD,11.0,3.0,1,,,80.051,2025,Imola
0 days 01:57:03.065000,BEA,43.0,0 days 00:01:20.233000,HARD,12.0,3.0,1,,,80.233,2025,Imola
0 days 01:58:23.459000,BEA,44.0,0 days 00:01:20.394000,HARD,13.0,3.0,1,,,80.394,2025,Imola
0 days 02:00:05.400000,BEA,45.0,0 days 00:01:41.941000,HARD,14.0,3.0,124,,,101.941,2025,Imola
0 days 02:01:57.515000,BEA,46.0,0 days 00:01:52.115000,HARD,15.0,3.0,4,,,112.115,2025,Imola
0 days 02:04:01.186000,BEA,47.0,0 days 00:02:03.671000,HARD,16.0,3.0,4,,,123.671,2025,Imola
0 days 02:06:06.553000,BEA,48.0,0 days 00:02:05.367000,HARD,17.0,3.0,4,,,125.367,2025,Imola
0 days 02:08:16.007000,BEA,49.0,0 days 00:02:09.454000,HARD,18.0,3.0,4,,,129.454,2025,Imola
0 days 02:10:18.257000,BEA,50.0,0 days 00:02:02.250000,HARD,19.0,3.0,4,,,122.25,2025,Imola
0 days 02:11:45.163000,BEA,51.0,0 days 00:01:26.906000,HARD,20.0,3.0,4,,,86.906,2025,Imola
0 days 02:13:04.684000,BEA,52.0,0 days 00:01:19.521000,HARD,21.0,3.0,4,,,79.521,2025,Imola
0 days 02:14:36.247000,BEA,53.0,0 days 00:01:31.563000,HARD,22.0,3.0,41,,,91.563,2025,Imola
0 days 02:15:59.199000,BEA,54.0,0 days 00:01:22.952000,HARD,23.0,3.0,1,,,82.952,2025,Imola
0 days 02:17:21.295000,BEA,55.0,0 days 00:01:22.096000,HARD,24.0,3.0,1,,,82.096,2025,Imola
0 days 02:18:42.691000,BEA,56.0,0 days 00:01:21.396000,HARD,25.0,3.0,1,,,81.396,2025,Imola
0 days 02:20:03.404000,BEA,57.0,0 days 00:01:20.713000,HARD,26.0,3.0,1,,,80.713,2025,Imola
0 days 02:21:23.824000,BEA,58.0,0 days 00:01:20.420000,HARD,27.0,3.0,1,,,80.42,2025,Imola
0 days 02:22:43.989000,BEA,59.0,0 days 00:01:20.165000,HARD,28.0,3.0,1,,,80.165,2025,Imola
0 days 02:24:04.314000,BEA,60.0,0 days 00:01:20.325000,HARD,29.0,3.0,1,,,80.325,2025,Imola
0 days 02:25:24.733000,BEA,61.0,0 days 00:01:20.419000,HARD,30.0,3.0,1,,,80.419,2025,Imola
0 days 02:26:45.604000,BEA,62.0,0 days 00:01:20.871000,HARD,31.0,3.0,1,,,80.871,2025,Imola
0 days 02:28:06.360000,BEA,63.0,0 days 00:01:20.756000,HARD,32.0,3.0,1,,,80.756,2025,Imola
0 days 01:00:37.344000,VER,1.0,0 days 00:01:23.696000,SOFT,4.0,1.0,1,,,83.696,2025,Spain
0 days 01:01:57.427000,VER,2.0,0 days 00:01:20.083000,SOFT,5.0,1.0,1,,,80.083,2025,Spain
0 days 01:03:17.964000,VER,3.0,0 days 00:01:20.537000,SOFT,6.0,1.0,1,,,80.537,2025,Spain
0 days 01:04:38.996000,VER,4.0,0 days 00:01:21.032000,SOFT,7.0,1.0,1,,,81.032,2025,Spain
0 days 01:05:59.960000,VER,5.0,0 days 00:01:20.964000,SOFT,8.0,1.0,1,,,80.964,2025,Spain
0 days 01:07:20.782000,VER,6.0,0 days 00:01:20.822000,SOFT,9.0,1.0,1,,,80.822,2025,Spain
0 days 01:08:41.542000,VER,7.0,0 days 00:01:20.760000,SOFT,10.0,1.0,1,,,80.76,2025,Spain
0 days 01:10:02.561000,VER,8.0,0 days 00:01:21.019000,SOFT,11.0,1.0,1,,,81.019,2025,Spain
0 days 01:11:23.729000,VER,9.0,0 days 00:01:21.168000,SOFT,12.0,1.0,1,,,81.168,2025,Spain
0 days 01:12:44.892000,VER,10.0,0 days 00:01:21.163000,SOFT,13.0,1.0,1,,,81.163,2025,Spain
0 days 01:14:06.035000,VER,11.0,0 days 00:01:21.143000,SOFT,14.0,1.0,1,,,81.143,2025,Spain
0 days 01:15:27.658000,VER,12.0,0 days 00:01:21.623000,SOFT,15.0,1.0,1,,,81.623,2025,Spain
0 days 01:16:53.688000,VER,13.0,0 days 00:01:26.030000,SOFT,16.0,1.0,1,0 days 01:16:50.998000,,86.03,2025,Spain
0 days 01:18:30.888000,VER,14.0,0 days 00:01:37.200000,SOFT,1.0,2.0,1,,0 days 01:17:12.799000,97.2,2025,Spain
0 days 01:19:50.518000,VER,15.0,0 days 00:01:19.630000,SOFT,2.0,2.0,1,,,79.63,2025,Spain
0 days 01:21:09.968000,VER,16.0,0 days 00:01:19.450000,SOFT,3.0,2.0,1,,,79.45,2025,Spain
0 days 01:22:29.979000,VER,17.0,0 days 00:01:20.011000,SOFT,4.0,2.0,1,,,80.011,2025,Spain
0 days 01:23:49.765000,VER,18.0,0 days 00:01:19.786000,SOFT,5.0,2.0,1,,,79.786,2025,Spain
0 days 01:25:10.024000,VER,19.0,0 days 00:01:20.259000,SOFT,6.0,2.0,1,,,80.259,2025,Spain
0 days 01:26:29.864000,VER,20.0,0 days 00:01:19.840000,SOFT,7.0,2.0,1,,,79.84,2025,Spain
0 days 01:27:49.775000,VER,21.0,0 days 00:01:19.911000,SOFT,8.0,2.0,1,,,79.911,2025,Spain
0 days 01:29:09.415000,VER,22.0,0 days 00:01:19.640000,SOFT,9.0,2.0,1,,,79.64,2025,Spain
0 days 01:30:29.598000,VER,23.0,0 days 00:01:20.183000,SOFT,10.0,2.0,1,,,80.183,2025,Spain
0 days 01:31:49.556000,VER,24.0,0 days 00:01:19.958000,SOFT,11.0,2.0,1,,,79.958,2025,Spain
0 days 01:33:09.680000,VER,25.0,0 days 00:01:20.124000,SOFT,12.0,2.0,1,,,80.124,2025,Spain
0 days 01:34:30.062000,VER,26.0,0 days 00:01:20.382000,SOFT,13.0,2.0,1,,,80.382,2025,Spain
0 days 01:35:50.734000,VER,27.0,0 days 00:01:20.672000,SOFT,14.0,2.0,1,,,80.672,2025,Spain
0 days 01:37:11.314000,VER,28.0,0 days 00:01:20.580000,SOFT,15.0,2.0,1,,,80.58,2025,Spain
0 days 01:38:35.823000,VER,29.0,0 days 00:01:24.509000,SOFT,16.0,2.0,1,0 days 01:38:33.050000,,84.509,2025,Spain
0 days 01:40:12.102000,VER,30.0,0 days 00:01:36.279000,MEDIUM,1.0,3.0,1,,0 days 01:38:55.114000,96.279,2025,Spain
0 days 01:41:30.318000,VER,31.0,0 days 00:01:18.216000,MEDIUM,2.0,3.0,1,,,78.216,2025,Spain
0 days 01:42:48.773000,VER,32.0,0 days 00:01:18.455000,MEDIUM,3.0,3.0,1,,,78.455,2025,Spain
0 days 01:44:07.500000,VER,33.0,0 days 00:01:18.727000,MEDIUM,4.0,3.0,1,,,78.727,2025,Spain
0 days 01:45:26.424000,VER,34.0,0 days 00:01:18.924000,MEDIUM,5.0,3.0,1,,,78.924,2025,Spain
0 days 01:46:45.565000,VER,35.0,0 days 00:01:19.141000,MEDIUM,6.0,3.0,1,,,79.141,2025,Spain
0 days 01:48:04.783000,VER,36.0,0 days 00:01:19.218000,MEDIUM,7.0,3.0,1,,,79.218,2025,Spain
0 days 01:49:23.891000,VER,37.0,0 days 00:01:19.108000,MEDIUM,8.0,3.0,1,,,79.108,2025,Spain
0 days 01:50:43.334000,VER,38.0,0 days 00:01:19.443000,MEDIUM,9.0,3.0,1,,,79.443,2025,Spain
0 days 01:52:02.984000,VER,39.0,0 days 00:01:19.650000,MEDIUM,10.0,3.0,1,,,79.65,2025,Spain
0 days 01:53:22.710000,VER,40.0,0 days 00:01:19.726000,MEDIUM,11.0,3.0,1,,,79.726,2025,Spain
0 days 01:54:42.632000,VER,41.0,0 days 00:01:19.922000,MEDIUM,12.0,3.0,1,,,79.922,2025,Spain
0 days 01:56:02.595000,VER,42.0,0 days 00:01:19.963000,MEDIUM,13.0,3.0,1,,,79.963,2025,Spain
0 days 01:57:22.729000,VER,43.0,0 days 00:01:20.134000,MEDIUM,14.0,3.0,1,,,80.134,2025,Spain
0 days 01:58:42.569000,VER,44.0,0 days 00:01:19.840000,MEDIUM,15.0,3.0,1,,,79.84,2025,Spain
0 days 02:00:02.870000,VER,45.0,0 days 00:01:20.301000,MEDIUM,16.0,3.0,1,,,80.301,2025,Spain
0 days 02:01:23.237000,VER,46.0,0 days 00:01:20.367000,MEDIUM,17.0,3.0,1,,,80.367,2025,Spain
0 days 02:02:46.795000,VER,47.0,0 days 00:01:23.558000,MEDIUM,18.0,3.0,1,0 days 02:02:44.158000,,83.558,2025,Spain
0 days 02:04:22.710000,VER,48.0,0 days 00:01:35.915000,SOFT,4.0,4.0,1,,0 days 02:03:05.962000,95.915,2025,Spain
0 days 02:05:39.851000,VER,49.0,0 days 00:01:17.141000,SOFT,5.0,4.0,1,,,77.141,2025,Spain
0 days 02:06:57.848000,VER,50.0,0 days 00:01:17.997000,SOFT,6.0,4.0,1,,,77.997,2025,Spain
0 days 02:08:16.582000,VER,51.0,0 days 00:01:18.734000,SOFT,7.0,4.0,1,,,78.734,2025,Spain
0 days 02:09:35.264000,VER,52.0,0 days 00:01:18.682000,SOFT,8.0,4.0,1,,,78.682,2025,Spain
0 days 02:10:54.205000,VER,53.0,0 days 00:01:18.941000,SOFT,9.0,4.0,1,,,78.941,2025,Spain
0 days 02:12:12.789000,VER,54.0,0 days 00:01:18.584000,SOFT,10.0,4.0,1,,,78.584,2025,Spain
0 days 02:13:47.433000,VER,55.0,0 days 00:01:34.644000,SOFT,11.0,4.0,124,0 days 02:13:44.750000,,94.644,2025,Spain
0 days 02:16:12.559000,VER,56.0,0 days 00:02:25.126000,HARD,1.0,5.0,4,,0 days 02:14:07.144000,145.126,2025,Spain
0 days 02:18:19.264000,VER,57.0,0 days 00:02:06.705000,HARD,2.0,5.0,4,,,126.705,2025,Spain
0 days 02:20:27.939000,VER,58.0,0 days 00:02:08.675000,HARD,3.0,5.0,4,,,128.675,2025,Spain
0 days 02:22:30.596000,VER,59.0,0 days 00:02:02.657000,HARD,4.0,5.0,4,,,122.657,2025,Spain
0 days 02:24:33.097000,VER,60.0,0 days 00:02:02.501000,HARD,5.0,5.0,41,,,122.501,2025,Spain
0 days 02:25:51.959000,VER,61.0,0 days 00:01:18.862000,HARD,6.0,5.0,1,,,78.862,2025,Spain
0 days 02:27:08.978000,VER,62.0,0 days 00:01:17.019000,HARD,7.0,5.0,1,,,77.019,2025,Spain
0 days 02:28:26.586000,VER,63.0,0 days 00:01:17.608000,HARD,8.0,5.0,1,,,77.608,2025,Spain
0 days 02:29:46.646000,VER,64.0,0 days 00:01:20.060000,HARD,9.0,5.0,1,,,80.06,2025,Spain
0 days 02:31:04.768000,VER,65.0,0 days 00:01:18.122000,HARD,10.0,5.0,1,,,78.122,2025,Spain
0 days 02:32:22.849000,VER,66.0,0 days 00:01:18.081000,HARD,11.0,5.0,1,,,78.081,2025,Spain
0 days 01:00:41.582000,GAS,1.0,0 days 00:01:27.934000,SOFT,3.0,1.0,1,,,87.934,2025,Spain
0 days 01:02:04.245000,GAS,2.0,0 days 00:01:22.663000,SOFT,4.0,1.0,1,,,82.663,2025,Spain
0 days 01:03:26.378000,GAS,3.0,0 days 00:01:22.133000,SOFT,5.0,1.0,1,,,82.133,2025,Spain
0 days 01:04:47.707000,GAS,4.0,0 days 00:01:21.329000,SOFT,6.0,1.0,1,,,81.329,2025,Spain
0 days 01:06:09.388000,GAS,5.0,0 days 00:01:21.681000,SOFT,7.0,1.0,1,,,81.681,2025,Spain
0 days 01:07:31.179000,GAS,6.0,0 days 00:01:21.791000,SOFT,8.0,1.0,1,,,81.791,2025,Spain
0 days 01:08:53.143000,GAS,7.0,0 days 00:01:21.964000,SOFT,9.0,1.0,1,,,81.964,2025,Spain
0 days 01:10:15.456000,GAS,8.0,0 days 00:01:22.313000,SOFT,10.0,1.0,1,,,82.313,2025,Spain
0 days 01:11:37.616000,GAS,9.0,0 days 00:01:22.160000,SOFT,11.0,1.0,1,,,82.16,2025,Spain
0 days 01:13:03.286000,GAS,10.0,0 days 00:01:25.670000,SOFT,12.0,1.0,1,0 days 01:13:00.614000,,85.67,2025,Spain
0 days 01:14:42.124000,GAS,11.0,0 days 00:01:38.838000,SOFT,4.0,2.0,1,,0 days 01:13:22.762000,98.838,2025,Spain
0 days 01:16:03.788000,GAS,12.0,0 days 00:01:21.664000,SOFT,5.0,2.0,1,,,81.664,2025,Spain
0 days 01:17:26.040000,GAS,13.0,0 days 00:01:22.252000,SOFT,6.0,2.0,1,,,82.252,2025,Spain
0 days 01:18:48.229000,GAS,14.0,0 days 00:01:22.189000,SOFT,7.0,2.0,1,,,82.189,2025,Spain
0 days 01:20:10.168000,GAS,15.0,0 days 00:01:21.939000,SOFT,8.0,2.0,1,,,81.939,2025,Spain
0 days 01:21:31.813000,GAS,16.0,0 days 00:01:21.645000,SOFT,9.0,2.0,1,,,81.645,2025,Spain
0 days 01:22:53.449000,GAS,17.0,0 days 00:01:21.636000,SOFT,10.0,2.0,1,,,81.636,2025,Spain
0 days 01:24:16.201000,GAS,18.0,0 days 00:01:22.752000,SOFT,11.0,2.0,1,,,82.752,2025,Spain
0 days 01:25:38.138000,GAS,19.0,0 days 00:01:21.937000,SOFT,12.0,2.0,1,,,81.937,2025,Spain
0 days 01:26:59.801000,GAS,20.0,0 days 00:01:21.663000,SOFT,13.0,2.0,1,,,81.663,2025,Spain
0 days 01:28:21.603000,GAS,21.0,0 days 00:01:21.802000,SOFT,14.0,2.0,1,,,81.802,2025,Spain
0 days 01:29:43.468000,GAS,22.0,0 days 00:01:21.865000,SOFT,15.0,2.0,1,,,81.865,2025,Spain
0 days 01:31:05.801000,GAS,23.0,0 days 00:01:22.333000,SOFT,16.0,2.0,1,,,82.333,2025,Spain
0 days 01:32:29.016000,GAS,24.0,0 days 00:01:23.215000,SOFT,17.0,2.0,1,,,83.215,2025,Spain
0 days 01:33:51.771000,GAS,25.0,0 days 00:01:22.755000,SOFT,18.0,2.0,1,,,82.755,2025,Spain
0 days 01:35:14.055000,GAS,26.0,0 days 00:01:22.284000,SOFT,19.0,2.0,1,,,82.284,2025,Spain
0 days 01:36:36.250000,GAS,27.0,0 days 00:01:22.195000,SOFT,20.0,2.0,1,,,82.195,2025,Spain
0 days 01:37:59.484000,GAS,28.0,0 days 00:01:23.234000,SOFT,21.0,2.0,1,,,83.234,2025,Spain
0 days 01:39:21.787000,GAS,29.0,0 days 00:01:22.303000,SOFT,22.0,2.0,1,,,82.303,2025,Spain
0 days 01:40:44.045000,GAS,30.0,0 days 00:01:22.258000,SOFT,23.0,2.0,1,,,82.258,2025,Spain
0 days 01:42:10.312000,GAS,31.0,0 days 00:01:26.267000,SOFT,24.0,2.0,1,0 days 01:42:07.569000,,86.267,2025,Spain
0 days 01:43:49.851000,GAS,32.0,0 days 00:01:39.539000,MEDIUM,1.0,3.0,1,,0 days 01:42:29.692000,99.539,2025,Spain
0 days 01:45:10.885000,GAS,33.0,0 days 00:01:21.034000,MEDIUM,2.0,3.0,1,,,81.034,2025,Spain
0 days 01:46:32.490000,GAS,34.0,0 days 00:01:21.605000,MEDIUM,3.0,3.0,1,,,81.605,2025,Spain
0 days 01:47:53.769000,GAS,35.0,0 days 00:01:21.279000,MEDIUM,4.0,3.0,1,,,81.279,2025,Spain
0 days 01:49:16.649000,GAS,36.0,0 days 00:01:22.880000,MEDIUM,5.0,3.0,1,,,82.88,2025,Spain
0 days 01:50:38.078000,GAS,37.0,0 days 00:01:21.429000,MEDIUM,6.0,3.0,1,,,81.429,2025,Spain
0 days 01:52:00.308000,GAS,38.0,0 days 00:01:22.230000,MEDIUM,7.0,3.0,1,,,82.23,2025,Spain
0 days 01:53:21.539000,GAS,39.0,0 days 00:01:21.231000,MEDIUM,8.0,3.0,1,,,81.231,2025,Spain
0 days 01:54:44.038000,GAS,40.0,0 days 00:01:22.499000,MEDIUM,9.0,3.0,1,,,82.499,2025,Spain
0 days 01:56:05.164000,GAS,41.0,0 days 00:01:21.126000,MEDIUM,10.0,3.0,1,,,81.126,2025,Spain
0 days 01:57:25.922000,GAS,42.0,0 days 00:01:20.758000,MEDIUM,11.0,3.0,1,,,80.758,2025,Spain
0 days 01:58:46.732000,GAS,43.0,0 days 00:01:20.810000,MEDIUM,12.0,3.0,1,,,80.81,2025,Spain
0 days 02:00:07.936000,GAS,44.0,0 days 00:01:21.204000,MEDIUM,13.0,3.0,1,,,81.204,2025,Spain
0 days 02:01:28.686000,GAS,45.0,0 days 00:01:20.750000,MEDIUM,14.0,3.0,1,,,80.75,2025,Spain
0 days 02:02:49.249000,GAS,46.0,0 days 00:01:20.563000,MEDIUM,15.0,3.0,1,,,80.563,2025,Spain
0 days 02:04:09.670000,GAS,47.0,0 days 00:01:20.421000,MEDIUM,16.0,3.0,1,,,80.421,2025,Spain
0 days 02:05:30.294000,GAS,48.0,0 days 00:01:20.624000,MEDIUM,17.0,3.0,1,,,80.624,2025,Spain
0 days 02:06:50.940000,GAS,49.0,0 days 00:01:20.646000,MEDIUM,18.0,3.0,1,,,80.646,2025,Spain
0 days 02:08:10.975000,GAS,50.0,0 days 00:01:20.035000,MEDIUM,19.0,3.0,1,,,80.035,2025,Spain
0 days 02:09:32.859000,GAS,51.0,0 days 00:01:21.884000,MEDIUM,20.0,3.0,1,,,81.884,2025,Spain
0 days 02:10:55.671000,GAS,52.0,0 days 00:01:22.812000,MEDIUM,21.0,3.0,1,,,82.812,2025,Spain
0 days 02:12:15.834000,GAS,53.0,0 days 00:01:20.163000,MEDIUM,22.0,3.0,1,,,80.163,2025,Spain
0 days 02:13:50.417000,GAS,54.0,0 days 00:01:34.583000,MEDIUM,23.0,3.0,124,,,94.583,2025,Spain
0 days 02:15:41.352000,GAS,55.0,0 days 00:01:50.935000,MEDIUM,24.0,3.0,4,0 days 02:15:38.580000,,110.935,2025,Spain
0 days 02:17:28.158000,GAS,56.0,0 days 00:01:46.806000,SOFT,4.0,4.0,4,,0 days 02:16:01.418000,106.806,2025,Spain
0 days 02:18:56.420000,GAS,57.0,0 days 00:01:28.262000,SOFT,5.0,4.0,4,,,88.262,2025,Spain
0 days 02:20:35.001000,GAS,58.0,0 days 00:01:38.581000,SOFT,6.0,4.0,4,,,98.581,2025,Spain
0 days 02:22:40.241000,GAS,59.0,0 days 00:02:05.240000,SOFT,7.0,4.0,4,,,125.24,2025,Spain
0 days 02:24:35.119000,GAS,60.0,0 days 00:01:54.878000,SOFT,8.0,4.0,41,,,114.878,2025,Spain
0 days 02:25:55.222000,GAS,61.0,0 days 00:01:20.103000,SOFT,9.0,4.0,1,,,80.103,2025,Spain
0 days 02:27:13.967000,GAS,62.0,0 days 00:01:18.745000,SOFT,10.0,4.0,1,,,78.745,2025,Spain
0 days 02:28:31.863000,GAS,63.0,0 days 00:01:17.896000,SOFT,11.0,4.0,1,,,77.896,2025,Spain
0 days 02:29:50.654000,GAS,64.0,0 days 00:01:18.791000,SOFT,12.0,4.0,1,,,78.791,2025,Spain
0 days 02:31:09.756000,GAS,65.0,0 days 00:01:19.102000,SOFT,13.0,4.0,1,,,79.102,2025,Spain
0 days 02:32:28.905000,GAS,66.0,0 days 00:01:19.149000,SOFT,14.0,4.0,1,,,79.149,2025,Spain
0 days 01:00:41.029000,ANT,1.0,0 days 00:01:27.381000,SOFT,4.0,1.0,1,,,87.381,2025,Spain
0 days 01:02:03.141000,ANT,2.0,0 days 00:01:22.112000,SOFT,5.0,1.0,1,,,82.112,2025,Spain
0 days 01:03:25.015000,ANT,3.0,0 days 00:01:21.874000,SOFT,6.0,1.0,1,,,81.874,2025,Spain
0 days 01:04:46.389000,ANT,4.0,0 days 00:01:21.374000,SOFT,7.0,1.0,1,,,81.374,2025,Spain
0 days 01:06:07.757000,ANT,5.0,0 days 00:01:21.368000,SOFT,8.0,1.0,1,,,81.368,2025,Spain
0 days 01:07:29.234000,ANT,6.0,0 days 00:01:21.477000,SOFT,9.0,1.0,1,,,81.477,2025,Spain
0 days 01:08:50.941000,ANT,7.0,0 days 00:01:21.707000,SOFT,10.0,1.0,1,,,81.707,2025,Spain
0 days 01:10:12.798000,ANT,8.0,0 days 00:01:21.857000,SOFT,11.0,1.0,1,,,81.857,2025,Spain
0 days 01:11:34.542000,ANT,9.0,0 days 00:01:21.744000,SOFT,12.0,1.0,1,,,81.744,2025,Spain
0 days 01:12:56.533000,ANT,10.0,0 days 00:01:21.991000,SOFT,13.0,1.0,1,,,81.991,2025,Spain
0 days 01:14:18.554000,ANT,11.0,0 days 00:01:22.021000,SOFT,14.0,1.0,1,,,82.021,2025,Spain
0 days 01:15:40.290000,ANT,12.0,0 days 00:01:21.736000,SOFT,15.0,1.0,1,,,81.736,2025,Spain
0 days 01:17:02.135000,ANT,13.0,0 days 00:01:21.845000,SOFT,16.0,1.0,1,,,81.845,2025,Spain
0 days 01:18:24.448000,ANT,14.0,0 days 00:01:22.313000,SOFT,17.0,1.0,1,,,82.313,2025,Spain
0 days 01:19:46.629000,ANT,15.0,0 days 00:01:22.181000,SOFT,18.0,1.0,1,,,82.181,2025,Spain
0 days 01:21:08.528000,ANT,16.0,0 days 00:01:21.899000,SOFT,19.0,1.0,1,,,81.899,2025,Spain
0 days 01:22:30.745000,ANT,17.0,0 days 00:01:22.217000,SOFT,20.0,1.0,1,,,82.217,2025,Spain
0 days 01:23:53.186000,ANT,18.0,0 days 00:01:22.441000,SOFT,21.0,1.0,1,,,82.441,2025,Spain
0 days 01:25:15.446000,ANT,19.0,0 days 00:01:22.260000,SOFT,22.0,1.0,1,,,82.26,2025,Spain
0 days 01:26:37.986000,ANT,20.0,0 days 00:01:22.540000,SOFT,23.0,1.0,1,,,82.54,2025,Spain
0 days 01:28:04.731000,ANT,21.0,0 days 00:01:26.745000,SOFT,24.0,1.0,1,0 days 01:28:01.961000,,86.745,2025,Spain
0 days 01:29:44.416000,ANT,22.0,0 days 00:01:39.685000,MEDIUM,1.0,2.0,1,,0 days 01:28:24.319000,99.685,2025,Spain
0 days 01:31:06.066000,ANT,23.0,0 days 00:01:21.650000,MEDIUM,2.0,2.0,1,,,81.65,2025,Spain
0 days 01:32:26.573000,ANT,24.0,0 days 00:01:20.507000,MEDIUM,3.0,2.0,1,,,80.507,2025,Spain
0 days 01:33:47.467000,ANT,25.0,0 days 00:01:20.894000,MEDIUM,4.0,2.0,1,,,80.894,2025,Spain
0 days 01:35:08.241000,ANT,26.0,0 days 00:01:20.774000,MEDIUM,5.0,2.0,1,,,80.774,2025,Spain
0 days 01:36:28.937000,ANT,27.0,0 days 00:01:20.696000,MEDIUM,6.0,2.0,1,,,80.696,2025,Spain
0 days 01:37:49.422000,ANT,28.0,0 days 00:01:20.485000,MEDIUM,7.0,2.0,1,,,80.485,2025,Spain
0 days 01:39:09.940000,ANT,29.0,0 days 00:01:20.518000,MEDIUM,8.0,2.0,1,,,80.518,2025,Spain
0 days 01:40:30.335000,ANT,30.0,0 days 00:01:20.395000,MEDIUM,9.0,2.0,1,,,80.395,2025,Spain
0 days 01:41:50.864000,ANT,31.0,0 days 00:01:20.529000,MEDIUM,10.0,2.0,1,,,80.529,2025,Spain
0 days 01:43:11.339000,ANT,32.0,0 days 00:01:20.475000,MEDIUM,11.0,2.0,1,,,80.475,2025,Spain
0 days 01:44:31.888000,ANT,33.0,0 days 00:01:20.549000,MEDIUM,12.0,2.0,1,,,80.549,2025,Spain
0 days 01:45:52.812000,ANT,34.0,0 days 00:01:20.924000,MEDIUM,13.0,2.0,1,,,80.924,2025,Spain
0 days 01:47:13.540000,ANT,35.0,0 days 00:01:20.728000,MEDIUM,14.0,2.0,1,,,80.728,2025,Spain
0 days 01:48:34.270000,ANT,36.0,0 days 00:01:20.730000,MEDIUM,15.0,2.0,1,,,80.73,2025,Spain
0 days 01:49:55.022000,ANT,37.0,0 days 00:01:20.752000,MEDIUM,16.0,2.0,1,,,80.752,2025,Spain
0 days 01:51:15.603000,ANT,38.0,0 days 00:01:20.581000,MEDIUM,17.0,2.0,1,,,80.581,2025,Spain
0 days 01:52:35.974000,ANT,39.0,0 days 00:01:20.371000,MEDIUM,18.0,2.0,1,,,80.371,2025,Spain
0 days 01:53:56.430000,ANT,40.0,0 days 00:01:20.456000,MEDIUM,19.0,2.0,1,,,80.456,2025,Spain
0 days 01:55:17.135000,ANT,41.0,0 days 00:01:20.705000,MEDIUM,20.0,2.0,1,,,80.705,2025,Spain
0 days 01:56:37.848000,ANT,42.0,0 days 00:01:20.713000,MEDIUM,21.0,2.0,1,,,80.713,2025,Spain
0 days 01:57:58.559000,ANT,43.0,0 days 00:01:20.711000,MEDIUM,22.0,2.0,1,,,80.711,2025,Spain
0 days 01:59:20.163000,ANT,44.0,0 days 00:01:21.604000,MEDIUM,23.0,2.0,1,,,81.604,2025,Spain
0 days 02:00:41.452000,ANT,45.0,0 days 00:01:21.289000,MEDIUM,24.0,2.0,1,,,81.289,2025,Spain
0 days 02:02:02.393000,ANT,46.0,0 days 00:01:20.941000,MEDIUM,25.0,2.0,1,,,80.941,2025,Spain
0 days 02:03:23.015000,ANT,47.0,0 days 00:01:20.622000,MEDIUM,26.0,2.0,1,,,80.622,2025,Spain
0 days 02:04:43.449000,ANT,48.0,0 days 00:01:20.434000,MEDIUM,27.0,2.0,1,,,80.434,2025,Spain
0 days 02:06:07.660000,ANT,49.0,0 days 00:01:24.211000,MEDIUM,28.0,2.0,1,0 days 02:06:04.932000,,84.211,2025,Spain
0 days 02:07:47.957000,ANT,50.0,0 days 00:01:40.297000,SOFT,4.0,3.0,1,,0 days 02:06:28.379000,100.297,2025,Spain
0 days 02:09:06.285000,ANT,51.0,0 days 00:01:18.328000,SOFT,5.0,3.0,1,,,78.328,2025,Spain
0 days 02:10:24.540000,ANT,52.0,0 days 00:01:18.255000,SOFT,6.0,3.0,1,,,78.255,2025,Spain
0 days 02:11:43.580000,ANT,53.0,0 days 00:01:19.040000,SOFT,7.0,3.0,1,,,79.04,2025,Spain
0 days 02:14:13.580000,ANT,54.0,,SOFT,8.0,3.0,124,,,,2025,Spain
0 days 01:00:42.409000,ALO,1.0,0 days 00:01:28.761000,SOFT,3.0,1.0,1,,,88.761,2025,Spain
0 days 01:02:05.796000,ALO,2.0,0 days 00:01:23.387000,SOFT,4.0,1.0,1,,,83.387,2025,Spain
0 days 01:03:28.220000,ALO,3.0,0 days 00:01:22.424000,SOFT,5.0,1.0,1,,,82.424,2025,Spain
0 days 01:04:50.185000,ALO,4.0,0 days 00:01:21.965000,SOFT,6.0,1.0,1,,,81.965,2025,Spain
0 days 01:06:12.073000,ALO,5.0,0 days 00:01:21.888000,SOFT,7.0,1.0,1,,,81.888,2025,Spain
0 days 01:07:33.743000,ALO,6.0,0 days 00:01:21.670000,SOFT,8.0,1.0,1,,,81.67,2025,Spain
0 days 01:08:55.990000,ALO,7.0,0 days 00:01:22.247000,SOFT,9.0,1.0,1,,,82.247,2025,Spain
0 days 01:10:18.411000,ALO,8.0,0 days 00:01:22.421000,SOFT,10.0,1.0,1,,,82.421,2025,Spain
0 days 01:11:40.909000,ALO,9.0,0 days 00:01:22.498000,SOFT,11.0,1.0,1,,,82.498,2025,Spain
0 days 01:13:03.222000,ALO,10.0,0 days 00:01:22.313000,SOFT,12.0,1.0,1,,,82.313,2025,Spain
0 days 01:14:25.526000,ALO,11.0,0 days 00:01:22.304000,SOFT,13.0,1.0,1,,,82.304,2025,Spain
0 days 01:15:47.995000,ALO,12.0,0 days 00:01:22.469000,SOFT,14.0,1.0,1,,,82.469,2025,Spain
0 days 01:17:18.660000,ALO,13.0,0 days 00:01:30.665000,SOFT,15.0,1.0,1,,,90.665,2025,Spain
0 days 01:18:42.679000,ALO,14.0,0 days 00:01:24.019000,SOFT,16.0,1.0,1,,,84.019,2025,Spain
0 days 01:20:10.637000,ALO,15.0,0 days 00:01:27.958000,SOFT,17.0,1.0,1,0 days 01:20:07.865000,,87.958,2025,Spain
0 days 01:21:50.924000,ALO,16.0,0 days 00:01:40.287000,MEDIUM,2.0,2.0,1,,0 days 01:20:31.020000,100.287,2025,Spain
0 days 01:23:11.378000,ALO,17.0,0 days 00:01:20.454000,MEDIUM,3.0,2.0,1,,,80.454,2025,Spain
0 days 01:24:32.403000,ALO,18.0,0 days 00:01:21.025000,MEDIUM,4.0,2.0,1,,,81.025,2025,Spain
0 days 01:25:53.436000,ALO,19.0,0 days 00:01:21.033000,MEDIUM,5.0,2.0,1,,,81.033,2025,Spain
0 days 01:27:14.294000,ALO,20.0,0 days 00:01:20.858000,MEDIUM,6.0,2.0,1,,,80.858,2025,Spain
0 days 01:28:35.253000,ALO,21.0,0 days 00:01:20.959000,MEDIUM,7.0,2.0,1,,,80.959,2025,Spain
0 days 01:29:56.842000,ALO,22.0,0 days 00:01:21.589000,MEDIUM,8.0,2.0,1,,,81.589,2025,Spain
0 days 01:31:18.458000,ALO,23.0,0 days 00:01:21.616000,MEDIUM,9.0,2.0,1,,,81.616,2025,Spain
0 days 01:32:41.328000,ALO,24.0,0 days 00:01:22.870000,MEDIUM,10.0,2.0,1,,,82.87,2025,Spain
0 days 01:34:03.055000,ALO,25.0,0 days 00:01:21.727000,MEDIUM,11.0,2.0,1,,,81.727,2025,Spain
0 days 01:35:24.474000,ALO,26.0,0 days 00:01:21.419000,MEDIUM,12.0,2.0,1,,,81.419,2025,Spain
0 days 01:36:45.868000,ALO,27.0,0 days 00:01:21.394000,MEDIUM,13.0,2.0,1,,,81.394,2025,Spain
0 days 01:38:07.298000,ALO,28.0,0 days 00:01:21.430000,MEDIUM,14.0,2.0,1,,,81.43,2025,Spain
0 days 01:39:28.803000,ALO,29.0,0 days 00:01:21.505000,MEDIUM,15.0,2.0,1,,,81.505,2025,Spain
0 days 01:40:50.253000,ALO,30.0,0 days 00:01:21.450000,MEDIUM,16.0,2.0,1,,,81.45,2025,Spain
0 days 01:42:12.449000,ALO,31.0,0 days 00:01:22.196000,MEDIUM,17.0,2.0,1,,,82.196,2025,Spain
0 days 01:43:34.836000,ALO,32.0,0 days 00:01:22.387000,MEDIUM,18.0,2.0,1,,,82.387,2025,Spain
0 days 01:44:56.754000,ALO,33.0,0 days 00:01:21.918000,MEDIUM,19.0,2.0,1,,,81.918,2025,Spain
0 days 01:46:18.761000,ALO,34.0,0 days 00:01:22.007000,MEDIUM,20.0,2.0,1,,,82.007,2025,Spain
0 days 01:47:40.979000,ALO,35.0,0 days 00:01:22.218000,MEDIUM,21.0,2.0,1,,,82.218,2025,Spain
0 days 01:49:02.197000,ALO,36.0,0 days 00:01:21.218000,MEDIUM,22.0,2.0,1,,,81.218,2025,Spain
0 days 01:50:23.697000,ALO,37.0,0 days 00:01:21.500000,MEDIUM,23.0,2.0,1,,,81.5,2025,Spain
0 days 01:51:45.323000,ALO,38.0,0 days 00:01:21.626000,MEDIUM,24.0,2.0,1,,,81.626,2025,Spain
0 days 01:53:07.040000,ALO,39.0,0 days 00:01:21.717000,MEDIUM,25.0,2.0,1,,,81.717,2025,Spain
0 days 01:54:28.743000,ALO,40.0,0 days 00:01:21.703000,MEDIUM,26.0,2.0,1,,,81.703,2025,Spain
0 days 01:55:50.723000,ALO,41.0,0 days 00:01:21.980000,MEDIUM,27.0,2.0,1,,,81.98,2025,Spain
0 days 01:57:16.190000,ALO,42.0,0 days 00:01:25.467000,MEDIUM,28.0,2.0,1,0 days 01:57:13.431000,,85.467,2025,Spain
0 days 01:58:54.709000,ALO,43.0,0 days 00:01:38.519000,SOFT,4.0,3.0,1,,0 days 01:57:35.784000,98.519,2025,Spain
0 days 02:00:13.706000,ALO,44.0,0 days 00:01:18.997000,SOFT,5.0,3.0,1,,,78.997,2025,Spain
0 days 02:01:33.413000,ALO,45.0,0 days 00:01:19.707000,SOFT,6.0,3.0,1,,,79.707,2025,Spain
0 days 02:02:53.116000,ALO,46.0,0 days 00:01:19.703000,SOFT,7.0,3.0,1,,,79.703,2025,Spain
0 days 02:04:12.703000,ALO,47.0,0 days 00:01:19.587000,SOFT,8.0,3.0,1,,,79.587,2025,Spain
0 days 02:05:32.634000,ALO,48.0,0 days 00:01:19.931000,SOFT,9.0,3.0,1,,,79.931,2025,Spain
0 days 02:06:54.405000,ALO,49.0,0 days 00:01:21.771000,SOFT,10.0,3.0,1,,,81.771,2025,Spain
0 days 02:08:15.783000,ALO,50.0,0 days 00:01:21.378000,SOFT,11.0,3.0,1,,,81.378,2025,Spain
0 days 02:09:37.912000,ALO,51.0,0 days 00:01:22.129000,SOFT,12.0,3.0,1,,,82.129,2025,Spain
0 days 02:10:58.144000,ALO,52.0,0 days 00:01:20.232000,SOFT,13.0,3.0,1,,,80.232,2025,Spain
0 days 02:12:18.281000,ALO,53.0,0 days 00:01:20.137000,SOFT,14.0,3.0,1,,,80.137,2025,Spain
0 days 02:13:55.669000,ALO,54.0,0 days 00:01:37.388000,SOFT,15.0,3.0,124,0 days 02:13:53.176000,,97.388,2025,Spain
0 days 02:16:14.369000,ALO,55.0,0 days 00:02:18.700000,SOFT,4.0,4.0,4,,0 days 02:14:15.132000,138.7,2025,Spain
0 days 02:18:21.750000,ALO,56.0,0 days 00:02:07.381000,SOFT,5.0,4.0,4,,,127.381,2025,Spain
0 days 02:20:17.157000,ALO,57.0,0 days 00:01:55.407000,SOFT,6.0,4.0,4,,,115.407,2025,Spain
0 days 02:21:40.817000,ALO,58.0,0 days 00:01:23.660000,SOFT,7.0,4.0,4,,,83.66,2025,Spain
0 days 02:23:02.044000,ALO,59.0,0 days 00:01:21.227000,SOFT,8.0,4.0,4,,,81.227,2025,Spain
0 days 02:24:36.828000,ALO,60.0,0 days 00:01:34.784000,SOFT,9.0,4.0,41,,,94.784,2025,Spain
0 days 02:25:57.466000,ALO,61.0,0 days 00:01:20.638000,SOFT,10.0,4.0,1,,,80.638,2025,Spain
0 days 02:27:17.016000,ALO,62.0,0 days 00:01:19.550000,SOFT,11.0,4.0,1,,,79.55,2025,Spain
0 days 02:28:36.902000,ALO,63.0,0 days 00:01:19.886000,SOFT,12.0,4.0,1,,,79.886,2025,Spain
0 days 02:29:55.965000,ALO,64.0,0 days 00:01:19.063000,SOFT,13.0,4.0,1,,,79.063,2025,Spain
0 days 02:31:14.459000,ALO,65.0,0 days 00:01:18.494000,SOFT,14.0,4.0,1,,,78.494,2025,Spain
0 days 02:32:32.587000,ALO,66.0,0 days 00:01:18.128000,SOFT,15.0,4.0,1,,,78.128,2025,Spain
0 days 01:00:39.923000,LEC,1.0,0 days 00:01:26.275000,SOFT,2.0,1.0,1,,,86.275,2025,Spain
0 days 01:02:01.344000,LEC,2.0,0 days 00:01:21.421000,SOFT,3.0,1.0,1,,,81.421,2025,Spain
0 days 01:03:22.153000,LEC,3.0,0 days 00:01:20.809000,SOFT,4.0,1.0,1,,,80.809,2025,Spain
0 days 01:04:42.878000,LEC,4.0,0 days 00:01:20.725000,SOFT,5.0,1.0,1,,,80.725,2025,Spain
0 days 01:06:03.628000,LEC,5.0,0 days 00:01:20.750000,SOFT,6.0,1.0,1,,,80.75,2025,Spain
0 days 01:07:24.996000,LEC,6.0,0 days 00:01:21.368000,SOFT,7.0,1.0,1,,,81.368,2025,Spain
0 days 01:08:46.718000,LEC,7.0,0 days 00:01:21.722000,SOFT,8.0,1.0,1,,,81.722,2025,Spain
0 days 01:10:08.559000,LEC,8.0,0 days 00:01:21.841000,SOFT,9.0,1.0,1,,,81.841,2025,Spain
0 days 01:11:30.686000,LEC,9.0,0 days 00:01:22.127000,SOFT,10.0,1.0,1,,,82.127,2025,Spain
0 days 01:12:51.714000,LEC,10.0,0 days 00:01:21.028000,SOFT,11.0,1.0,1,,,81.028,2025,Spain
0 days 01:14:12.718000,LEC,11.0,0 days 00:01:21.004000,SOFT,12.0,1.0,1,,,81.004,2025,Spain
0 days 01:15:33.804000,LEC,12.0,0 days 00:01:21.086000,SOFT,13.0,1.0,1,,,81.086,2025,Spain
0 days 01:16:55.210000,LEC,13.0,0 days 00:01:21.406000,SOFT,14.0,1.0,1,,,81.406,2025,Spain
0 days 01:18:16.551000,LEC,14.0,0 days 00:01:21.341000,SOFT,15.0,1.0,1,,,81.341,2025,Spain
0 days 01:19:38.251000,LEC,15.0,0 days 00:01:21.700000,SOFT,16.0,1.0,1,,,81.7,2025,Spain
0 days 01:20:59.732000,LEC,16.0,0 days 00:01:21.481000,SOFT,17.0,1.0,1,,,81.481,2025,Spain
0 days 01:22:24.885000,LEC,17.0,0 days 00:01:25.153000,SOFT,18.0,1.0,1,0 days 01:22:22.089000,,85.153,2025,Spain
0 days 01:24:04.056000,LEC,18.0,0 days 00:01:39.171000,MEDIUM,1.0,2.0,1,,0 days 01:22:46.677000,99.171,2025,Spain
0 days 01:25:24.641000,LEC,19.0,0 days 00:01:20.585000,MEDIUM,2.0,2.0,1,,,80.585,2025,Spain
0 days 01:26:45.416000,LEC,20.0,0 days 00:01:20.775000,MEDIUM,3.0,2.0,1,,,80.775,2025,Spain
0 days 01:28:05.523000,LEC,21.0,0 days 00:01:20.107000,MEDIUM,4.0,2.0,1,,,80.107,2025,Spain
0 days 01:29:25.441000,LEC,22.0,0 days 00:01:19.918000,MEDIUM,5.0,2.0,1,,,79.918,2025,Spain
0 days 01:30:44.908000,LEC,23.0,0 days 00:01:19.467000,MEDIUM,6.0,2.0,1,,,79.467,2025,Spain
0 days 01:32:04.486000,LEC,24.0,0 days 00:01:19.578000,MEDIUM,7.0,2.0,1,,,79.578,2025,Spain
0 days 01:33:24.097000,LEC,25.0,0 days 00:01:19.611000,MEDIUM,8.0,2.0,1,,,79.611,2025,Spain
0 days 01:34:44.080000,LEC,26.0,0 days 00:01:19.983000,MEDIUM,9.0,2.0,1,,,79.983,2025,Spain
0 days 01:36:04.061000,LEC,27.0,0 days 00:01:19.981000,MEDIUM,10.0,2.0,1,,,79.981,2025,Spain
0 days 01:37:24.122000,LEC,28.0,0 days 00:01:20.061000,MEDIUM,11.0,2.0,1,,,80.061,2025,Spain
0 days 01:38:44.101000,LEC,29.0,0 days 00:01:19.979000,MEDIUM,12.0,2.0,1,,,79.979,2025,Spain
0 days 01:40:04.189000,LEC,30.0,0 days 00:01:20.088000,MEDIUM,13.0,2.0,1,,,80.088,2025,Spain
0 days 01:41:24.274000,LEC,31.0,0 days 00:01:20.085000,MEDIUM,14.0,2.0,1,,,80.085,2025,Spain
0 days 01:42:44.281000,LEC,32.0,0 days 00:01:20.007000,MEDIUM,15.0,2.0,1,,,80.007,2025,Spain
0 days 01:44:04.521000,LEC,33.0,0 days 00:01:20.240000,MEDIUM,16.0,2.0,1,,,80.24,2025,Spain
0 days 01:45:24.859000,LEC,34.0,0 days 00:01:20.338000,MEDIUM,17.0,2.0,1,,,80.338,2025,Spain
0 days 01:46:45.258000,LEC,35.0,0 days 00:01:20.399000,MEDIUM,18.0,2.0,1,,,80.399,2025,Spain
0 days 01:48:06.417000,LEC,36.0,0 days 00:01:21.159000,MEDIUM,19.0,2.0,1,,,81.159,2025,Spain
0 days 01:49:27.528000,LEC,37.0,0 days 00:01:21.111000,MEDIUM,20.0,2.0,1,,,81.111,2025,Spain
0 days 01:50:48.353000,LEC,38.0,0 days 00:01:20.825000,MEDIUM,21.0,2.0,1,,,80.825,2025,Spain
0 days 01:52:09.265000,LEC,39.0,0 days 00:01:20.912000,MEDIUM,22.0,2.0,1,,,80.912,2025,Spain
0 days 01:53:35.021000,LEC,40.0,0 days 00:01:25.756000,MEDIUM,23.0,2.0,1,0 days 01:53:32.336000,,85.756,2025,Spain
0 days 01:55:13.585000,LEC,41.0,0 days 00:01:38.564000,MEDIUM,1.0,3.0,1,,0 days 01:53:54.134000,98.564,2025,Spain
0 days 01:56:32.939000,LEC,42.0,0 days 00:01:19.354000,MEDIUM,2.0,3.0,1,,,79.354,2025,Spain
0 days 01:57:52.509000,LEC,43.0,0 days 00:01:19.570000,MEDIUM,3.0,3.0,1,,,79.57,2025,Spain
0 days 01:59:11.830000,LEC,44.0,0 days 00:01:19.321000,MEDIUM,4.0,3.0,1,,,79.321,2025,Spain
0 days 02:00:31.011000,LEC,45.0,0 days 00:01:19.181000,MEDIUM,5.0,3.0,1,,,79.181,2025,Spain
0 days 02:01:50.888000,LEC,46.0,0 days 00:01:19.877000,MEDIUM,6.0,3.0,1,,,79.877,2025,Spain
0 days 02:03:10.694000,LEC,47.0,0 days 00:01:19.806000,MEDIUM,7.0,3.0,1,,,79.806,2025,Spain
0 days 02:04:29.998000,LEC,48.0,0 days 00:01:19.304000,MEDIUM,8.0,3.0,1,,,79.304,2025,Spain
0 days 02:05:49.733000,LEC,49.0,0 days 00:01:19.735000,MEDIUM,9.0,3.0,1,,,79.735,2025,Spain
0 days 02:07:09.430000,LEC,50.0,0 days 00:01:19.697000,MEDIUM,10.0,3.0,1,,,79.697,2025,Spain
0 days 02:08:29.245000,LEC,51.0,0 days 00:01:19.815000,MEDIUM,11.0,3.0,1,,,79.815,2025,Spain
0 days 02:09:49.076000,LEC,52.0,0 days 00:01:19.831000,MEDIUM,12.0,3.0,1,,,79.831,2025,Spain
0 days 02:11:08.750000,LEC,53.0,0 days 00:01:19.674000,MEDIUM,13.0,3.0,1,,,79.674,2025,Spain
0 days 02:12:28.576000,LEC,54.0,0 days 00:01:19.826000,MEDIUM,14.0,3.0,1,,,79.826,2025,Spain
0 days 02:14:10.507000,LEC,55.0,0 days 00:01:41.931000,MEDIUM,15.0,3.0,124,0 days 02:14:07.841000,,101.931,2025,Spain
0 days 02:16:18.355000,LEC,56.0,0 days 00:02:07.848000,SOFT,4.0,4.0,4,,0 days 02:14:30.183000,127.848,2025,Spain
0 days 02:18:25.623000,LEC,57.0,0 days 00:02:07.268000,SOFT,5.0,4.0,4,,,127.268,2025,Spain
0 days 02:20:29.389000,LEC,58.0,0 days 00:02:03.766000,SOFT,6.0,4.0,4,,,123.766,2025,Spain
0 days 02:22:32.326000,LEC,59.0,0 days 00:02:02.937000,SOFT,7.0,4.0,4,,,122.937,2025,Spain
0 days 02:24:33.152000,LEC,60.0,0 days 00:02:00.826000,SOFT,8.0,4.0,41,,,120.826,2025,Spain
0 days 02:25:50.699000,LEC,61.0,0 days 00:01:17.547000,SOFT,9.0,4.0,1,,,77.547,2025,Spain
0 days 02:27:07.958000,LEC,62.0,0 days 00:01:17.259000,SOFT,10.0,4.0,1,,,77.259,2025,Spain
0 days 02:28:25.567000,LEC,63.0,0 days 00:01:17.609000,SOFT,11.0,4.0,1,,,77.609,2025,Spain
0 days 02:29:43.697000,LEC,64.0,0 days 00:01:18.130000,SOFT,12.0,4.0,1,,,78.13,2025,Spain
0 days 02:31:02.341000,LEC,65.0,0 days 00:01:18.644000,SOFT,13.0,4.0,1,,,78.644,2025,Spain
0 days 02:32:21.478000,LEC,66.0,0 days 00:01:19.137000,SOFT,14.0,4.0,1,,,79.137,2025,Spain
0 days 01:00:47.262000,TSU,1.0,0 days 00:01:33.614000,MEDIUM,1.0,1.0,1,,0 days 00:59:23.884000,93.614,2025,Spain
0 days 01:02:10.744000,TSU,2.0,0 days 00:01:23.482000,MEDIUM,2.0,1.0,1,,,83.482,2025,Spain
0 days 01:03:33.749000,TSU,3.0,0 days 00:01:23.005000,MEDIUM,3.0,1.0,1,,,83.005,2025,Spain
0 days 01:04:56.334000,TSU,4.0,0 days 00:01:22.585000,MEDIUM,4.0,1.0,1,,,82.585,2025,Spain
0 days 01:06:18.583000,TSU,5.0,0 days 00:01:22.249000,MEDIUM,5.0,1.0,1,,,82.249,2025,Spain
0 days 01:07:41.443000,TSU,6.0,0 days 00:01:22.860000,MEDIUM,6.0,1.0,1,,,82.86,2025,Spain
0 days 01:09:04.393000,TSU,7.0,0 days 00:01:22.950000,MEDIUM,7.0,1.0,1,,,82.95,2025,Spain
0 days 01:10:31.410000,TSU,8.0,0 days 00:01:27.017000,MEDIUM,8.0,1.0,1,0 days 01:10:28.681000,,87.017,2025,Spain
0 days 01:12:10.388000,TSU,9.0,0 days 00:01:38.978000,SOFT,1.0,2.0,1,,0 days 01:10:50.536000,98.978,2025,Spain
0 days 01:13:30.276000,TSU,10.0,0 days 00:01:19.888000,SOFT,2.0,2.0,1,,,79.888,2025,Spain
0 days 01:14:50.921000,TSU,11.0,0 days 00:01:20.645000,SOFT,3.0,2.0,1,,,80.645,2025,Spain
0 days 01:16:12.495000,TSU,12.0,0 days 00:01:21.574000,SOFT,4.0,2.0,1,,,81.574,2025,Spain
0 days 01:17:34.428000,TSU,13.0,0 days 00:01:21.933000,SOFT,5.0,2.0,1,,,81.933,2025,Spain
0 days 01:18:56.315000,TSU,14.0,0 days 00:01:21.887000,SOFT,6.0,2.0,1,,,81.887,2025,Spain
0 days 01:20:18.030000,TSU,15.0,0 days 00:01:21.715000,SOFT,7.0,2.0,1,,,81.715,2025,Spain
0 days 01:21:39.596000,TSU,16.0,0 days 00:01:21.566000,SOFT,8.0,2.0,1,,,81.566,2025,Spain
0 days 01:23:01.539000,TSU,17.0,0 days 00:01:21.943000,SOFT,9.0,2.0,1,,,81.943,2025,Spain
0 days 01:24:23.530000,TSU,18.0,0 days 00:01:21.991000,SOFT,10.0,2.0,1,,,81.991,2025,Spain
0 days 01:25:45.746000,TSU,19.0,0 days 00:01:22.216000,SOFT,11.0,2.0,1,,,82.216,2025,Spain
0 days 01:27:08.672000,TSU,20.0,0 days 00:01:22.926000,SOFT,12.0,2.0,1,,,82.926,2025,Spain
0 days 01:28:31.168000,TSU,21.0,0 days 00:01:22.496000,SOFT,13.0,2.0,1,,,82.496,2025,Spain
0 days 01:29:53.421000,TSU,22.0,0 days 00:01:22.253000,SOFT,14.0,2.0,1,,,82.253,2025,Spain
0 days 01:31:15.873000,TSU,23.0,0 days 00:01:22.452000,SOFT,15.0,2.0,1,,,82.452,2025,Spain
0 days 01:32:41.921000,TSU,24.0,0 days 00:01:26.048000,SOFT,16.0,2.0,1,0 days 01:32:39.185000,,86.048,2025,Spain
0 days 01:34:20.575000,TSU,25.0,0 days 00:01:38.654000,SOFT,1.0,3.0,1,,0 days 01:33:01.328000,98.654,2025,Spain
0 days 01:35:40.767000,TSU,26.0,0 days 00:01:20.192000,SOFT,2.0,3.0,1,,,80.192,2025,Spain
0 days 01:37:01.148000,TSU,27.0,0 days 00:01:20.381000,SOFT,3.0,3.0,1,,,80.381,2025,Spain
0 days 01:38:22.274000,TSU,28.0,0 days 00:01:21.126000,SOFT,4.0,3.0,1,,,81.126,2025,Spain
0 days 01:39:42.654000,TSU,29.0,0 days 00:01:20.380000,SOFT,5.0,3.0,1,,,80.38,2025,Spain
0 days 01:41:02.883000,TSU,30.0,0 days 00:01:20.229000,SOFT,6.0,3.0,1,,,80.229,2025,Spain
0 days 01:42:23.561000,TSU,31.0,0 days 00:01:20.678000,SOFT,7.0,3.0,1,,,80.678,2025,Spain
0 days 01:43:44.367000,TSU,32.0,0 days 00:01:20.806000,SOFT,8.0,3.0,1,,,80.806,2025,Spain
0 days 01:45:05.316000,TSU,33.0,0 days 00:01:20.949000,SOFT,9.0,3.0,1,,,80.949,2025,Spain
0 days 01:46:27.190000,TSU,34.0,0 days 00:01:21.874000,SOFT,10.0,3.0,1,,,81.874,2025,Spain
0 days 01:47:48.642000,TSU,35.0,0 days 00:01:21.452000,SOFT,11.0,3.0,1,,,81.452,2025,Spain
0 days 01:49:09.990000,TSU,36.0,0 days 00:01:21.348000,SOFT,12.0,3.0,1,,,81.348,2025,Spain
0 days 01:50:31.345000,TSU,37.0,0 days 00:01:21.355000,SOFT,13.0,3.0,1,,,81.355,2025,Spain
0 days 01:51:52.325000,TSU,38.0,0 days 00:01:20.980000,SOFT,14.0,3.0,1,,,80.98,2025,Spain
0 days 01:53:13.407000,TSU,39.0,0 days 00:01:21.082000,SOFT,15.0,3.0,1,,,81.082,2025,Spain
0 days 01:54:34.389000,TSU,40.0,0 days 00:01:20.982000,SOFT,16.0,3.0,1,,,80.982,2025,Spain
0 days 01:55:57.248000,TSU,41.0,0 days 00:01:22.859000,SOFT,17.0,3.0,1,,,82.859,2025,Spain
0 days 01:57:20.098000,TSU,42.0,0 days 00:01:22.850000,SOFT,18.0,3.0,1,,,82.85,2025,Spain
0 days 01:58:41.531000,TSU,43.0,0 days 00:01:21.433000,SOFT,19.0,3.0,1,,,81.433,2025,Spain
0 days 02:00:08.993000,TSU,44.0,0 days 00:01:27.462000,SOFT,20.0,3.0,1,0 days 02:00:06.313000,,87.462,2025,Spain
0 days 02:01:47.213000,TSU,45.0,0 days 00:01:38.220000,SOFT,1.0,4.0,1,,0 days 02:00:28.123000,98.22,2025,Spain
0 days 02:03:05.211000,TSU,46.0,0 days 00:01:17.998000,SOFT,2.0,4.0,1,,,77.998,2025,Spain
0 days 02:04:25.420000,TSU,47.0,0 days 00:01:20.209000,SOFT,3.0,4.0,1,,,80.209,2025,Spain
0 days 02:05:44.918000,TSU,48.0,0 days 00:01:19.498000,SOFT,4.0,4.0,1,,,79.498,2025,Spain
0 days 02:07:04.051000,TSU,49.0,0 days 00:01:19.133000,SOFT,5.0,4.0,1,,,79.133,2025,Spain
0 days 02:08:23.351000,TSU,50.0,0 days 00:01:19.300000,SOFT,6.0,4.0,1,,,79.3,2025,Spain
0 days 02:09:43.305000,TSU,51.0,0 days 00:01:19.954000,SOFT,7.0,4.0,1,,,79.954,2025,Spain
0 days 02:11:03.403000,TSU,52.0,0 days 00:01:20.098000,SOFT,8.0,4.0,1,,,80.098,2025,Spain
0 days 02:12:23.121000,TSU,53.0,0 days 00:01:19.718000,SOFT,9.0,4.0,1,,,79.718,2025,Spain
0 days 02:14:03.296000,TSU,54.0,0 days 00:01:40.175000,SOFT,10.0,4.0,124,0 days 02:14:00.538000,,100.175,2025,Spain
0 days 02:16:16.968000,TSU,55.0,0 days 00:02:13.672000,SOFT,4.0,5.0,4,,0 days 02:14:22.796000,133.672,2025,Spain
0 days 02:18:24.256000,TSU,56.0,0 days 00:02:07.288000,SOFT,5.0,5.0,4,,,127.288,2025,Spain
0 days 02:20:19.577000,TSU,57.0,0 days 00:01:55.321000,SOFT,6.0,5.0,4,,,115.321,2025,Spain
0 days 02:21:42.328000,TSU,58.0,0 days 00:01:22.751000,SOFT,7.0,5.0,4,,,82.751,2025,Spain
0 days 02:23:04.895000,TSU,59.0,0 days 00:01:22.567000,SOFT,8.0,5.0,4,,,82.567,2025,Spain
0 days 02:24:38.012000,TSU,60.0,0 days 00:01:33.117000,SOFT,9.0,5.0,41,,,93.117,2025,Spain
0 days 02:25:59.372000,TSU,61.0,0 days 00:01:21.360000,SOFT,10.0,5.0,1,,,81.36,2025,Spain
0 days 02:27:19.768000,TSU,62.0,0 days 00:01:20.396000,SOFT,11.0,5.0,1,,,80.396,2025,Spain
0 days 02:28:40.018000,TSU,63.0,0 days 00:01:20.250000,SOFT,12.0,5.0,1,,,80.25,2025,Spain
0 days 02:29:59.544000,TSU,64.0,0 days 00:01:19.526000,SOFT,13.0,5.0,1,,,79.526,2025,Spain
0 days 02:31:19.735000,TSU,65.0,0 days 00:01:20.191000,SOFT,14.0,5.0,1,,,80.191,2025,Spain
0 days 02:32:39.845000,TSU,66.0,0 days 00:01:20.110000,SOFT,15.0,5.0,1,,,80.11,2025,Spain
0 days 01:00:44.032000,ALB,1.0,0 days 00:01:30.384000,SOFT,4.0,1.0,1,,,90.384,2025,Spain
0 days 01:02:07.735000,ALB,2.0,0 days 00:01:23.703000,SOFT,5.0,1.0,1,,,83.703,2025,Spain
0 days 01:03:30.320000,ALB,3.0,0 days 00:01:22.585000,SOFT,6.0,1.0,1,,,82.585,2025,Spain
0 days 01:04:52.447000,ALB,4.0,0 days 00:01:22.127000,SOFT,7.0,1.0,1,,,82.127,2025,Spain
0 days 01:06:14.984000,ALB,5.0,0 days 00:01:22.537000,SOFT,8.0,1.0,1,,,82.537,2025,Spain
0 days 01:07:41.268000,ALB,6.0,0 days 00:01:26.284000,SOFT,9.0,1.0,1,0 days 01:07:38.535000,,86.284,2025,Spain
0 days 01:09:28.908000,ALB,7.0,0 days 00:01:47.640000,SOFT,1.0,2.0,1,,0 days 01:08:09.328000,107.64,2025,Spain
0 days 01:10:49.451000,ALB,8.0,0 days 00:01:20.543000,SOFT,2.0,2.0,1,,,80.543,2025,Spain
0 days 01:12:09.959000,ALB,9.0,0 days 00:01:20.508000,SOFT,3.0,2.0,1,,,80.508,2025,Spain
0 days 01:13:31.421000,ALB,10.0,0 days 00:01:21.462000,SOFT,4.0,2.0,1,,,81.462,2025,Spain
0 days 01:14:52.432000,ALB,11.0,0 days 00:01:21.011000,SOFT,5.0,2.0,1,,,81.011,2025,Spain
0 days 01:16:14.311000,ALB,12.0,0 days 00:01:21.879000,SOFT,6.0,2.0,1,,,81.879,2025,Spain
0 days 01:17:36.243000,ALB,13.0,0 days 00:01:21.932000,SOFT,7.0,2.0,1,,,81.932,2025,Spain
0 days 01:18:58.036000,ALB,14.0,0 days 00:01:21.793000,SOFT,8.0,2.0,1,,,81.793,2025,Spain
0 days 01:20:19.774000,ALB,15.0,0 days 00:01:21.738000,SOFT,9.0,2.0,1,,,81.738,2025,Spain
0 days 01:21:41.557000,ALB,16.0,0 days 00:01:21.783000,SOFT,10.0,2.0,1,,,81.783,2025,Spain
0 days 01:23:03.206000,ALB,17.0,0 days 00:01:21.649000,SOFT,11.0,2.0,1,,,81.649,2025,Spain
0 days 01:24:25.166000,ALB,18.0,0 days 00:01:21.960000,SOFT,12.0,2.0,1,,,81.96,2025,Spain
0 days 01:25:47.129000,ALB,19.0,0 days 00:01:21.963000,SOFT,13.0,2.0,1,,,81.963,2025,Spain
0 days 01:27:09.475000,ALB,20.0,0 days 00:01:22.346000,SOFT,14.0,2.0,1,,,82.346,2025,Spain
0 days 01:28:31.915000,ALB,21.0,0 days 00:01:22.440000,SOFT,15.0,2.0,1,,,82.44,2025,Spain
0 days 01:29:54.303000,ALB,22.0,0 days 00:01:22.388000,SOFT,16.0,2.0,1,,,82.388,2025,Spain
0 days 01:31:16.825000,ALB,23.0,0 days 00:01:22.522000,SOFT,17.0,2.0,1,,,82.522,2025,Spain
0 days 01:32:40.302000,ALB,24.0,0 days 00:01:23.477000,SOFT,18.0,2.0,1,,,83.477,2025,Spain
0 days 01:34:04.709000,ALB,25.0,0 days 00:01:24.407000,SOFT,19.0,2.0,1,,,84.407,2025,Spain
0 days 01:35:34.577000,ALB,26.0,0 days 00:01:29.868000,SOFT,20.0,2.0,1,0 days 01:35:31.882000,,89.868,2025,Spain
0 days 01:37:36.796000,ALB,27.0,0 days 00:02:02.219000,SOFT,21.0,3.0,1,0 days 01:37:34.115000,0 days 01:36:09.501000,122.219,2025,Spain
0 days 01:00:42.549000,HUL,1.0,0 days 00:01:28.901000,SOFT,1.0,1.0,1,,,88.901,2025,Spain
0 days 01:02:05.361000,HUL,2.0,0 days 00:01:22.812000,SOFT,2.0,1.0,1,,,82.812,2025,Spain
0 days 01:03:27.499000,HUL,3.0,0 days 00:01:22.138000,SOFT,3.0,1.0,1,,,82.138,2025,Spain
0 days 01:04:49.255000,HUL,4.0,0 days 00:01:21.756000,SOFT,4.0,1.0,1,,,81.756,2025,Spain
0 days 01:06:10.965000,HUL,5.0,0 days 00:01:21.710000,SOFT,5.0,1.0,1,,,81.71,2025,Spain
0 days 01:07:32.705000,HUL,6.0,0 days 00:01:21.740000,SOFT,6.0,1.0,1,,,81.74,2025,Spain
0 days 01:08:55.020000,HUL,7.0,0 days 00:01:22.315000,SOFT,7.0,1.0,1,,,82.315,2025,Spain
0 days 01:10:17.283000,HUL,8.0,0 days 00:01:22.263000,SOFT,8.0,1.0,1,,,82.263,2025,Spain
0 days 01:11:43.134000,HUL,9.0,0 days 00:01:25.851000,SOFT,9.0,1.0,1,0 days 01:11:40.454000,,85.851,2025,Spain
0 days 01:13:22.029000,HUL,10.0,0 days 00:01:38.895000,MEDIUM,1.0,2.0,1,,0 days 01:12:02.768000,98.895,2025,Spain
0 days 01:14:43.492000,HUL,11.0,0 days 00:01:21.463000,MEDIUM,2.0,2.0,1,,,81.463,2025,Spain
0 days 01:16:05.277000,HUL,12.0,0 days 00:01:21.785000,MEDIUM,3.0,2.0,1,,,81.785,2025,Spain
0 days 01:17:28.178000,HUL,13.0,0 days 00:01:22.901000,MEDIUM,4.0,2.0,1,,,82.901,2025,Spain
0 days 01:18:50.785000,HUL,14.0,0 days 00:01:22.607000,MEDIUM,5.0,2.0,1,,,82.607,2025,Spain
0 days 01:20:12.585000,HUL,15.0,0 days 00:01:21.800000,MEDIUM,6.0,2.0,1,,,81.8,2025,Spain
0 days 01:21:34.134000,HUL,16.0,0 days 00:01:21.549000,MEDIUM,7.0,2.0,1,,,81.549,2025,Spain
0 days 01:22:55.963000,HUL,17.0,0 days 00:01:21.829000,MEDIUM,8.0,2.0,1,,,81.829,2025,Spain
0 days 01:24:18.062000,HUL,18.0,0 days 00:01:22.099000,MEDIUM,9.0,2.0,1,,,82.099,2025,Spain
0 days 01:25:40.365000,HUL,19.0,0 days 00:01:22.303000,MEDIUM,10.0,2.0,1,,,82.303,2025,Spain
0 days 01:27:02.029000,HUL,20.0,0 days 00:01:21.664000,MEDIUM,11.0,2.0,1,,,81.664,2025,Spain
0 days 01:28:23.744000,HUL,21.0,0 days 00:01:21.715000,MEDIUM,12.0,2.0,1,,,81.715,2025,Spain
0 days 01:29:46.103000,HUL,22.0,0 days 00:01:22.359000,MEDIUM,13.0,2.0,1,,,82.359,2025,Spain
0 days 01:31:07.864000,HUL,23.0,0 days 00:01:21.761000,MEDIUM,14.0,2.0,1,,,81.761,2025,Spain
0 days 01:32:31.298000,HUL,24.0,0 days 00:01:23.434000,MEDIUM,15.0,2.0,1,,,83.434,2025,Spain
0 days 01:33:53.405000,HUL,25.0,0 days 00:01:22.107000,MEDIUM,16.0,2.0,1,,,82.107,2025,Spain
0 days 01:35:15.142000,HUL,26.0,0 days 00:01:21.737000,MEDIUM,17.0,2.0,1,,,81.737,2025,Spain
0 days 01:36:36.696000,HUL,27.0,0 days 00:01:21.554000,MEDIUM,18.0,2.0,1,,,81.554,2025,Spain
0 days 01:37:57.405000,HUL,28.0,0 days 00:01:20.709000,MEDIUM,19.0,2.0,1,,,80.709,2025,Spain
0 days 01:39:18.749000,HUL,29.0,0 days 00:01:21.344000,MEDIUM,20.0,2.0,1,,,81.344,2025,Spain
0 days 01:40:39.944000,HUL,30.0,0 days 00:01:21.195000,MEDIUM,21.0,2.0,1,,,81.195,2025,Spain
0 days 01:42:01.104000,HUL,31.0,0 days 00:01:21.160000,MEDIUM,22.0,2.0,1,,,81.16,2025,Spain
0 days 01:43:23.042000,HUL,32.0,0 days 00:01:21.938000,MEDIUM,23.0,2.0,1,,,81.938,2025,Spain
0 days 01:44:44.456000,HUL,33.0,0 days 00:01:21.414000,MEDIUM,24.0,2.0,1,,,81.414,2025,Spain
0 days 01:46:06.066000,HUL,34.0,0 days 00:01:21.610000,MEDIUM,25.0,2.0,1,,,81.61,2025,Spain
0 days 01:47:27.472000,HUL,35.0,0 days 00:01:21.406000,MEDIUM,26.0,2.0,1,,,81.406,2025,Spain
0 days 01:48:48.597000,HUL,36.0,0 days 00:01:21.125000,MEDIUM,27.0,2.0,1,,,81.125,2025,Spain
0 days 01:50:09.862000,HUL,37.0,0 days 00:01:21.265000,MEDIUM,28.0,2.0,1,,,81.265,2025,Spain
0 days 01:51:31.364000,HUL,38.0,0 days 00:01:21.502000,MEDIUM,29.0,2.0,1,,,81.502,2025,Spain
0 days 01:52:52.752000,HUL,39.0,0 days 00:01:21.388000,MEDIUM,30.0,2.0,1,,,81.388,2025,Spain
0 days 01:54:14.266000,HUL,40.0,0 days 00:01:21.514000,MEDIUM,31.0,2.0,1,,,81.514,2025,Spain
0 days 01:55:35.396000,HUL,41.0,0 days 00:01:21.130000,MEDIUM,32.0,2.0,1,,,81.13,2025,Spain
0 days 01:56:56.750000,HUL,42.0,0 days 00:01:21.354000,MEDIUM,33.0,2.0,1,,,81.354,2025,Spain
0 days 01:58:18.433000,HUL,43.0,0 days 00:01:21.683000,MEDIUM,34.0,2.0,1,,,81.683,2025,Spain
0 days 01:59:40.525000,HUL,44.0,0 days 00:01:22.092000,MEDIUM,35.0,2.0,1,,,82.092,2025,Spain
0 days 02:01:06.114000,HUL,45.0,0 days 00:01:25.589000,MEDIUM,36.0,2.0,1,0 days 02:01:03.489000,,85.589,2025,Spain
0 days 02:02:45.266000,HUL,46.0,0 days 00:01:39.152000,SOFT,1.0,3.0,1,,0 days 02:01:25.408000,99.152,2025,Spain
0 days 02:04:06.077000,HUL,47.0,0 days 00:01:20.811000,SOFT,2.0,3.0,1,,,80.811,2025,Spain
0 days 02:05:26.882000,HUL,48.0,0 days 00:01:20.805000,SOFT,3.0,3.0,1,,,80.805,2025,Spain
0 days 02:06:47.581000,HUL,49.0,0 days 00:01:20.699000,SOFT,4.0,3.0,1,,,80.699,2025,Spain
0 days 02:08:07.375000,HUL,50.0,0 days 00:01:19.794000,SOFT,5.0,3.0,1,,,79.794,2025,Spain
0 days 02:09:27.311000,HUL,51.0,0 days 00:01:19.936000,SOFT,6.0,3.0,1,,,79.936,2025,Spain
0 days 02:10:47.298000,HUL,52.0,0 days 00:01:19.987000,SOFT,7.0,3.0,1,,,79.987,2025,Spain
0 days 02:12:08.431000,HUL,53.0,0 days 00:01:21.133000,SOFT,8.0,3.0,1,,,81.133,2025,Spain
0 days 02:13:41.246000,HUL,54.0,0 days 00:01:32.815000,SOFT,9.0,3.0,124,,,92.815,2025,Spain
0 days 02:15:30.721000,HUL,55.0,0 days 00:01:49.475000,SOFT,10.0,3.0,4,,,109.475,2025,Spain
0 days 02:17:04.470000,HUL,56.0,0 days 00:01:33.749000,SOFT,11.0,3.0,4,0 days 02:17:01.732000,,93.749,2025,Spain
0 days 02:18:54.366000,HUL,57.0,0 days 00:01:49.896000,SOFT,1.0,4.0,4,,0 days 02:17:23.773000,109.896,2025,Spain
0 days 02:20:33.415000,HUL,58.0,0 days 00:01:39.049000,SOFT,2.0,4.0,4,,,99.049,2025,Spain
0 days 02:22:37.709000,HUL,59.0,0 days 00:02:04.294000,SOFT,3.0,4.0,4,,,124.294,2025,Spain
0 days 02:24:34.624000,HUL,60.0,0 days 00:01:56.915000,SOFT,4.0,4.0,41,,,116.915,2025,Spain
0 days 02:25:53.647000,HUL,61.0,0 days 00:01:19.023000,SOFT,5.0,4.0,1,,,79.023,2025,Spain
0 days 02:27:11.929000,HUL,62.0,0 days 00:01:18.282000,SOFT,6.0,4.0,1,,,78.282,2025,Spain
0 days 02:28:29.504000,HUL,63.0,0 days 00:01:17.575000,SOFT,7.0,4.0,1,,,77.575,2025,Spain
0 days 02:29:48.119000,HUL,64.0,0 days 00:01:18.615000,SOFT,8.0,4.0,1,,,78.615,2025,Spain
0 days 02:31:06.175000,HUL,65.0,0 days 00:01:18.056000,SOFT,9.0,4.0,1,,,78.056,2025,Spain
0 days 02:32:24.671000,HUL,66.0,0 days 00:01:18.496000,SOFT,10.0,4.0,1,,,78.496,2025,Spain
0 days 01:00:43.601000,LAW,1.0,0 days 00:01:29.953000,SOFT,1.0,1.0,1,,,89.953,2025,Spain
0 days 01:02:06.821000,LAW,2.0,0 days 00:01:23.220000,SOFT,2.0,1.0,1,,,83.22,2025,Spain
0 days 01:03:29.455000,LAW,3.0,0 days 00:01:22.634000,SOFT,3.0,1.0,1,,,82.634,2025,Spain
0 days 01:04:51.486000,LAW,4.0,0 days 00:01:22.031000,SOFT,4.0,1.0,1,,,82.031,2025,Spain
0 days 01:06:13.909000,LAW,5.0,0 days 00:01:22.423000,SOFT,5.0,1.0,1,,,82.423,2025,Spain
0 days 01:07:36.046000,LAW,6.0,0 days 00:01:22.137000,SOFT,6.0,1.0,1,,,82.137,2025,Spain
0 days 01:08:58.741000,LAW,7.0,0 days 00:01:22.695000,SOFT,7.0,1.0,1,,,82.695,2025,Spain
0 days 01:10:21.671000,LAW,8.0,0 days 00:01:22.930000,SOFT,8.0,1.0,1,,,82.93,2025,Spain
0 days 01:11:44.909000,LAW,9.0,0 days 00:01:23.238000,SOFT,9.0,1.0,1,,,83.238,2025,Spain
0 days 01:13:07.609000,LAW,10.0,0 days 00:01:22.700000,SOFT,10.0,1.0,1,,,82.7,2025,Spain
0 days 01:14:30.094000,LAW,11.0,0 days 00:01:22.485000,SOFT,11.0,1.0,1,,,82.485,2025,Spain
0 days 01:15:52.922000,LAW,12.0,0 days 00:01:22.828000,SOFT,12.0,1.0,1,,,82.828,2025,Spain
0 days 01:17:15.199000,LAW,13.0,0 days 00:01:22.277000,SOFT,13.0,1.0,1,,,82.277,2025,Spain
0 days 01:18:37.391000,LAW,14.0,0 days 00:01:22.192000,SOFT,14.0,1.0,1,,,82.192,2025,Spain
0 days 01:19:59.359000,LAW,15.0,0 days 00:01:21.968000,SOFT,15.0,1.0,1,,,81.968,2025,Spain
0 days 01:21:21.326000,LAW,16.0,0 days 00:01:21.967000,SOFT,16.0,1.0,1,,,81.967,2025,Spain
0 days 01:22:43.634000,LAW,17.0,0 days 00:01:22.308000,SOFT,17.0,1.0,1,,,82.308,2025,Spain
0 days 01:24:11.080000,LAW,18.0,0 days 00:01:27.446000,SOFT,18.0,1.0,1,0 days 01:24:08.445000,,87.446,2025,Spain
0 days 01:25:51.123000,LAW,19.0,0 days 00:01:40.043000,MEDIUM,1.0,2.0,1,,0 days 01:24:30.391000,100.043,2025,Spain
0 days 01:27:12.467000,LAW,20.0,0 days 00:01:21.344000,MEDIUM,2.0,2.0,1,,,81.344,2025,Spain
0 days 01:28:33.654000,LAW,21.0,0 days 00:01:21.187000,MEDIUM,3.0,2.0,1,,,81.187,2025,Spain
0 days 01:29:55.374000,LAW,22.0,0 days 00:01:21.720000,MEDIUM,4.0,2.0,1,,,81.72,2025,Spain
0 days 01:31:17.228000,LAW,23.0,0 days 00:01:21.854000,MEDIUM,5.0,2.0,1,,,81.854,2025,Spain
0 days 01:32:40.759000,LAW,24.0,0 days 00:01:23.531000,MEDIUM,6.0,2.0,1,,,83.531,2025,Spain
0 days 01:34:01.530000,LAW,25.0,0 days 00:01:20.771000,MEDIUM,7.0,2.0,1,,,80.771,2025,Spain
0 days 01:35:22.543000,LAW,26.0,0 days 00:01:21.013000,MEDIUM,8.0,2.0,1,,,81.013,2025,Spain
0 days 01:36:43.903000,LAW,27.0,0 days 00:01:21.360000,MEDIUM,9.0,2.0,1,,,81.36,2025,Spain
0 days 01:38:05.392000,LAW,28.0,0 days 00:01:21.489000,MEDIUM,10.0,2.0,1,,,81.489,2025,Spain
0 days 01:39:26.886000,LAW,29.0,0 days 00:01:21.494000,MEDIUM,11.0,2.0,1,,,81.494,2025,Spain
0 days 01:40:48.359000,LAW,30.0,0 days 00:01:21.473000,MEDIUM,12.0,2.0,1,,,81.473,2025,Spain
0 days 01:42:11.434000,LAW,31.0,0 days 00:01:23.075000,MEDIUM,13.0,2.0,1,,,83.075,2025,Spain
0 days 01:43:33.827000,LAW,32.0,0 days 00:01:22.393000,MEDIUM,14.0,2.0,1,,,82.393,2025,Spain
0 days 01:44:55.543000,LAW,33.0,0 days 00:01:21.716000,MEDIUM,15.0,2.0,1,,,81.716,2025,Spain
0 days 01:46:16.930000,LAW,34.0,0 days 00:01:21.387000,MEDIUM,16.0,2.0,1,,,81.387,2025,Spain
0 days 01:47:37.973000,LAW,35.0,0 days 00:01:21.043000,MEDIUM,17.0,2.0,1,,,81.043,2025,Spain
0 days 01:48:59.440000,LAW,36.0,0 days 00:01:21.467000,MEDIUM,18.0,2.0,1,,,81.467,2025,Spain
0 days 01:50:20.824000,LAW,37.0,0 days 00:01:21.384000,MEDIUM,19.0,2.0,1,,,81.384,2025,Spain
0 days 01:51:42.026000,LAW,38.0,0 days 00:01:21.202000,MEDIUM,20.0,2.0,1,,,81.202,2025,Spain
0 days 01:53:03.169000,LAW,39.0,0 days 00:01:21.143000,MEDIUM,21.0,2.0,1,,,81.143,2025,Spain
0 days 01:54:24.490000,LAW,40.0,0 days 00:01:21.321000,MEDIUM,22.0,2.0,1,,,81.321,2025,Spain
0 days 01:55:45.890000,LAW,41.0,0 days 00:01:21.400000,MEDIUM,23.0,2.0,1,,,81.4,2025,Spain
0 days 01:57:06.926000,LAW,42.0,0 days 00:01:21.036000,MEDIUM,24.0,2.0,1,,,81.036,2025,Spain
0 days 01:58:28.036000,LAW,43.0,0 days 00:01:21.110000,MEDIUM,25.0,2.0,1,,,81.11,2025,Spain
0 days 01:59:52.746000,LAW,44.0,0 days 00:01:24.710000,MEDIUM,26.0,2.0,1,0 days 01:59:50.122000,,84.71,2025,Spain
0 days 02:01:32.364000,LAW,45.0,0 days 00:01:39.618000,SOFT,4.0,3.0,1,,0 days 02:00:12.093000,99.618,2025,Spain
0 days 02:02:52.251000,LAW,46.0,0 days 00:01:19.887000,SOFT,5.0,3.0,1,,,79.887,2025,Spain
0 days 02:04:11.862000,LAW,47.0,0 days 00:01:19.611000,SOFT,6.0,3.0,1,,,79.611,2025,Spain
0 days 02:05:31.722000,LAW,48.0,0 days 00:01:19.860000,SOFT,7.0,3.0,1,,,79.86,2025,Spain
0 days 02:06:52.506000,LAW,49.0,0 days 00:01:20.784000,SOFT,8.0,3.0,1,,,80.784,2025,Spain
0 days 02:08:14.397000,LAW,50.0,0 days 00:01:21.891000,SOFT,9.0,3.0,1,,,81.891,2025,Spain
0 days 02:09:37.371000,LAW,51.0,0 days 00:01:22.974000,SOFT,10.0,3.0,1,,,82.974,2025,Spain
0 days 02:10:57.176000,LAW,52.0,0 days 00:01:19.805000,SOFT,11.0,3.0,1,,,79.805,2025,Spain
0 days 02:12:17.162000,LAW,53.0,0 days 00:01:19.986000,SOFT,12.0,3.0,1,,,79.986,2025,Spain
0 days 02:13:52.426000,LAW,54.0,0 days 00:01:35.264000,SOFT,13.0,3.0,124,,,95.264,2025,Spain
0 days 02:16:08.104000,LAW,55.0,0 days 00:02:15.678000,SOFT,14.0,3.0,4,,,135.678,2025,Spain
0 days 02:18:14.265000,LAW,56.0,0 days 00:02:06.161000,SOFT,15.0,3.0,4,,,126.161,2025,Spain
0 days 02:20:14.142000,LAW,57.0,0 days 00:01:59.877000,SOFT,16.0,3.0,4,,,119.877,2025,Spain
0 days 02:21:38.304000,LAW,58.0,0 days 00:01:24.162000,SOFT,17.0,3.0,4,,,84.162,2025,Spain
0 days 02:22:59.548000,LAW,59.0,0 days 00:01:21.244000,SOFT,18.0,3.0,4,,,81.244,2025,Spain
0 days 02:24:35.774000,LAW,60.0,0 days 00:01:36.226000,SOFT,19.0,3.0,41,,,96.226,2025,Spain
0 days 02:25:56.495000,LAW,61.0,0 days 00:01:20.721000,SOFT,20.0,3.0,1,,,80.721,2025,Spain
0 days 02:27:15.919000,LAW,62.0,0 days 00:01:19.424000,SOFT,21.0,3.0,1,,,79.424,2025,Spain
0 days 02:28:35.806000,LAW,63.0,0 days 00:01:19.887000,SOFT,22.0,3.0,1,,,79.887,2025,Spain
0 days 02:29:55.640000,LAW,64.0,0 days 00:01:19.834000,SOFT,23.0,3.0,1,,,79.834,2025,Spain
0 days 02:31:16.540000,LAW,65.0,0 days 00:01:20.900000,SOFT,24.0,3.0,1,,,80.9,2025,Spain
0 days 02:32:36.555000,LAW,66.0,0 days 00:01:20.015000,SOFT,25.0,3.0,1,,,80.015,2025,Spain
0 days 01:00:44.876000,OCO,1.0,0 days 00:01:31.228000,SOFT,1.0,1.0,1,,,91.228,2025,Spain
0 days 01:02:08.691000,OCO,2.0,0 days 00:01:23.815000,SOFT,2.0,1.0,1,,,83.815,2025,Spain
0 days 01:03:31.327000,OCO,3.0,0 days 00:01:22.636000,SOFT,3.0,1.0,1,,,82.636,2025,Spain
0 days 01:04:53.700000,OCO,4.0,0 days 00:01:22.373000,SOFT,4.0,1.0,1,,,82.373,2025,Spain
0 days 01:06:16.184000,OCO,5.0,0 days 00:01:22.484000,SOFT,5.0,1.0,1,,,82.484,2025,Spain
0 days 01:07:38.770000,OCO,6.0,0 days 00:01:22.586000,SOFT,6.0,1.0,1,,,82.586,2025,Spain
0 days 01:09:01.050000,OCO,7.0,0 days 00:01:22.280000,SOFT,7.0,1.0,1,,,82.28,2025,Spain
0 days 01:10:23.693000,OCO,8.0,0 days 00:01:22.643000,SOFT,8.0,1.0,1,,,82.643,2025,Spain
0 days 01:11:46.507000,OCO,9.0,0 days 00:01:22.814000,SOFT,9.0,1.0,1,,,82.814,2025,Spain
0 days 01:13:09.340000,OCO,10.0,0 days 00:01:22.833000,SOFT,10.0,1.0,1,,,82.833,2025,Spain
0 days 01:14:32.110000,OCO,11.0,0 days 00:01:22.770000,SOFT,11.0,1.0,1,,,82.77,2025,Spain
0 days 01:15:55.026000,OCO,12.0,0 days 00:01:22.916000,SOFT,12.0,1.0,1,,,82.916,2025,Spain
0 days 01:17:19.089000,OCO,13.0,0 days 00:01:24.063000,SOFT,13.0,1.0,1,,,84.063,2025,Spain
0 days 01:18:43.477000,OCO,14.0,0 days 00:01:24.388000,SOFT,14.0,1.0,1,,,84.388,2025,Spain
0 days 01:20:07.067000,OCO,15.0,0 days 00:01:23.590000,SOFT,15.0,1.0,1,,,83.59,2025,Spain
0 days 01:21:29.424000,OCO,16.0,0 days 00:01:22.357000,SOFT,16.0,1.0,1,,,82.357,2025,Spain
0 days 01:22:52.688000,OCO,17.0,0 days 00:01:23.264000,SOFT,17.0,1.0,1,,,83.264,2025,Spain
0 days 01:24:15.728000,OCO,18.0,0 days 00:01:23.040000,SOFT,18.0,1.0,1,,,83.04,2025,Spain
0 days 01:25:40.073000,OCO,19.0,0 days 00:01:24.345000,SOFT,19.0,1.0,1,,,84.345,2025,Spain
0 days 01:27:08.150000,OCO,20.0,0 days 00:01:28.077000,SOFT,20.0,1.0,1,0 days 01:27:05.433000,,88.077,2025,Spain
0 days 01:28:48.131000,OCO,21.0,0 days 00:01:39.981000,MEDIUM,1.0,2.0,1,,0 days 01:27:28.106000,99.981,2025,Spain
0 days 01:30:08.684000,OCO,22.0,0 days 00:01:20.553000,MEDIUM,2.0,2.0,1,,,80.553,2025,Spain
0 days 01:31:29.477000,OCO,23.0,0 days 00:01:20.793000,MEDIUM,3.0,2.0,1,,,80.793,2025,Spain
0 days 01:32:50.502000,OCO,24.0,0 days 00:01:21.025000,MEDIUM,4.0,2.0,1,,,81.025,2025,Spain
0 days 01:34:13.058000,OCO,25.0,0 days 00:01:22.556000,MEDIUM,5.0,2.0,1,,,82.556,2025,Spain
0 days 01:35:34.297000,OCO,26.0,0 days 00:01:21.239000,MEDIUM,6.0,2.0,1,,,81.239,2025,Spain
0 days 01:36:55.545000,OCO,27.0,0 days 00:01:21.248000,MEDIUM,7.0,2.0,1,,,81.248,2025,Spain
0 days 01:38:16.504000,OCO,28.0,0 days 00:01:20.959000,MEDIUM,8.0,2.0,1,,,80.959,2025,Spain
0 days 01:39:37.733000,OCO,29.0,0 days 00:01:21.229000,MEDIUM,9.0,2.0,1,,,81.229,2025,Spain
0 days 01:40:58.855000,OCO,30.0,0 days 00:01:21.122000,MEDIUM,10.0,2.0,1,,,81.122,2025,Spain
0 days 01:42:20.547000,OCO,31.0,0 days 00:01:21.692000,MEDIUM,11.0,2.0,1,,,81.692,2025,Spain
0 days 01:43:42.164000,OCO,32.0,0 days 00:01:21.617000,MEDIUM,12.0,2.0,1,,,81.617,2025,Spain
0 days 01:45:03.764000,OCO,33.0,0 days 00:01:21.600000,MEDIUM,13.0,2.0,1,,,81.6,2025,Spain
0 days 01:46:26.421000,OCO,34.0,0 days 00:01:22.657000,MEDIUM,14.0,2.0,1,,,82.657,2025,Spain
0 days 01:47:47.887000,OCO,35.0,0 days 00:01:21.466000,MEDIUM,15.0,2.0,1,,,81.466,2025,Spain
0 days 01:49:09.198000,OCO,36.0,0 days 00:01:21.311000,MEDIUM,16.0,2.0,1,,,81.311,2025,Spain
0 days 01:50:30.678000,OCO,37.0,0 days 00:01:21.480000,MEDIUM,17.0,2.0,1,,,81.48,2025,Spain
0 days 01:51:53.510000,OCO,38.0,0 days 00:01:22.832000,MEDIUM,18.0,2.0,1,,,82.832,2025,Spain
0 days 01:53:16.600000,OCO,39.0,0 days 00:01:23.090000,MEDIUM,19.0,2.0,1,,,83.09,2025,Spain
0 days 01:54:39.404000,OCO,40.0,0 days 00:01:22.804000,MEDIUM,20.0,2.0,1,,,82.804,2025,Spain
0 days 01:56:00.618000,OCO,41.0,0 days 00:01:21.214000,MEDIUM,21.0,2.0,1,,,81.214,2025,Spain
0 days 01:57:22.306000,OCO,42.0,0 days 00:01:21.688000,MEDIUM,22.0,2.0,1,,,81.688,2025,Spain
0 days 01:58:47.860000,OCO,43.0,0 days 00:01:25.554000,MEDIUM,23.0,2.0,1,0 days 01:58:45.209000,,85.554,2025,Spain
0 days 02:00:26.028000,OCO,44.0,0 days 00:01:38.168000,MEDIUM,1.0,3.0,1,,0 days 01:59:07.689000,98.168,2025,Spain
0 days 02:01:46.280000,OCO,45.0,0 days 00:01:20.252000,MEDIUM,2.0,3.0,1,,,80.252,2025,Spain
0 days 02:03:04.904000,OCO,46.0,0 days 00:01:18.624000,MEDIUM,3.0,3.0,1,,,78.624,2025,Spain
0 days 02:04:26.322000,OCO,47.0,0 days 00:01:21.418000,MEDIUM,4.0,3.0,1,,,81.418,2025,Spain
0 days 02:05:45.862000,OCO,48.0,0 days 00:01:19.540000,MEDIUM,5.0,3.0,1,,,79.54,2025,Spain
0 days 02:07:05.156000,OCO,49.0,0 days 00:01:19.294000,MEDIUM,6.0,3.0,1,,,79.294,2025,Spain
0 days 02:08:24.705000,OCO,50.0,0 days 00:01:19.549000,MEDIUM,7.0,3.0,1,,,79.549,2025,Spain
0 days 02:09:44.531000,OCO,51.0,0 days 00:01:19.826000,MEDIUM,8.0,3.0,1,,,79.826,2025,Spain
0 days 02:11:04.428000,OCO,52.0,0 days 00:01:19.897000,MEDIUM,9.0,3.0,1,,,79.897,2025,Spain
0 days 02:12:24.378000,OCO,53.0,0 days 00:01:19.950000,MEDIUM,10.0,3.0,1,,,79.95,2025,Spain
0 days 02:14:02.451000,OCO,54.0,0 days 00:01:38.073000,MEDIUM,11.0,3.0,124,,,98.073,2025,Spain
0 days 02:16:11.201000,OCO,55.0,0 days 00:02:08.750000,MEDIUM,12.0,3.0,4,,,128.75,2025,Spain
0 days 02:18:17.340000,OCO,56.0,0 days 00:02:06.139000,MEDIUM,13.0,3.0,4,,,126.139,2025,Spain
0 days 02:20:15.398000,OCO,57.0,0 days 00:01:58.058000,MEDIUM,14.0,3.0,4,,,118.058,2025,Spain
0 days 02:21:39.064000,OCO,58.0,0 days 00:01:23.666000,MEDIUM,15.0,3.0,4,,,83.666,2025,Spain
0 days 02:23:00.296000,OCO,59.0,0 days 00:01:21.232000,MEDIUM,16.0,3.0,4,,,81.232,2025,Spain
0 days 02:24:36.342000,OCO,60.0,0 days 00:01:36.046000,MEDIUM,17.0,3.0,41,,,96.046,2025,Spain
0 days 02:25:58.458000,OCO,61.0,0 days 00:01:22.116000,MEDIUM,18.0,3.0,1,,,82.116,2025,Spain
0 days 02:27:18.622000,OCO,62.0,0 days 00:01:20.164000,MEDIUM,19.0,3.0,1,,,80.164,2025,Spain
0 days 02:28:39.403000,OCO,63.0,0 days 00:01:20.781000,MEDIUM,20.0,3.0,1,,,80.781,2025,Spain
0 days 02:30:00.574000,OCO,64.0,0 days 00:01:21.171000,MEDIUM,21.0,3.0,1,,,81.171,2025,Spain
0 days 02:31:22.019000,OCO,65.0,0 days 00:01:21.445000,MEDIUM,22.0,3.0,1,,,81.445,2025,Spain
0 days 02:32:43.220000,OCO,66.0,0 days 00:01:21.201000,MEDIUM,23.0,3.0,1,,,81.201,2025,Spain
0 days 01:00:38.306000,NOR,1.0,0 days 00:01:24.658000,SOFT,1.0,1.0,1,,,84.658,2025,Spain
0 days 01:01:59.210000,NOR,2.0,0 days 00:01:20.904000,SOFT,2.0,1.0,1,,,80.904,2025,Spain
0 days 01:03:19.900000,NOR,3.0,0 days 00:01:20.690000,SOFT,3.0,1.0,1,,,80.69,2025,Spain
0 days 01:04:40.700000,NOR,4.0,0 days 00:01:20.800000,SOFT,4.0,1.0,1,,,80.8,2025,Spain
0 days 01:06:01.344000,NOR,5.0,0 days 00:01:20.644000,SOFT,5.0,1.0,1,,,80.644,2025,Spain
0 days 01:07:22.057000,NOR,6.0,0 days 00:01:20.713000,SOFT,6.0,1.0,1,,,80.713,2025,Spain
0 days 01:08:42.894000,NOR,7.0,0 days 00:01:20.837000,SOFT,7.0,1.0,1,,,80.837,2025,Spain
0 days 01:10:03.796000,NOR,8.0,0 days 00:01:20.902000,SOFT,8.0,1.0,1,,,80.902,2025,Spain
0 days 01:11:24.746000,NOR,9.0,0 days 00:01:20.950000,SOFT,9.0,1.0,1,,,80.95,2025,Spain
0 days 01:12:45.675000,NOR,10.0,0 days 00:01:20.929000,SOFT,10.0,1.0,1,,,80.929,2025,Spain
0 days 01:14:06.634000,NOR,11.0,0 days 00:01:20.959000,SOFT,11.0,1.0,1,,,80.959,2025,Spain
0 days 01:15:28.095000,NOR,12.0,0 days 00:01:21.461000,SOFT,12.0,1.0,1,,,81.461,2025,Spain
0 days 01:16:48.626000,NOR,13.0,0 days 00:01:20.531000,SOFT,13.0,1.0,1,,,80.531,2025,Spain
0 days 01:18:09.284000,NOR,14.0,0 days 00:01:20.658000,SOFT,14.0,1.0,1,,,80.658,2025,Spain
0 days 01:19:30.210000,NOR,15.0,0 days 00:01:20.926000,SOFT,15.0,1.0,1,,,80.926,2025,Spain
0 days 01:20:50.876000,NOR,16.0,0 days 00:01:20.666000,SOFT,16.0,1.0,1,,,80.666,2025,Spain
0 days 01:22:11.722000,NOR,17.0,0 days 00:01:20.846000,SOFT,17.0,1.0,1,,,80.846,2025,Spain
0 days 01:23:32.640000,NOR,18.0,0 days 00:01:20.918000,SOFT,18.0,1.0,1,,,80.918,2025,Spain
0 days 01:24:53.729000,NOR,19.0,0 days 00:01:21.089000,SOFT,19.0,1.0,1,,,81.089,2025,Spain
0 days 01:26:15.307000,NOR,20.0,0 days 00:01:21.578000,SOFT,20.0,1.0,1,,,81.578,2025,Spain
0 days 01:27:40.924000,NOR,21.0,0 days 00:01:25.617000,SOFT,21.0,1.0,1,0 days 01:27:38.148000,,85.617,2025,Spain
0 days 01:29:20.011000,NOR,22.0,0 days 00:01:39.087000,MEDIUM,1.0,2.0,1,,0 days 01:28:00.659000,99.087,2025,Spain
0 days 01:30:39.855000,NOR,23.0,0 days 00:01:19.844000,MEDIUM,2.0,2.0,1,,,79.844,2025,Spain
0 days 01:31:59.696000,NOR,24.0,0 days 00:01:19.841000,MEDIUM,3.0,2.0,1,,,79.841,2025,Spain
0 days 01:33:19.613000,NOR,25.0,0 days 00:01:19.917000,MEDIUM,4.0,2.0,1,,,79.917,2025,Spain
0 days 01:34:39.525000,NOR,26.0,0 days 00:01:19.912000,MEDIUM,5.0,2.0,1,,,79.912,2025,Spain
0 days 01:35:59.493000,NOR,27.0,0 days 00:01:19.968000,MEDIUM,6.0,2.0,1,,,79.968,2025,Spain
0 days 01:37:19.292000,NOR,28.0,0 days 00:01:19.799000,MEDIUM,7.0,2.0,1,,,79.799,2025,Spain
0 days 01:38:39.308000,NOR,29.0,0 days 00:01:20.016000,MEDIUM,8.0,2.0,1,,,80.016,2025,Spain
0 days 01:39:59.297000,NOR,30.0,0 days 00:01:19.989000,MEDIUM,9.0,2.0,1,,,79.989,2025,Spain
0 days 01:41:19.615000,NOR,31.0,0 days 00:01:20.318000,MEDIUM,10.0,2.0,1,,,80.318,2025,Spain
0 days 01:42:39.681000,NOR,32.0,0 days 00:01:20.066000,MEDIUM,11.0,2.0,1,,,80.066,2025,Spain
0 days 01:43:59.583000,NOR,33.0,0 days 00:01:19.902000,MEDIUM,12.0,2.0,1,,,79.902,2025,Spain
0 days 01:45:19.496000,NOR,34.0,0 days 00:01:19.913000,MEDIUM,13.0,2.0,1,,,79.913,2025,Spain
0 days 01:46:39.350000,NOR,35.0,0 days 00:01:19.854000,MEDIUM,14.0,2.0,1,,,79.854,2025,Spain
0 days 01:47:58.962000,NOR,36.0,0 days 00:01:19.612000,MEDIUM,15.0,2.0,1,,,79.612,2025,Spain
0 days 01:49:18.612000,NOR,37.0,0 days 00:01:19.650000,MEDIUM,16.0,2.0,1,,,79.65,2025,Spain
0 days 01:50:38.713000,NOR,38.0,0 days 00:01:20.101000,MEDIUM,17.0,2.0,1,,,80.101,2025,Spain
0 days 01:51:58.162000,NOR,39.0,0 days 00:01:19.449000,MEDIUM,18.0,2.0,1,,,79.449,2025,Spain
0 days 01:53:18.013000,NOR,40.0,0 days 00:01:19.851000,MEDIUM,19.0,2.0,1,,,79.851,2025,Spain
0 days 01:54:38.581000,NOR,41.0,0 days 00:01:20.568000,MEDIUM,20.0,2.0,1,,,80.568,2025,Spain
0 days 01:55:58.522000,NOR,42.0,0 days 00:01:19.941000,MEDIUM,21.0,2.0,1,,,79.941,2025,Spain
0 days 01:57:18.346000,NOR,43.0,0 days 00:01:19.824000,MEDIUM,22.0,2.0,1,,,79.824,2025,Spain
0 days 01:58:38.330000,NOR,44.0,0 days 00:01:19.984000,MEDIUM,23.0,2.0,1,,,79.984,2025,Spain
0 days 01:59:58.756000,NOR,45.0,0 days 00:01:20.426000,MEDIUM,24.0,2.0,1,,,80.426,2025,Spain
0 days 02:01:18.783000,NOR,46.0,0 days 00:01:20.027000,MEDIUM,25.0,2.0,1,,,80.027,2025,Spain
0 days 02:02:38.865000,NOR,47.0,0 days 00:01:20.082000,MEDIUM,26.0,2.0,1,,,80.082,2025,Spain
0 days 02:04:02.864000,NOR,48.0,0 days 00:01:23.999000,MEDIUM,27.0,2.0,1,0 days 02:04:00.195000,,83.999,2025,Spain
0 days 02:05:39.264000,NOR,49.0,0 days 00:01:36.400000,SOFT,4.0,3.0,1,,0 days 02:04:22.068000,96.4,2025,Spain
0 days 02:06:56.568000,NOR,50.0,0 days 00:01:17.304000,SOFT,5.0,3.0,1,,,77.304,2025,Spain
0 days 02:08:14.883000,NOR,51.0,0 days 00:01:18.315000,SOFT,6.0,3.0,1,,,78.315,2025,Spain
0 days 02:09:33.917000,NOR,52.0,0 days 00:01:19.034000,SOFT,7.0,3.0,1,,,79.034,2025,Spain
0 days 02:10:52.262000,NOR,53.0,0 days 00:01:18.345000,SOFT,8.0,3.0,1,,,78.345,2025,Spain
0 days 02:12:10.376000,NOR,54.0,0 days 00:01:18.114000,SOFT,9.0,3.0,1,,,78.114,2025,Spain
0 days 02:13:43.573000,NOR,55.0,0 days 00:01:33.197000,SOFT,10.0,3.0,124,0 days 02:13:40.876000,,93.197,2025,Spain
0 days 02:16:10.270000,NOR,56.0,0 days 00:02:26.697000,SOFT,4.0,4.0,4,,0 days 02:14:04.496000,146.697,2025,Spain
0 days 02:18:16.250000,NOR,57.0,0 days 00:02:05.980000,SOFT,5.0,4.0,4,,,125.98,2025,Spain
0 days 02:20:26.507000,NOR,58.0,0 days 00:02:10.257000,SOFT,6.0,4.0,4,,,130.257,2025,Spain
0 days 02:22:29.789000,NOR,59.0,0 days 00:02:03.282000,SOFT,7.0,4.0,4,,,123.282,2025,Spain
0 days 02:24:32.490000,NOR,60.0,0 days 00:02:02.701000,SOFT,8.0,4.0,41,,,122.701,2025,Spain
0 days 02:25:48.677000,NOR,61.0,0 days 00:01:16.187000,SOFT,9.0,4.0,1,,,76.187,2025,Spain
0 days 02:27:04.891000,NOR,62.0,0 days 00:01:16.214000,SOFT,10.0,4.0,1,,,76.214,2025,Spain
0 days 02:28:21.607000,NOR,63.0,0 days 00:01:16.716000,SOFT,11.0,4.0,1,,,76.716,2025,Spain
0 days 02:29:38.470000,NOR,64.0,0 days 00:01:16.863000,SOFT,12.0,4.0,1,,,76.863,2025,Spain
0 days 02:30:55.975000,NOR,65.0,0 days 00:01:17.505000,SOFT,13.0,4.0,1,,,77.505,2025,Spain
0 days 02:32:13.494000,NOR,66.0,0 days 00:01:17.519000,SOFT,14.0,4.0,1,,,77.519,2025,Spain
0 days 01:00:45.966000,COL,1.0,0 days 00:01:32.318000,SOFT,1.0,1.0,1,,,92.318,2025,Spain
0 days 01:02:09.959000,COL,2.0,0 days 00:01:23.993000,SOFT,2.0,1.0,1,,,83.993,2025,Spain
0 days 01:03:33.020000,COL,3.0,0 days 00:01:23.061000,SOFT,3.0,1.0,1,,,83.061,2025,Spain
0 days 01:04:55.422000,COL,4.0,0 days 00:01:22.402000,SOFT,4.0,1.0,1,,,82.402,2025,Spain
0 days 01:06:17.758000,COL,5.0,0 days 00:01:22.336000,SOFT,5.0,1.0,1,,,82.336,2025,Spain
0 days 01:07:40.534000,COL,6.0,0 days 00:01:22.776000,SOFT,6.0,1.0,1,,,82.776,2025,Spain
0 days 01:09:03.613000,COL,7.0,0 days 00:01:23.079000,SOFT,7.0,1.0,1,,,83.079,2025,Spain
0 days 01:10:26.998000,COL,8.0,0 days 00:01:23.385000,SOFT,8.0,1.0,1,,,83.385,2025,Spain
0 days 01:11:50.092000,COL,9.0,0 days 00:01:23.094000,SOFT,9.0,1.0,1,,,83.094,2025,Spain
0 days 01:13:12.239000,COL,10.0,0 days 00:01:22.147000,SOFT,10.0,1.0,1,,,82.147,2025,Spain
0 days 01:14:35.283000,COL,11.0,0 days 00:01:23.044000,SOFT,11.0,1.0,1,,,83.044,2025,Spain
0 days 01:15:58.320000,COL,12.0,0 days 00:01:23.037000,SOFT,12.0,1.0,1,,,83.037,2025,Spain
0 days 01:17:22.062000,COL,13.0,0 days 00:01:23.742000,SOFT,13.0,1.0,1,,,83.742,2025,Spain
0 days 01:18:48.777000,COL,14.0,0 days 00:01:26.715000,SOFT,14.0,1.0,1,0 days 01:18:46.119000,,86.715,2025,Spain
0 days 01:20:27.911000,COL,15.0,0 days 00:01:39.134000,MEDIUM,1.0,2.0,1,,0 days 01:19:08.655000,99.134,2025,Spain
0 days 01:21:49.297000,COL,16.0,0 days 00:01:21.386000,MEDIUM,2.0,2.0,1,,,81.386,2025,Spain
0 days 01:23:10.922000,COL,17.0,0 days 00:01:21.625000,MEDIUM,3.0,2.0,1,,,81.625,2025,Spain
0 days 01:24:33.727000,COL,18.0,0 days 00:01:22.805000,MEDIUM,4.0,2.0,1,,,82.805,2025,Spain
0 days 01:25:56.086000,COL,19.0,0 days 00:01:22.359000,MEDIUM,5.0,2.0,1,,,82.359,2025,Spain
0 days 01:27:18.474000,COL,20.0,0 days 00:01:22.388000,MEDIUM,6.0,2.0,1,,,82.388,2025,Spain
0 days 01:28:41.123000,COL,21.0,0 days 00:01:22.649000,MEDIUM,7.0,2.0,1,,,82.649,2025,Spain
0 days 01:30:03.664000,COL,22.0,0 days 00:01:22.541000,MEDIUM,8.0,2.0,1,,,82.541,2025,Spain
0 days 01:31:26.226000,COL,23.0,0 days 00:01:22.562000,MEDIUM,9.0,2.0,1,,,82.562,2025,Spain
0 days 01:32:48.933000,COL,24.0,0 days 00:01:22.707000,MEDIUM,10.0,2.0,1,,,82.707,2025,Spain
0 days 01:34:12.662000,COL,25.0,0 days 00:01:23.729000,MEDIUM,11.0,2.0,1,,,83.729,2025,Spain
0 days 01:35:36.659000,COL,26.0,0 days 00:01:23.997000,MEDIUM,12.0,2.0,1,,,83.997,2025,Spain
0 days 01:36:59.425000,COL,27.0,0 days 00:01:22.766000,MEDIUM,13.0,2.0,1,,,82.766,2025,Spain
0 days 01:38:21.924000,COL,28.0,0 days 00:01:22.499000,MEDIUM,14.0,2.0,1,,,82.499,2025,Spain
0 days 01:39:45.427000,COL,29.0,0 days 00:01:23.503000,MEDIUM,15.0,2.0,1,,,83.503,2025,Spain
0 days 01:41:08.072000,COL,30.0,0 days 00:01:22.645000,MEDIUM,16.0,2.0,1,,,82.645,2025,Spain
0 days 01:42:30.665000,COL,31.0,0 days 00:01:22.593000,MEDIUM,17.0,2.0,1,,,82.593,2025,Spain
0 days 01:43:53.922000,COL,32.0,0 days 00:01:23.257000,MEDIUM,18.0,2.0,1,,,83.257,2025,Spain
0 days 01:45:18.163000,COL,33.0,0 days 00:01:24.241000,MEDIUM,19.0,2.0,1,,,84.241,2025,Spain
0 days 01:46:42.119000,COL,34.0,0 days 00:01:23.956000,MEDIUM,20.0,2.0,1,,,83.956,2025,Spain
0 days 01:48:04.434000,COL,35.0,0 days 00:01:22.315000,MEDIUM,21.0,2.0,1,,,82.315,2025,Spain
0 days 01:49:29.799000,COL,36.0,0 days 00:01:25.365000,MEDIUM,22.0,2.0,1,,,85.365,2025,Spain
0 days 01:50:53.194000,COL,37.0,0 days 00:01:23.395000,MEDIUM,23.0,2.0,1,,,83.395,2025,Spain
0 days 01:52:15.873000,COL,38.0,0 days 00:01:22.679000,MEDIUM,24.0,2.0,1,,,82.679,2025,Spain
0 days 01:53:42.317000,COL,39.0,0 days 00:01:26.444000,MEDIUM,25.0,2.0,1,0 days 01:53:39.561000,,86.444,2025,Spain
0 days 01:55:21.871000,COL,40.0,0 days 00:01:39.554000,SOFT,1.0,3.0,1,,0 days 01:54:01.758000,99.554,2025,Spain
0 days 01:56:40.224000,COL,41.0,0 days 00:01:18.353000,SOFT,2.0,3.0,1,,,78.353,2025,Spain
0 days 01:58:02.340000,COL,42.0,0 days 00:01:22.116000,SOFT,3.0,3.0,1,,,82.116,2025,Spain
0 days 01:59:23.145000,COL,43.0,0 days 00:01:20.805000,SOFT,4.0,3.0,1,,,80.805,2025,Spain
0 days 02:00:44.170000,COL,44.0,0 days 00:01:21.025000,SOFT,5.0,3.0,1,,,81.025,2025,Spain
0 days 02:02:05.220000,COL,45.0,0 days 00:01:21.050000,SOFT,6.0,3.0,1,,,81.05,2025,Spain
0 days 02:03:25.948000,COL,46.0,0 days 00:01:20.728000,SOFT,7.0,3.0,1,,,80.728,2025,Spain
0 days 02:04:46.221000,COL,47.0,0 days 00:01:20.273000,SOFT,8.0,3.0,1,,,80.273,2025,Spain
0 days 02:06:08.385000,COL,48.0,0 days 00:01:22.164000,SOFT,9.0,3.0,1,,,82.164,2025,Spain
0 days 02:07:28.490000,COL,49.0,0 days 00:01:20.105000,SOFT,10.0,3.0,1,,,80.105,2025,Spain
0 days 02:08:48.546000,COL,50.0,0 days 00:01:20.056000,SOFT,11.0,3.0,1,,,80.056,2025,Spain
0 days 02:10:08.622000,COL,51.0,0 days 00:01:20.076000,SOFT,12.0,3.0,1,,,80.076,2025,Spain
0 days 02:11:28.742000,COL,52.0,0 days 00:01:20.120000,SOFT,13.0,3.0,1,,,80.12,2025,Spain
0 days 02:12:48.822000,COL,53.0,0 days 00:01:20.080000,SOFT,14.0,3.0,12,,,80.08,2025,Spain
0 days 02:14:37.403000,COL,54.0,0 days 00:01:48.581000,SOFT,15.0,3.0,24,0 days 02:14:34.669000,,108.581,2025,Spain
0 days 02:16:42.253000,COL,55.0,0 days 00:02:04.850000,SOFT,2.0,4.0,4,,0 days 02:14:56.549000,124.85,2025,Spain
0 days 02:18:30.065000,COL,56.0,0 days 00:01:47.812000,SOFT,3.0,4.0,4,,,107.812,2025,Spain
0 days 02:20:24.199000,COL,57.0,0 days 00:01:54.134000,SOFT,4.0,4.0,4,,,114.134,2025,Spain
0 days 02:21:47.484000,COL,58.0,0 days 00:01:23.285000,SOFT,5.0,4.0,4,,,83.285,2025,Spain
0 days 02:23:10.169000,COL,59.0,0 days 00:01:22.685000,SOFT,6.0,4.0,4,,,82.685,2025,Spain
0 days 02:24:38.798000,COL,60.0,0 days 00:01:28.629000,SOFT,7.0,4.0,41,,,88.629,2025,Spain
0 days 02:26:00.870000,COL,61.0,0 days 00:01:22.072000,SOFT,8.0,4.0,1,,,82.072,2025,Spain
0 days 02:27:21.271000,COL,62.0,0 days 00:01:20.401000,SOFT,9.0,4.0,1,,,80.401,2025,Spain
0 days 02:28:41.547000,COL,63.0,0 days 00:01:20.276000,SOFT,10.0,4.0,1,,,80.276,2025,Spain
0 days 02:30:02.083000,COL,64.0,0 days 00:01:20.536000,SOFT,11.0,4.0,1,,,80.536,2025,Spain
0 days 02:31:22.426000,COL,65.0,0 days 00:01:20.343000,SOFT,12.0,4.0,1,,,80.343,2025,Spain
0 days 02:32:42.404000,COL,66.0,0 days 00:01:19.978000,SOFT,13.0,4.0,1,,,79.978,2025,Spain
0 days 01:00:38.997000,HAM,1.0,0 days 00:01:25.349000,SOFT,4.0,1.0,1,,,85.349,2025,Spain
0 days 01:02:00.365000,HAM,2.0,0 days 00:01:21.368000,SOFT,5.0,1.0,1,,,81.368,2025,Spain
0 days 01:03:21.118000,HAM,3.0,0 days 00:01:20.753000,SOFT,6.0,1.0,1,,,80.753,2025,Spain
0 days 01:04:41.757000,HAM,4.0,0 days 00:01:20.639000,SOFT,7.0,1.0,1,,,80.639,2025,Spain
0 days 01:06:02.866000,HAM,5.0,0 days 00:01:21.109000,SOFT,8.0,1.0,1,,,81.109,2025,Spain
0 days 01:07:24.431000,HAM,6.0,0 days 00:01:21.565000,SOFT,9.0,1.0,1,,,81.565,2025,Spain
0 days 01:08:46.054000,HAM,7.0,0 days 00:01:21.623000,SOFT,10.0,1.0,1,,,81.623,2025,Spain
0 days 01:10:07.983000,HAM,8.0,0 days 00:01:21.929000,SOFT,11.0,1.0,1,,,81.929,2025,Spain
0 days 01:11:29.957000,HAM,9.0,0 days 00:01:21.974000,SOFT,12.0,1.0,1,,,81.974,2025,Spain
0 days 01:12:53.025000,HAM,10.0,0 days 00:01:23.068000,SOFT,13.0,1.0,1,,,83.068,2025,Spain
0 days 01:14:14.577000,HAM,11.0,0 days 00:01:21.552000,SOFT,14.0,1.0,1,,,81.552,2025,Spain
0 days 01:15:36.192000,HAM,12.0,0 days 00:01:21.615000,SOFT,15.0,1.0,1,,,81.615,2025,Spain
0 days 01:16:58.020000,HAM,13.0,0 days 00:01:21.828000,SOFT,16.0,1.0,1,,,81.828,2025,Spain
0 days 01:18:20.340000,HAM,14.0,0 days 00:01:22.320000,SOFT,17.0,1.0,1,,,82.32,2025,Spain
0 days 01:19:42.209000,HAM,15.0,0 days 00:01:21.869000,SOFT,18.0,1.0,1,,,81.869,2025,Spain
0 days 01:21:07.948000,HAM,16.0,0 days 00:01:25.739000,SOFT,19.0,1.0,1,0 days 01:21:05.232000,,85.739,2025,Spain
0 days 01:22:47.728000,HAM,17.0,0 days 00:01:39.780000,MEDIUM,1.0,2.0,1,,0 days 01:21:27.233000,99.78,2025,Spain
0 days 01:24:08.676000,HAM,18.0,0 days 00:01:20.948000,MEDIUM,2.0,2.0,1,,,80.948,2025,Spain
0 days 01:25:30.024000,HAM,19.0,0 days 00:01:21.348000,MEDIUM,3.0,2.0,1,,,81.348,2025,Spain
0 days 01:26:50.779000,HAM,20.0,0 days 00:01:20.755000,MEDIUM,4.0,2.0,1,,,80.755,2025,Spain
0 days 01:28:11.324000,HAM,21.0,0 days 00:01:20.545000,MEDIUM,5.0,2.0,1,,,80.545,2025,Spain
0 days 01:29:31.604000,HAM,22.0,0 days 00:01:20.280000,MEDIUM,6.0,2.0,1,,,80.28,2025,Spain
0 days 01:30:51.634000,HAM,23.0,0 days 00:01:20.030000,MEDIUM,7.0,2.0,1,,,80.03,2025,Spain
0 days 01:32:11.938000,HAM,24.0,0 days 00:01:20.304000,MEDIUM,8.0,2.0,1,,,80.304,2025,Spain
0 days 01:33:32.447000,HAM,25.0,0 days 00:01:20.509000,MEDIUM,9.0,2.0,1,,,80.509,2025,Spain
0 days 01:34:53.095000,HAM,26.0,0 days 00:01:20.648000,MEDIUM,10.0,2.0,1,,,80.648,2025,Spain
0 days 01:36:13.521000,HAM,27.0,0 days 00:01:20.426000,MEDIUM,11.0,2.0,1,,,80.426,2025,Spain
0 days 01:37:34.001000,HAM,28.0,0 days 00:01:20.480000,MEDIUM,12.0,2.0,1,,,80.48,2025,Spain
0 days 01:38:54.207000,HAM,29.0,0 days 00:01:20.206000,MEDIUM,13.0,2.0,1,,,80.206,2025,Spain
0 days 01:40:15.390000,HAM,30.0,0 days 00:01:21.183000,MEDIUM,14.0,2.0,1,,,81.183,2025,Spain
0 days 01:41:35.733000,HAM,31.0,0 days 00:01:20.343000,MEDIUM,15.0,2.0,1,,,80.343,2025,Spain
0 days 01:42:56.050000,HAM,32.0,0 days 00:01:20.317000,MEDIUM,16.0,2.0,1,,,80.317,2025,Spain
0 days 01:44:16.307000,HAM,33.0,0 days 00:01:20.257000,MEDIUM,17.0,2.0,1,,,80.257,2025,Spain
0 days 01:45:36.593000,HAM,34.0,0 days 00:01:20.286000,MEDIUM,18.0,2.0,1,,,80.286,2025,Spain
0 days 01:46:56.876000,HAM,35.0,0 days 00:01:20.283000,MEDIUM,19.0,2.0,1,,,80.283,2025,Spain
0 days 01:48:17.328000,HAM,36.0,0 days 00:01:20.452000,MEDIUM,20.0,2.0,1,,,80.452,2025,Spain
0 days 01:49:38.112000,HAM,37.0,0 days 00:01:20.784000,MEDIUM,21.0,2.0,1,,,80.784,2025,Spain
0 days 01:50:58.624000,HAM,38.0,0 days 00:01:20.512000,MEDIUM,22.0,2.0,1,,,80.512,2025,Spain
0 days 01:52:19.323000,HAM,39.0,0 days 00:01:20.699000,MEDIUM,23.0,2.0,1,,,80.699,2025,Spain
0 days 01:53:40.093000,HAM,40.0,0 days 00:01:20.770000,MEDIUM,24.0,2.0,1,,,80.77,2025,Spain
0 days 01:55:00.646000,HAM,41.0,0 days 00:01:20.553000,MEDIUM,25.0,2.0,1,,,80.553,2025,Spain
0 days 01:56:21.495000,HAM,42.0,0 days 00:01:20.849000,MEDIUM,26.0,2.0,1,,,80.849,2025,Spain
0 days 01:57:42.524000,HAM,43.0,0 days 00:01:21.029000,MEDIUM,27.0,2.0,1,,,81.029,2025,Spain
0 days 01:59:03.454000,HAM,44.0,0 days 00:01:20.930000,MEDIUM,28.0,2.0,1,,,80.93,2025,Spain
0 days 02:00:24.866000,HAM,45.0,0 days 00:01:21.412000,MEDIUM,29.0,2.0,1,,,81.412,2025,Spain
0 days 02:01:49.982000,HAM,46.0,0 days 00:01:25.116000,MEDIUM,30.0,2.0,1,0 days 02:01:47.305000,,85.116,2025,Spain
0 days 02:03:29.770000,HAM,47.0,0 days 00:01:39.788000,SOFT,4.0,3.0,1,,0 days 02:02:11.696000,99.788,2025,Spain
0 days 02:04:48.105000,HAM,48.0,0 days 00:01:18.335000,SOFT,5.0,3.0,1,,,78.335,2025,Spain
0 days 02:06:06.703000,HAM,49.0,0 days 00:01:18.598000,SOFT,6.0,3.0,1,,,78.598,2025,Spain
0 days 02:07:25.047000,HAM,50.0,0 days 00:01:18.344000,SOFT,7.0,3.0,1,,,78.344,2025,Spain
0 days 02:08:43.769000,HAM,51.0,0 days 00:01:18.722000,SOFT,8.0,3.0,1,,,78.722,2025,Spain
0 days 02:10:02.414000,HAM,52.0,0 days 00:01:18.645000,SOFT,9.0,3.0,1,,,78.645,2025,Spain
0 days 02:11:21.574000,HAM,53.0,0 days 00:01:19.160000,SOFT,10.0,3.0,1,,,79.16,2025,Spain
0 days 02:12:40.831000,HAM,54.0,0 days 00:01:19.257000,SOFT,11.0,3.0,1,,,79.257,2025,Spain
0 days 02:14:26.596000,HAM,55.0,0 days 00:01:45.765000,SOFT,12.0,3.0,124,0 days 02:14:23.842000,,105.765,2025,Spain
0 days 02:16:35.726000,HAM,56.0,0 days 00:02:09.130000,SOFT,4.0,4.0,4,,0 days 02:14:46.743000,129.13,2025,Spain
0 days 02:18:29.130000,HAM,57.0,0 days 00:01:53.404000,SOFT,5.0,4.0,4,,,113.404,2025,Spain
0 days 02:20:31.833000,HAM,58.0,0 days 00:02:02.703000,SOFT,6.0,4.0,4,,,122.703,2025,Spain
0 days 02:22:35.048000,HAM,59.0,0 days 00:02:03.215000,SOFT,7.0,4.0,4,,,123.215,2025,Spain
0 days 02:24:33.919000,HAM,60.0,0 days 00:01:58.871000,SOFT,8.0,4.0,41,,,118.871,2025,Spain
0 days 02:25:53.281000,HAM,61.0,0 days 00:01:19.362000,SOFT,9.0,4.0,1,,,79.362,2025,Spain
0 days 02:27:10.987000,HAM,62.0,0 days 00:01:17.706000,SOFT,10.0,4.0,1,,,77.706,2025,Spain
0 days 02:28:28.926000,HAM,63.0,0 days 00:01:17.939000,SOFT,11.0,4.0,1,,,77.939,2025,Spain
0 days 02:29:47.759000,HAM,64.0,0 days 00:01:18.833000,SOFT,12.0,4.0,1,,,78.833,2025,Spain
0 days 02:31:07.497000,HAM,65.0,0 days 00:01:19.738000,SOFT,13.0,4.0,1,,,79.738,2025,Spain
0 days 02:32:26.531000,HAM,66.0,0 days 00:01:19.034000,SOFT,14.0,4.0,1,,,79.034,2025,Spain
0 days 01:00:43.008000,BOR,1.0,0 days 00:01:29.360000,SOFT,4.0,1.0,1,,,89.36,2025,Spain
0 days 01:02:06.283000,BOR,2.0,0 days 00:01:23.275000,SOFT,5.0,1.0,1,,,83.275,2025,Spain
0 days 01:03:28.776000,BOR,3.0,0 days 00:01:22.493000,SOFT,6.0,1.0,1,,,82.493,2025,Spain
0 days 01:04:50.890000,BOR,4.0,0 days 00:01:22.114000,SOFT,7.0,1.0,1,,,82.114,2025,Spain
0 days 01:06:13.020000,BOR,5.0,0 days 00:01:22.130000,SOFT,8.0,1.0,1,,,82.13,2025,Spain
0 days 01:07:35.186000,BOR,6.0,0 days 00:01:22.166000,SOFT,9.0,1.0,1,,,82.166,2025,Spain
0 days 01:08:57.717000,BOR,7.0,0 days 00:01:22.531000,SOFT,10.0,1.0,1,,,82.531,2025,Spain
0 days 01:10:20.850000,BOR,8.0,0 days 00:01:23.133000,SOFT,11.0,1.0,1,,,83.133,2025,Spain
0 days 01:11:44.098000,BOR,9.0,0 days 00:01:23.248000,SOFT,12.0,1.0,1,,,83.248,2025,Spain
0 days 01:13:06.757000,BOR,10.0,0 days 00:01:22.659000,SOFT,13.0,1.0,1,,,82.659,2025,Spain
0 days 01:14:29.263000,BOR,11.0,0 days 00:01:22.506000,SOFT,14.0,1.0,1,,,82.506,2025,Spain
0 days 01:15:52.581000,BOR,12.0,0 days 00:01:23.318000,SOFT,15.0,1.0,1,,,83.318,2025,Spain
0 days 01:17:17.137000,BOR,13.0,0 days 00:01:24.556000,SOFT,16.0,1.0,1,,,84.556,2025,Spain
0 days 01:18:40.203000,BOR,14.0,0 days 00:01:23.066000,SOFT,17.0,1.0,1,,,83.066,2025,Spain
0 days 01:20:03.498000,BOR,15.0,0 days 00:01:23.295000,SOFT,18.0,1.0,1,,,83.295,2025,Spain
0 days 01:21:26.554000,BOR,16.0,0 days 00:01:23.056000,SOFT,19.0,1.0,1,,,83.056,2025,Spain
0 days 01:22:50.692000,BOR,17.0,0 days 00:01:24.138000,SOFT,20.0,1.0,1,,,84.138,2025,Spain
0 days 01:24:14.135000,BOR,18.0,0 days 00:01:23.443000,SOFT,21.0,1.0,1,,,83.443,2025,Spain
0 days 01:25:41.801000,BOR,19.0,0 days 00:01:27.666000,SOFT,22.0,1.0,1,0 days 01:25:39.156000,,87.666,2025,Spain
0 days 01:27:23.389000,BOR,20.0,0 days 00:01:41.588000,MEDIUM,1.0,2.0,1,,0 days 01:26:01.241000,101.588,2025,Spain
0 days 01:28:45.363000,BOR,21.0,0 days 00:01:21.974000,MEDIUM,2.0,2.0,1,,,81.974,2025,Spain
0 days 01:30:06.527000,BOR,22.0,0 days 00:01:21.164000,MEDIUM,3.0,2.0,1,,,81.164,2025,Spain
0 days 01:31:27.979000,BOR,23.0,0 days 00:01:21.452000,MEDIUM,4.0,2.0,1,,,81.452,2025,Spain
0 days 01:32:49.462000,BOR,24.0,0 days 00:01:21.483000,MEDIUM,5.0,2.0,1,,,81.483,2025,Spain
0 days 01:34:10.654000,BOR,25.0,0 days 00:01:21.192000,MEDIUM,6.0,2.0,1,,,81.192,2025,Spain
0 days 01:35:31.879000,BOR,26.0,0 days 00:01:21.225000,MEDIUM,7.0,2.0,1,,,81.225,2025,Spain
0 days 01:36:52.878000,BOR,27.0,0 days 00:01:20.999000,MEDIUM,8.0,2.0,1,,,80.999,2025,Spain
0 days 01:38:14.037000,BOR,28.0,0 days 00:01:21.159000,MEDIUM,9.0,2.0,1,,,81.159,2025,Spain
0 days 01:39:35.577000,BOR,29.0,0 days 00:01:21.540000,MEDIUM,10.0,2.0,1,,,81.54,2025,Spain
0 days 01:40:57.025000,BOR,30.0,0 days 00:01:21.448000,MEDIUM,11.0,2.0,1,,,81.448,2025,Spain
0 days 01:42:18.637000,BOR,31.0,0 days 00:01:21.612000,MEDIUM,12.0,2.0,1,,,81.612,2025,Spain
0 days 01:43:40.756000,BOR,32.0,0 days 00:01:22.119000,MEDIUM,13.0,2.0,1,,,82.119,2025,Spain
0 days 01:45:02.660000,BOR,33.0,0 days 00:01:21.904000,MEDIUM,14.0,2.0,1,,,81.904,2025,Spain
0 days 01:46:24.534000,BOR,34.0,0 days 00:01:21.874000,MEDIUM,15.0,2.0,1,,,81.874,2025,Spain
0 days 01:47:46.200000,BOR,35.0,0 days 00:01:21.666000,MEDIUM,16.0,2.0,1,,,81.666,2025,Spain
0 days 01:49:07.304000,BOR,36.0,0 days 00:01:21.104000,MEDIUM,17.0,2.0,1,,,81.104,2025,Spain
0 days 01:50:28.467000,BOR,37.0,0 days 00:01:21.163000,MEDIUM,18.0,2.0,1,,,81.163,2025,Spain
0 days 01:51:49.899000,BOR,38.0,0 days 00:01:21.432000,MEDIUM,19.0,2.0,1,,,81.432,2025,Spain
0 days 01:53:10.903000,BOR,39.0,0 days 00:01:21.004000,MEDIUM,20.0,2.0,1,,,81.004,2025,Spain
0 days 01:54:31.784000,BOR,40.0,0 days 00:01:20.881000,MEDIUM,21.0,2.0,1,,,80.881,2025,Spain
0 days 01:55:52.890000,BOR,41.0,0 days 00:01:21.106000,MEDIUM,22.0,2.0,1,,,81.106,2025,Spain
0 days 01:57:14.181000,BOR,42.0,0 days 00:01:21.291000,MEDIUM,23.0,2.0,1,,,81.291,2025,Spain
0 days 01:58:37.360000,BOR,43.0,0 days 00:01:23.179000,MEDIUM,24.0,2.0,1,,,83.179,2025,Spain
0 days 02:00:00.634000,BOR,44.0,0 days 00:01:23.274000,MEDIUM,25.0,2.0,1,,,83.274,2025,Spain
0 days 02:01:22.181000,BOR,45.0,0 days 00:01:21.547000,MEDIUM,26.0,2.0,1,,,81.547,2025,Spain
0 days 02:02:46.579000,BOR,46.0,0 days 00:01:24.398000,MEDIUM,27.0,2.0,1,,,84.398,2025,Spain
0 days 02:04:08.098000,BOR,47.0,0 days 00:01:21.519000,MEDIUM,28.0,2.0,1,,,81.519,2025,Spain
0 days 02:05:29.362000,BOR,48.0,0 days 00:01:21.264000,MEDIUM,29.0,2.0,1,,,81.264,2025,Spain
0 days 02:06:53.845000,BOR,49.0,0 days 00:01:24.483000,MEDIUM,30.0,2.0,1,0 days 02:06:51.229000,,84.483,2025,Spain
0 days 02:08:31.877000,BOR,50.0,0 days 00:01:38.032000,SOFT,1.0,3.0,1,,0 days 02:07:14.195000,98.032,2025,Spain
0 days 02:09:50.174000,BOR,51.0,0 days 00:01:18.297000,SOFT,2.0,3.0,1,,,78.297,2025,Spain
0 days 02:11:09.560000,BOR,52.0,0 days 00:01:19.386000,SOFT,3.0,3.0,1,,,79.386,2025,Spain
0 days 02:12:29.014000,BOR,53.0,0 days 00:01:19.454000,SOFT,4.0,3.0,1,,,79.454,2025,Spain
0 days 02:14:06.833000,BOR,54.0,0 days 00:01:37.819000,SOFT,5.0,3.0,124,,,97.819,2025,Spain
0 days 02:16:13.407000,BOR,55.0,0 days 00:02:06.574000,SOFT,6.0,3.0,4,,,126.574,2025,Spain
0 days 02:18:20.287000,BOR,56.0,0 days 00:02:06.880000,SOFT,7.0,3.0,4,,,126.88,2025,Spain
0 days 02:20:16.741000,BOR,57.0,0 days 00:01:56.454000,SOFT,8.0,3.0,4,,,116.454,2025,Spain
0 days 02:21:39.479000,BOR,58.0,0 days 00:01:22.738000,SOFT,9.0,3.0,4,,,82.738,2025,Spain
0 days 02:23:01.231000,BOR,59.0,0 days 00:01:21.752000,SOFT,10.0,3.0,4,,,81.752,2025,Spain
0 days 02:24:36.595000,BOR,60.0,0 days 00:01:35.364000,SOFT,11.0,3.0,41,,,95.364,2025,Spain
0 days 02:25:56.957000,BOR,61.0,0 days 00:01:20.362000,SOFT,12.0,3.0,1,,,80.362,2025,Spain
0 days 02:27:16.520000,BOR,62.0,0 days 00:01:19.563000,SOFT,13.0,3.0,1,,,79.563,2025,Spain
0 days 02:28:36.499000,BOR,63.0,0 days 00:01:19.979000,SOFT,14.0,3.0,1,,,79.979,2025,Spain
0 days 02:29:57.043000,BOR,64.0,0 days 00:01:20.544000,SOFT,15.0,3.0,1,,,80.544,2025,Spain
0 days 02:31:17.334000,BOR,65.0,0 days 00:01:20.291000,SOFT,16.0,3.0,1,,,80.291,2025,Spain
0 days 02:32:37.019000,BOR,66.0,0 days 00:01:19.685000,SOFT,17.0,3.0,1,,,79.685,2025,Spain
0 days 01:00:45.457000,SAI,1.0,0 days 00:01:31.809000,SOFT,1.0,1.0,1,,,91.809,2025,Spain
0 days 01:02:09.308000,SAI,2.0,0 days 00:01:23.851000,SOFT,2.0,1.0,1,,,83.851,2025,Spain
0 days 01:03:32.213000,SAI,3.0,0 days 00:01:22.905000,SOFT,3.0,1.0,1,,,82.905,2025,Spain
0 days 01:04:54.583000,SAI,4.0,0 days 00:01:22.370000,SOFT,4.0,1.0,1,,,82.37,2025,Spain
0 days 01:06:17.053000,SAI,5.0,0 days 00:01:22.470000,SOFT,5.0,1.0,1,,,82.47,2025,Spain
0 days 01:07:39.889000,SAI,6.0,0 days 00:01:22.836000,SOFT,6.0,1.0,1,,,82.836,2025,Spain
0 days 01:09:02.797000,SAI,7.0,0 days 00:01:22.908000,SOFT,7.0,1.0,1,,,82.908,2025,Spain
0 days 01:10:26.202000,SAI,8.0,0 days 00:01:23.405000,SOFT,8.0,1.0,1,,,83.405,2025,Spain
0 days 01:11:52.513000,SAI,9.0,0 days 00:01:26.311000,SOFT,9.0,1.0,1,0 days 01:11:49.772000,,86.311,2025,Spain
0 days 01:13:40.828000,SAI,10.0,0 days 00:01:48.315000,SOFT,1.0,2.0,1,,0 days 01:12:20.322000,108.315,2025,Spain
0 days 01:15:01.929000,SAI,11.0,0 days 00:01:21.101000,SOFT,2.0,2.0,1,,,81.101,2025,Spain
0 days 01:16:22.949000,SAI,12.0,0 days 00:01:21.020000,SOFT,3.0,2.0,1,,,81.02,2025,Spain
0 days 01:17:44.517000,SAI,13.0,0 days 00:01:21.568000,SOFT,4.0,2.0,1,,,81.568,2025,Spain
0 days 01:19:05.973000,SAI,14.0,0 days 00:01:21.456000,SOFT,5.0,2.0,1,,,81.456,2025,Spain
0 days 01:20:27.271000,SAI,15.0,0 days 00:01:21.298000,SOFT,6.0,2.0,1,,,81.298,2025,Spain
0 days 01:21:48.591000,SAI,16.0,0 days 00:01:21.320000,SOFT,7.0,2.0,1,,,81.32,2025,Spain
0 days 01:23:10.170000,SAI,17.0,0 days 00:01:21.579000,SOFT,8.0,2.0,1,,,81.579,2025,Spain
0 days 01:24:33.298000,SAI,18.0,0 days 00:01:23.128000,SOFT,9.0,2.0,1,,,83.128,2025,Spain
0 days 01:25:55.306000,SAI,19.0,0 days 00:01:22.008000,SOFT,10.0,2.0,1,,,82.008,2025,Spain
0 days 01:27:17.200000,SAI,20.0,0 days 00:01:21.894000,SOFT,11.0,2.0,1,,,81.894,2025,Spain
0 days 01:28:39.053000,SAI,21.0,0 days 00:01:21.853000,SOFT,12.0,2.0,1,,,81.853,2025,Spain
0 days 01:30:00.991000,SAI,22.0,0 days 00:01:21.938000,SOFT,13.0,2.0,1,,,81.938,2025,Spain
0 days 01:31:22.853000,SAI,23.0,0 days 00:01:21.862000,SOFT,14.0,2.0,1,,,81.862,2025,Spain
0 days 01:32:44.550000,SAI,24.0,0 days 00:01:21.697000,SOFT,15.0,2.0,1,,,81.697,2025,Spain
0 days 01:34:06.417000,SAI,25.0,0 days 00:01:21.867000,SOFT,16.0,2.0,1,,,81.867,2025,Spain
0 days 01:35:28.332000,SAI,26.0,0 days 00:01:21.915000,SOFT,17.0,2.0,1,,,81.915,2025,Spain
0 days 01:36:50.018000,SAI,27.0,0 days 00:01:21.686000,SOFT,18.0,2.0,1,,,81.686,2025,Spain
0 days 01:38:11.895000,SAI,28.0,0 days 00:01:21.877000,SOFT,19.0,2.0,1,,,81.877,2025,Spain
0 days 01:39:34,SAI,29.0,0 days 00:01:22.105000,SOFT,20.0,2.0,1,,,82.105,2025,Spain
0 days 01:40:55.918000,SAI,30.0,0 days 00:01:21.918000,SOFT,21.0,2.0,1,,,81.918,2025,Spain
0 days 01:42:17.944000,SAI,31.0,0 days 00:01:22.026000,SOFT,22.0,2.0,1,,,82.026,2025,Spain
0 days 01:43:39.937000,SAI,32.0,0 days 00:01:21.993000,SOFT,23.0,2.0,1,,,81.993,2025,Spain
0 days 01:45:02.227000,SAI,33.0,0 days 00:01:22.290000,SOFT,24.0,2.0,1,,,82.29,2025,Spain
0 days 01:46:29.139000,SAI,34.0,0 days 00:01:26.912000,SOFT,25.0,2.0,1,0 days 01:46:26.464000,,86.912,2025,Spain
0 days 01:48:08.668000,SAI,35.0,0 days 00:01:39.529000,MEDIUM,1.0,3.0,1,,0 days 01:46:48.676000,99.529,2025,Spain
0 days 01:49:30.146000,SAI,36.0,0 days 00:01:21.478000,MEDIUM,2.0,3.0,1,,,81.478,2025,Spain
0 days 01:50:50.870000,SAI,37.0,0 days 00:01:20.724000,MEDIUM,3.0,3.0,1,,,80.724,2025,Spain
0 days 01:52:11.831000,SAI,38.0,0 days 00:01:20.961000,MEDIUM,4.0,3.0,1,,,80.961,2025,Spain
0 days 01:53:32.943000,SAI,39.0,0 days 00:01:21.112000,MEDIUM,5.0,3.0,1,,,81.112,2025,Spain
0 days 01:54:53.500000,SAI,40.0,0 days 00:01:20.557000,MEDIUM,6.0,3.0,1,,,80.557,2025,Spain
0 days 01:56:13.985000,SAI,41.0,0 days 00:01:20.485000,MEDIUM,7.0,3.0,1,,,80.485,2025,Spain
0 days 01:57:34.568000,SAI,42.0,0 days 00:01:20.583000,MEDIUM,8.0,3.0,1,,,80.583,2025,Spain
0 days 01:58:56.049000,SAI,43.0,0 days 00:01:21.481000,MEDIUM,9.0,3.0,1,,,81.481,2025,Spain
0 days 02:00:16.870000,SAI,44.0,0 days 00:01:20.821000,MEDIUM,10.0,3.0,1,,,80.821,2025,Spain
0 days 02:01:37.543000,SAI,45.0,0 days 00:01:20.673000,MEDIUM,11.0,3.0,1,,,80.673,2025,Spain
0 days 02:02:58.131000,SAI,46.0,0 days 00:01:20.588000,MEDIUM,12.0,3.0,1,,,80.588,2025,Spain
0 days 02:04:18.509000,SAI,47.0,0 days 00:01:20.378000,MEDIUM,13.0,3.0,1,,,80.378,2025,Spain
0 days 02:05:39.009000,SAI,48.0,0 days 00:01:20.500000,MEDIUM,14.0,3.0,1,,,80.5,2025,Spain
0 days 02:07:00.623000,SAI,49.0,0 days 00:01:21.614000,MEDIUM,15.0,3.0,1,,,81.614,2025,Spain
0 days 02:08:21.025000,SAI,50.0,0 days 00:01:20.402000,MEDIUM,16.0,3.0,1,,,80.402,2025,Spain
0 days 02:09:41.519000,SAI,51.0,0 days 00:01:20.494000,MEDIUM,17.0,3.0,1,,,80.494,2025,Spain
0 days 02:11:02.122000,SAI,52.0,0 days 00:01:20.603000,MEDIUM,18.0,3.0,1,,,80.603,2025,Spain
0 days 02:12:22.539000,SAI,53.0,0 days 00:01:20.417000,MEDIUM,19.0,3.0,1,,,80.417,2025,Spain
0 days 02:13:59.835000,SAI,54.0,0 days 00:01:37.296000,MEDIUM,20.0,3.0,124,,,97.296,2025,Spain
0 days 02:16:09.781000,SAI,55.0,0 days 00:02:09.946000,MEDIUM,21.0,3.0,4,0 days 02:16:07.284000,,129.946,2025,Spain
0 days 02:18:27.495000,SAI,56.0,0 days 00:02:17.714000,SOFT,1.0,4.0,4,,0 days 02:16:29.122000,137.714,2025,Spain
0 days 02:20:21.894000,SAI,57.0,0 days 00:01:54.399000,SOFT,2.0,4.0,4,,,114.399,2025,Spain
0 days 02:21:44.737000,SAI,58.0,0 days 00:01:22.843000,SOFT,3.0,4.0,4,,,82.843,2025,Spain
0 days 02:23:06.887000,SAI,59.0,0 days 00:01:22.150000,SOFT,4.0,4.0,4,,,82.15,2025,Spain
0 days 02:24:38.090000,SAI,60.0,0 days 00:01:31.203000,SOFT,5.0,4.0,41,,,91.203,2025,Spain
0 days 02:25:59.722000,SAI,61.0,0 days 00:01:21.632000,SOFT,6.0,4.0,1,,,81.632,2025,Spain
0 days 02:27:20.252000,SAI,62.0,0 days 00:01:20.530000,SOFT,7.0,4.0,1,,,80.53,2025,Spain
0 days 02:28:40.466000,SAI,63.0,0 days 00:01:20.214000,SOFT,8.0,4.0,1,,,80.214,2025,Spain
0 days 02:30:01.116000,SAI,64.0,0 days 00:01:20.650000,SOFT,9.0,4.0,1,,,80.65,2025,Spain
0 days 02:31:20.433000,SAI,65.0,0 days 00:01:19.317000,SOFT,10.0,4.0,1,,,79.317,2025,Spain
0 days 02:32:40.332000,SAI,66.0,0 days 00:01:19.899000,SOFT,11.0,4.0,1,,,79.899,2025,Spain
0 days 01:00:42.059000,HAD,1.0,0 days 00:01:28.411000,SOFT,4.0,1.0,1,,,88.411,2025,Spain
0 days 01:02:04.917000,HAD,2.0,0 days 00:01:22.858000,SOFT,5.0,1.0,1,,,82.858,2025,Spain
0 days 01:03:26.889000,HAD,3.0,0 days 00:01:21.972000,SOFT,6.0,1.0,1,,,81.972,2025,Spain
0 days 01:04:48.670000,HAD,4.0,0 days 00:01:21.781000,SOFT,7.0,1.0,1,,,81.781,2025,Spain
0 days 01:06:10.317000,HAD,5.0,0 days 00:01:21.647000,SOFT,8.0,1.0,1,,,81.647,2025,Spain
0 days 01:07:32.137000,HAD,6.0,0 days 00:01:21.820000,SOFT,9.0,1.0,1,,,81.82,2025,Spain
0 days 01:08:54.301000,HAD,7.0,0 days 00:01:22.164000,SOFT,10.0,1.0,1,,,82.164,2025,Spain
0 days 01:10:16.618000,HAD,8.0,0 days 00:01:22.317000,SOFT,11.0,1.0,1,,,82.317,2025,Spain
0 days 01:11:38.724000,HAD,9.0,0 days 00:01:22.106000,SOFT,12.0,1.0,1,,,82.106,2025,Spain
0 days 01:13:00.895000,HAD,10.0,0 days 00:01:22.171000,SOFT,13.0,1.0,1,,,82.171,2025,Spain
0 days 01:14:22.788000,HAD,11.0,0 days 00:01:21.893000,SOFT,14.0,1.0,1,,,81.893,2025,Spain
0 days 01:15:44.754000,HAD,12.0,0 days 00:01:21.966000,SOFT,15.0,1.0,1,,,81.966,2025,Spain
0 days 01:17:06.930000,HAD,13.0,0 days 00:01:22.176000,SOFT,16.0,1.0,1,,,82.176,2025,Spain
0 days 01:18:29.165000,HAD,14.0,0 days 00:01:22.235000,SOFT,17.0,1.0,1,,,82.235,2025,Spain
0 days 01:19:51.704000,HAD,15.0,0 days 00:01:22.539000,SOFT,18.0,1.0,1,,,82.539,2025,Spain
0 days 01:21:14.020000,HAD,16.0,0 days 00:01:22.316000,SOFT,19.0,1.0,1,,,82.316,2025,Spain
0 days 01:22:36.573000,HAD,17.0,0 days 00:01:22.553000,SOFT,20.0,1.0,1,,,82.553,2025,Spain
0 days 01:23:59.154000,HAD,18.0,0 days 00:01:22.581000,SOFT,21.0,1.0,1,,,82.581,2025,Spain
0 days 01:25:25.461000,HAD,19.0,0 days 00:01:26.307000,SOFT,22.0,1.0,1,0 days 01:25:22.760000,,86.307,2025,Spain
0 days 01:27:04.621000,HAD,20.0,0 days 00:01:39.160000,MEDIUM,1.0,2.0,1,,0 days 01:25:44.646000,99.16,2025,Spain
0 days 01:28:25.341000,HAD,21.0,0 days 00:01:20.720000,MEDIUM,2.0,2.0,1,,,80.72,2025,Spain
0 days 01:29:46.759000,HAD,22.0,0 days 00:01:21.418000,MEDIUM,3.0,2.0,1,,,81.418,2025,Spain
0 days 01:31:08.226000,HAD,23.0,0 days 00:01:21.467000,MEDIUM,4.0,2.0,1,,,81.467,2025,Spain
0 days 01:32:29.593000,HAD,24.0,0 days 00:01:21.367000,MEDIUM,5.0,2.0,1,,,81.367,2025,Spain
0 days 01:33:50.776000,HAD,25.0,0 days 00:01:21.183000,MEDIUM,6.0,2.0,1,,,81.183,2025,Spain
0 days 01:35:12.091000,HAD,26.0,0 days 00:01:21.315000,MEDIUM,7.0,2.0,1,,,81.315,2025,Spain
0 days 01:36:33.070000,HAD,27.0,0 days 00:01:20.979000,MEDIUM,8.0,2.0,1,,,80.979,2025,Spain
0 days 01:37:54.075000,HAD,28.0,0 days 00:01:21.005000,MEDIUM,9.0,2.0,1,,,81.005,2025,Spain
0 days 01:39:14.726000,HAD,29.0,0 days 00:01:20.651000,MEDIUM,10.0,2.0,1,,,80.651,2025,Spain
0 days 01:40:35.584000,HAD,30.0,0 days 00:01:20.858000,MEDIUM,11.0,2.0,1,,,80.858,2025,Spain
0 days 01:41:56.493000,HAD,31.0,0 days 00:01:20.909000,MEDIUM,12.0,2.0,1,,,80.909,2025,Spain
0 days 01:43:17.274000,HAD,32.0,0 days 00:01:20.781000,MEDIUM,13.0,2.0,1,,,80.781,2025,Spain
0 days 01:44:38.181000,HAD,33.0,0 days 00:01:20.907000,MEDIUM,14.0,2.0,1,,,80.907,2025,Spain
0 days 01:45:59.135000,HAD,34.0,0 days 00:01:20.954000,MEDIUM,15.0,2.0,1,,,80.954,2025,Spain
0 days 01:47:20.158000,HAD,35.0,0 days 00:01:21.023000,MEDIUM,16.0,2.0,1,,,81.023,2025,Spain
0 days 01:48:41.293000,HAD,36.0,0 days 00:01:21.135000,MEDIUM,17.0,2.0,1,,,81.135,2025,Spain
0 days 01:50:02.363000,HAD,37.0,0 days 00:01:21.070000,MEDIUM,18.0,2.0,1,,,81.07,2025,Spain
0 days 01:51:23.275000,HAD,38.0,0 days 00:01:20.912000,MEDIUM,19.0,2.0,1,,,80.912,2025,Spain
0 days 01:52:44.013000,HAD,39.0,0 days 00:01:20.738000,MEDIUM,20.0,2.0,1,,,80.738,2025,Spain
0 days 01:54:04.990000,HAD,40.0,0 days 00:01:20.977000,MEDIUM,21.0,2.0,1,,,80.977,2025,Spain
0 days 01:55:25.979000,HAD,41.0,0 days 00:01:20.989000,MEDIUM,22.0,2.0,1,,,80.989,2025,Spain
0 days 01:56:47.089000,HAD,42.0,0 days 00:01:21.110000,MEDIUM,23.0,2.0,1,,,81.11,2025,Spain
0 days 01:58:08.122000,HAD,43.0,0 days 00:01:21.033000,MEDIUM,24.0,2.0,1,,,81.033,2025,Spain
0 days 01:59:28.964000,HAD,44.0,0 days 00:01:20.842000,MEDIUM,25.0,2.0,1,,,80.842,2025,Spain
0 days 02:00:49.846000,HAD,45.0,0 days 00:01:20.882000,MEDIUM,26.0,2.0,1,,,80.882,2025,Spain
0 days 02:02:10.721000,HAD,46.0,0 days 00:01:20.875000,MEDIUM,27.0,2.0,1,,,80.875,2025,Spain
0 days 02:03:32.684000,HAD,47.0,0 days 00:01:21.963000,MEDIUM,28.0,2.0,1,,,81.963,2025,Spain
0 days 02:04:57.007000,HAD,48.0,0 days 00:01:24.323000,MEDIUM,29.0,2.0,1,0 days 02:04:54.151000,,84.323,2025,Spain
0 days 02:06:35.216000,HAD,49.0,0 days 00:01:38.209000,SOFT,4.0,3.0,1,,0 days 02:05:16.320000,98.209,2025,Spain
0 days 02:07:55.263000,HAD,50.0,0 days 00:01:20.047000,SOFT,5.0,3.0,1,,,80.047,2025,Spain
0 days 02:09:14.874000,HAD,51.0,0 days 00:01:19.611000,SOFT,6.0,3.0,1,,,79.611,2025,Spain
0 days 02:10:34.576000,HAD,52.0,0 days 00:01:19.702000,SOFT,7.0,3.0,1,,,79.702,2025,Spain
0 days 02:11:54.171000,HAD,53.0,0 days 00:01:19.595000,SOFT,8.0,3.0,1,,,79.595,2025,Spain
0 days 02:13:21.845000,HAD,54.0,0 days 00:01:27.674000,SOFT,9.0,3.0,124,,,87.674,2025,Spain
0 days 02:15:12.475000,HAD,55.0,0 days 00:01:50.630000,SOFT,10.0,3.0,4,0 days 02:15:09.769000,,110.63,2025,Spain
0 days 02:17:00.918000,HAD,56.0,0 days 00:01:48.443000,SOFT,4.0,4.0,4,,0 days 02:15:31.549000,108.443,2025,Spain
0 days 02:18:33.665000,HAD,57.0,0 days 00:01:32.747000,SOFT,5.0,4.0,4,,,92.747,2025,Spain
0 days 02:20:32.500000,HAD,58.0,0 days 00:01:58.835000,SOFT,6.0,4.0,4,,,118.835,2025,Spain
0 days 02:22:36.155000,HAD,59.0,0 days 00:02:03.655000,SOFT,7.0,4.0,4,,,123.655,2025,Spain
0 days 02:24:34.399000,HAD,60.0,0 days 00:01:58.244000,SOFT,8.0,4.0,41,,,118.244,2025,Spain
0 days 02:25:54.626000,HAD,61.0,0 days 00:01:20.227000,SOFT,9.0,4.0,1,,,80.227,2025,Spain
0 days 02:27:13.002000,HAD,62.0,0 days 00:01:18.376000,SOFT,10.0,4.0,1,,,78.376,2025,Spain
0 days 02:28:30.772000,HAD,63.0,0 days 00:01:17.770000,SOFT,11.0,4.0,1,,,77.77,2025,Spain
0 days 02:29:49.283000,HAD,64.0,0 days 00:01:18.511000,SOFT,12.0,4.0,1,,,78.511,2025,Spain
0 days 02:31:08.084000,HAD,65.0,0 days 00:01:18.801000,SOFT,13.0,4.0,1,,,78.801,2025,Spain
0 days 02:32:27.045000,HAD,66.0,0 days 00:01:18.961000,SOFT,14.0,4.0,1,,,78.961,2025,Spain
0 days 01:00:40.265000,RUS,1.0,0 days 00:01:26.617000,SOFT,4.0,1.0,1,,,86.617,2025,Spain
0 days 01:02:01.829000,RUS,2.0,0 days 00:01:21.564000,SOFT,5.0,1.0,1,,,81.564,2025,Spain
0 days 01:03:23.214000,RUS,3.0,0 days 00:01:21.385000,SOFT,6.0,1.0,1,,,81.385,2025,Spain
0 days 01:04:44.340000,RUS,4.0,0 days 00:01:21.126000,SOFT,7.0,1.0,1,,,81.126,2025,Spain
0 days 01:06:05.470000,RUS,5.0,0 days 00:01:21.130000,SOFT,8.0,1.0,1,,,81.13,2025,Spain
0 days 01:07:26.853000,RUS,6.0,0 days 00:01:21.383000,SOFT,9.0,1.0,1,,,81.383,2025,Spain
0 days 01:08:48.537000,RUS,7.0,0 days 00:01:21.684000,SOFT,10.0,1.0,1,,,81.684,2025,Spain
0 days 01:10:10.275000,RUS,8.0,0 days 00:01:21.738000,SOFT,11.0,1.0,1,,,81.738,2025,Spain
0 days 01:11:32.411000,RUS,9.0,0 days 00:01:22.136000,SOFT,12.0,1.0,1,,,82.136,2025,Spain
0 days 01:12:54.492000,RUS,10.0,0 days 00:01:22.081000,SOFT,13.0,1.0,1,,,82.081,2025,Spain
0 days 01:14:15.964000,RUS,11.0,0 days 00:01:21.472000,SOFT,14.0,1.0,1,,,81.472,2025,Spain
0 days 01:15:37.589000,RUS,12.0,0 days 00:01:21.625000,SOFT,15.0,1.0,1,,,81.625,2025,Spain
0 days 01:16:59.644000,RUS,13.0,0 days 00:01:22.055000,SOFT,16.0,1.0,1,,,82.055,2025,Spain
0 days 01:18:21.983000,RUS,14.0,0 days 00:01:22.339000,SOFT,17.0,1.0,1,,,82.339,2025,Spain
0 days 01:19:43.951000,RUS,15.0,0 days 00:01:21.968000,SOFT,18.0,1.0,1,,,81.968,2025,Spain
0 days 01:21:05.498000,RUS,16.0,0 days 00:01:21.547000,SOFT,19.0,1.0,1,,,81.547,2025,Spain
0 days 01:22:26.880000,RUS,17.0,0 days 00:01:21.382000,SOFT,20.0,1.0,1,,,81.382,2025,Spain
0 days 01:23:48.612000,RUS,18.0,0 days 00:01:21.732000,SOFT,21.0,1.0,1,,,81.732,2025,Spain
0 days 01:25:11.583000,RUS,19.0,0 days 00:01:22.971000,SOFT,22.0,1.0,1,,,82.971,2025,Spain
0 days 01:26:37.738000,RUS,20.0,0 days 00:01:26.155000,SOFT,23.0,1.0,1,0 days 01:26:34.945000,,86.155,2025,Spain
0 days 01:28:14.940000,RUS,21.0,0 days 00:01:37.202000,MEDIUM,1.0,2.0,1,,0 days 01:26:56.869000,97.202,2025,Spain
0 days 01:29:34.103000,RUS,22.0,0 days 00:01:19.163000,MEDIUM,2.0,2.0,1,,,79.163,2025,Spain
0 days 01:30:53.615000,RUS,23.0,0 days 00:01:19.512000,MEDIUM,3.0,2.0,1,,,79.512,2025,Spain
0 days 01:32:13.689000,RUS,24.0,0 days 00:01:20.074000,MEDIUM,4.0,2.0,1,,,80.074,2025,Spain
0 days 01:33:34.100000,RUS,25.0,0 days 00:01:20.411000,MEDIUM,5.0,2.0,1,,,80.411,2025,Spain
0 days 01:34:54.692000,RUS,26.0,0 days 00:01:20.592000,MEDIUM,6.0,2.0,1,,,80.592,2025,Spain
0 days 01:36:15.003000,RUS,27.0,0 days 00:01:20.311000,MEDIUM,7.0,2.0,1,,,80.311,2025,Spain
0 days 01:37:35.729000,RUS,28.0,0 days 00:01:20.726000,MEDIUM,8.0,2.0,1,,,80.726,2025,Spain
0 days 01:38:56.078000,RUS,29.0,0 days 00:01:20.349000,MEDIUM,9.0,2.0,1,,,80.349,2025,Spain
0 days 01:40:16.505000,RUS,30.0,0 days 00:01:20.427000,MEDIUM,10.0,2.0,1,,,80.427,2025,Spain
0 days 01:41:36.926000,RUS,31.0,0 days 00:01:20.421000,MEDIUM,11.0,2.0,1,,,80.421,2025,Spain
0 days 01:42:57.459000,RUS,32.0,0 days 00:01:20.533000,MEDIUM,12.0,2.0,1,,,80.533,2025,Spain
0 days 01:44:18.128000,RUS,33.0,0 days 00:01:20.669000,MEDIUM,13.0,2.0,1,,,80.669,2025,Spain
0 days 01:45:38.549000,RUS,34.0,0 days 00:01:20.421000,MEDIUM,14.0,2.0,1,,,80.421,2025,Spain
0 days 01:46:59.168000,RUS,35.0,0 days 00:01:20.619000,MEDIUM,15.0,2.0,1,,,80.619,2025,Spain
0 days 01:48:19.536000,RUS,36.0,0 days 00:01:20.368000,MEDIUM,16.0,2.0,1,,,80.368,2025,Spain
0 days 01:49:40.073000,RUS,37.0,0 days 00:01:20.537000,MEDIUM,17.0,2.0,1,,,80.537,2025,Spain
0 days 01:51:00.597000,RUS,38.0,0 days 00:01:20.524000,MEDIUM,18.0,2.0,1,,,80.524,2025,Spain
0 days 01:52:21.096000,RUS,39.0,0 days 00:01:20.499000,MEDIUM,19.0,2.0,1,,,80.499,2025,Spain
0 days 01:53:41.984000,RUS,40.0,0 days 00:01:20.888000,MEDIUM,20.0,2.0,1,,,80.888,2025,Spain
0 days 01:55:06.568000,RUS,41.0,0 days 00:01:24.584000,MEDIUM,21.0,2.0,1,0 days 01:55:03.855000,,84.584,2025,Spain
0 days 01:56:41.783000,RUS,42.0,0 days 00:01:35.215000,SOFT,1.0,3.0,1,,0 days 01:55:25.626000,95.215,2025,Spain
0 days 01:58:00.220000,RUS,43.0,0 days 00:01:18.437000,SOFT,2.0,3.0,1,,,78.437,2025,Spain
0 days 01:59:19.299000,RUS,44.0,0 days 00:01:19.079000,SOFT,3.0,3.0,1,,,79.079,2025,Spain
0 days 02:00:38.475000,RUS,45.0,0 days 00:01:19.176000,SOFT,4.0,3.0,1,,,79.176,2025,Spain
0 days 02:01:57.826000,RUS,46.0,0 days 00:01:19.351000,SOFT,5.0,3.0,1,,,79.351,2025,Spain
0 days 02:03:17.219000,RUS,47.0,0 days 00:01:19.393000,SOFT,6.0,3.0,1,,,79.393,2025,Spain
0 days 02:04:36.266000,RUS,48.0,0 days 00:01:19.047000,SOFT,7.0,3.0,1,,,79.047,2025,Spain
0 days 02:05:55.387000,RUS,49.0,0 days 00:01:19.121000,SOFT,8.0,3.0,1,,,79.121,2025,Spain
0 days 02:07:14.803000,RUS,50.0,0 days 00:01:19.416000,SOFT,9.0,3.0,1,,,79.416,2025,Spain
0 days 02:08:34.274000,RUS,51.0,0 days 00:01:19.471000,SOFT,10.0,3.0,1,,,79.471,2025,Spain
0 days 02:09:53.554000,RUS,52.0,0 days 00:01:19.280000,SOFT,11.0,3.0,1,,,79.28,2025,Spain
0 days 02:11:12.980000,RUS,53.0,0 days 00:01:19.426000,SOFT,12.0,3.0,1,,,79.426,2025,Spain
0 days 02:12:32.558000,RUS,54.0,0 days 00:01:19.578000,SOFT,13.0,3.0,1,,,79.578,2025,Spain
0 days 02:14:14.682000,RUS,55.0,0 days 00:01:42.124000,SOFT,14.0,3.0,124,0 days 02:14:12.059000,,102.124,2025,Spain
0 days 02:16:22.229000,RUS,56.0,0 days 00:02:07.547000,SOFT,4.0,4.0,4,,0 days 02:14:35.093000,127.547,2025,Spain
0 days 02:18:28.110000,RUS,57.0,0 days 00:02:05.881000,SOFT,5.0,4.0,4,,,125.881,2025,Spain
0 days 02:20:30.355000,RUS,58.0,0 days 00:02:02.245000,SOFT,6.0,4.0,4,,,122.245,2025,Spain
0 days 02:22:33.081000,RUS,59.0,0 days 00:02:02.726000,SOFT,7.0,4.0,4,,,122.726,2025,Spain
0 days 02:24:33.590000,RUS,60.0,0 days 00:02:00.509000,SOFT,8.0,4.0,41,,,120.509,2025,Spain
0 days 02:25:52.433000,RUS,61.0,0 days 00:01:18.843000,SOFT,9.0,4.0,1,,,78.843,2025,Spain
0 days 02:27:09.677000,RUS,62.0,0 days 00:01:17.244000,SOFT,10.0,4.0,1,,,77.244,2025,Spain
0 days 02:28:27.271000,RUS,63.0,0 days 00:01:17.594000,SOFT,11.0,4.0,1,,,77.594,2025,Spain
0 days 02:29:46.064000,RUS,64.0,0 days 00:01:18.793000,SOFT,12.0,4.0,1,,,78.793,2025,Spain
0 days 02:31:03.813000,RUS,65.0,0 days 00:01:17.749000,SOFT,13.0,4.0,1,,,77.749,2025,Spain
0 days 02:32:22.382000,RUS,66.0,0 days 00:01:18.569000,SOFT,14.0,4.0,1,,,78.569,2025,Spain
0 days 01:00:36.527000,PIA,1.0,0 days 00:01:22.879000,SOFT,1.0,1.0,1,,,82.879,2025,Spain
0 days 01:01:56.738000,PIA,2.0,0 days 00:01:20.211000,SOFT,2.0,1.0,1,,,80.211,2025,Spain
0 days 01:03:16.604000,PIA,3.0,0 days 00:01:19.866000,SOFT,3.0,1.0,1,,,79.866,2025,Spain
0 days 01:04:36.963000,PIA,4.0,0 days 00:01:20.359000,SOFT,4.0,1.0,1,,,80.359,2025,Spain
0 days 01:05:57.430000,PIA,5.0,0 days 00:01:20.467000,SOFT,5.0,1.0,1,,,80.467,2025,Spain
0 days 01:07:17.684000,PIA,6.0,0 days 00:01:20.254000,SOFT,6.0,1.0,1,,,80.254,2025,Spain
0 days 01:08:38.615000,PIA,7.0,0 days 00:01:20.931000,SOFT,7.0,1.0,1,,,80.931,2025,Spain
0 days 01:09:59.443000,PIA,8.0,0 days 00:01:20.828000,SOFT,8.0,1.0,1,,,80.828,2025,Spain
0 days 01:11:20.210000,PIA,9.0,0 days 00:01:20.767000,SOFT,9.0,1.0,1,,,80.767,2025,Spain
0 days 01:12:41.100000,PIA,10.0,0 days 00:01:20.890000,SOFT,10.0,1.0,1,,,80.89,2025,Spain
0 days 01:14:02.236000,PIA,11.0,0 days 00:01:21.136000,SOFT,11.0,1.0,1,,,81.136,2025,Spain
0 days 01:15:23.327000,PIA,12.0,0 days 00:01:21.091000,SOFT,12.0,1.0,1,,,81.091,2025,Spain
0 days 01:16:44.360000,PIA,13.0,0 days 00:01:21.033000,SOFT,13.0,1.0,1,,,81.033,2025,Spain
0 days 01:18:05.140000,PIA,14.0,0 days 00:01:20.780000,SOFT,14.0,1.0,1,,,80.78,2025,Spain
0 days 01:19:25.944000,PIA,15.0,0 days 00:01:20.804000,SOFT,15.0,1.0,1,,,80.804,2025,Spain
0 days 01:20:46.603000,PIA,16.0,0 days 00:01:20.659000,SOFT,16.0,1.0,1,,,80.659,2025,Spain
0 days 01:22:07.260000,PIA,17.0,0 days 00:01:20.657000,SOFT,17.0,1.0,1,,,80.657,2025,Spain
0 days 01:23:27.953000,PIA,18.0,0 days 00:01:20.693000,SOFT,18.0,1.0,1,,,80.693,2025,Spain
0 days 01:24:48.803000,PIA,19.0,0 days 00:01:20.850000,SOFT,19.0,1.0,1,,,80.85,2025,Spain
0 days 01:26:09.929000,PIA,20.0,0 days 00:01:21.126000,SOFT,20.0,1.0,1,,,81.126,2025,Spain
0 days 01:27:31.400000,PIA,21.0,0 days 00:01:21.471000,SOFT,21.0,1.0,1,,,81.471,2025,Spain
0 days 01:28:56.635000,PIA,22.0,0 days 00:01:25.235000,SOFT,22.0,1.0,1,0 days 01:28:53.993000,,85.235,2025,Spain
0 days 01:30:35.314000,PIA,23.0,0 days 00:01:38.679000,MEDIUM,1.0,2.0,1,,0 days 01:29:15.719000,98.679,2025,Spain
0 days 01:31:55.299000,PIA,24.0,0 days 00:01:19.985000,MEDIUM,2.0,2.0,1,,,79.985,2025,Spain
0 days 01:33:15.149000,PIA,25.0,0 days 00:01:19.850000,MEDIUM,3.0,2.0,1,,,79.85,2025,Spain
0 days 01:34:35.062000,PIA,26.0,0 days 00:01:19.913000,MEDIUM,4.0,2.0,1,,,79.913,2025,Spain
0 days 01:35:54.811000,PIA,27.0,0 days 00:01:19.749000,MEDIUM,5.0,2.0,1,,,79.749,2025,Spain
0 days 01:37:14.715000,PIA,28.0,0 days 00:01:19.904000,MEDIUM,6.0,2.0,1,,,79.904,2025,Spain
0 days 01:38:34.634000,PIA,29.0,0 days 00:01:19.919000,MEDIUM,7.0,2.0,1,,,79.919,2025,Spain
0 days 01:39:54.441000,PIA,30.0,0 days 00:01:19.807000,MEDIUM,8.0,2.0,1,,,79.807,2025,Spain
0 days 01:41:14.160000,PIA,31.0,0 days 00:01:19.719000,MEDIUM,9.0,2.0,1,,,79.719,2025,Spain
0 days 01:42:34.143000,PIA,32.0,0 days 00:01:19.983000,MEDIUM,10.0,2.0,1,,,79.983,2025,Spain
0 days 01:43:54.530000,PIA,33.0,0 days 00:01:20.387000,MEDIUM,11.0,2.0,1,,,80.387,2025,Spain
0 days 01:45:15.004000,PIA,34.0,0 days 00:01:20.474000,MEDIUM,12.0,2.0,1,,,80.474,2025,Spain
0 days 01:46:35.154000,PIA,35.0,0 days 00:01:20.150000,MEDIUM,13.0,2.0,1,,,80.15,2025,Spain
0 days 01:47:55.283000,PIA,36.0,0 days 00:01:20.129000,MEDIUM,14.0,2.0,1,,,80.129,2025,Spain
0 days 01:49:15.740000,PIA,37.0,0 days 00:01:20.457000,MEDIUM,15.0,2.0,1,,,80.457,2025,Spain
0 days 01:50:35.421000,PIA,38.0,0 days 00:01:19.681000,MEDIUM,16.0,2.0,1,,,79.681,2025,Spain
0 days 01:51:55.366000,PIA,39.0,0 days 00:01:19.945000,MEDIUM,17.0,2.0,1,,,79.945,2025,Spain
0 days 01:53:15.659000,PIA,40.0,0 days 00:01:20.293000,MEDIUM,18.0,2.0,1,,,80.293,2025,Spain
0 days 01:54:35.784000,PIA,41.0,0 days 00:01:20.125000,MEDIUM,19.0,2.0,1,,,80.125,2025,Spain
0 days 01:55:55.925000,PIA,42.0,0 days 00:01:20.141000,MEDIUM,20.0,2.0,1,,,80.141,2025,Spain
0 days 01:57:15.414000,PIA,43.0,0 days 00:01:19.489000,MEDIUM,21.0,2.0,1,,,79.489,2025,Spain
0 days 01:58:35.108000,PIA,44.0,0 days 00:01:19.694000,MEDIUM,22.0,2.0,1,,,79.694,2025,Spain
0 days 01:59:54.546000,PIA,45.0,0 days 00:01:19.438000,MEDIUM,23.0,2.0,1,,,79.438,2025,Spain
0 days 02:01:13.781000,PIA,46.0,0 days 00:01:19.235000,MEDIUM,24.0,2.0,1,,,79.235,2025,Spain
0 days 02:02:33.411000,PIA,47.0,0 days 00:01:19.630000,MEDIUM,25.0,2.0,1,,,79.63,2025,Spain
0 days 02:03:52.789000,PIA,48.0,0 days 00:01:19.378000,MEDIUM,26.0,2.0,1,,,79.378,2025,Spain
0 days 02:05:15.979000,PIA,49.0,0 days 00:01:23.190000,MEDIUM,27.0,2.0,1,0 days 02:05:13.232000,,83.19,2025,Spain
0 days 02:06:53.719000,PIA,50.0,0 days 00:01:37.740000,SOFT,4.0,3.0,1,,0 days 02:05:35.140000,97.74,2025,Spain
0 days 02:08:12.499000,PIA,51.0,0 days 00:01:18.780000,SOFT,5.0,3.0,1,,,78.78,2025,Spain
0 days 02:09:31.295000,PIA,52.0,0 days 00:01:18.796000,SOFT,6.0,3.0,1,,,78.796,2025,Spain
0 days 02:10:49.180000,PIA,53.0,0 days 00:01:17.885000,SOFT,7.0,3.0,1,,,77.885,2025,Spain
0 days 02:12:06.946000,PIA,54.0,0 days 00:01:17.766000,SOFT,8.0,3.0,1,,,77.766,2025,Spain
0 days 02:13:38.102000,PIA,55.0,0 days 00:01:31.156000,SOFT,9.0,3.0,124,0 days 02:13:35.412000,,91.156,2025,Spain
0 days 02:16:06.896000,PIA,56.0,0 days 00:02:28.794000,SOFT,4.0,4.0,4,,0 days 02:13:58.183000,148.794,2025,Spain
0 days 02:18:12.413000,PIA,57.0,0 days 00:02:05.517000,SOFT,5.0,4.0,4,,,125.517,2025,Spain
0 days 02:20:24.297000,PIA,58.0,0 days 00:02:11.884000,SOFT,6.0,4.0,4,,,131.884,2025,Spain
0 days 02:22:28.195000,PIA,59.0,0 days 00:02:03.898000,SOFT,7.0,4.0,4,,,123.898,2025,Spain
0 days 02:24:31.951000,PIA,60.0,0 days 00:02:03.756000,SOFT,8.0,4.0,41,,,123.756,2025,Spain
0 days 02:25:47.694000,PIA,61.0,0 days 00:01:15.743000,SOFT,9.0,4.0,1,,,75.743,2025,Spain
0 days 02:27:03.627000,PIA,62.0,0 days 00:01:15.933000,SOFT,10.0,4.0,1,,,75.933,2025,Spain
0 days 02:28:20.004000,PIA,63.0,0 days 00:01:16.377000,SOFT,11.0,4.0,1,,,76.377,2025,Spain
0 days 02:29:36.584000,PIA,64.0,0 days 00:01:16.580000,SOFT,12.0,4.0,1,,,76.58,2025,Spain
0 days 02:30:53.578000,PIA,65.0,0 days 00:01:16.994000,SOFT,13.0,4.0,1,,,76.994,2025,Spain
0 days 02:32:11.023000,PIA,66.0,0 days 00:01:17.445000,SOFT,14.0,4.0,1,,,77.445,2025,Spain
0 days 01:00:44.485000,BEA,1.0,0 days 00:01:30.837000,SOFT,1.0,1.0,1,,,90.837,2025,Spain
0 days 01:02:08.353000,BEA,2.0,0 days 00:01:23.868000,SOFT,2.0,1.0,1,,,83.868,2025,Spain
0 days 01:03:30.956000,BEA,3.0,0 days 00:01:22.603000,SOFT,3.0,1.0,1,,,82.603,2025,Spain
0 days 01:04:53.300000,BEA,4.0,0 days 00:01:22.344000,SOFT,4.0,1.0,1,,,82.344,2025,Spain
0 days 01:06:15.477000,BEA,5.0,0 days 00:01:22.177000,SOFT,5.0,1.0,1,,,82.177,2025,Spain
0 days 01:07:38.064000,BEA,6.0,0 days 00:01:22.587000,SOFT,6.0,1.0,1,,,82.587,2025,Spain
0 days 01:09:00.132000,BEA,7.0,0 days 00:01:22.068000,SOFT,7.0,1.0,1,,,82.068,2025,Spain
0 days 01:10:26.318000,BEA,8.0,0 days 00:01:26.186000,SOFT,8.0,1.0,1,0 days 01:10:23.615000,,86.186,2025,Spain
0 days 01:12:03.987000,BEA,9.0,0 days 00:01:37.669000,MEDIUM,1.0,2.0,1,,0 days 01:10:45.556000,97.669,2025,Spain
0 days 01:13:24.373000,BEA,10.0,0 days 00:01:20.386000,MEDIUM,2.0,2.0,1,,,80.386,2025,Spain
0 days 01:14:46.088000,BEA,11.0,0 days 00:01:21.715000,MEDIUM,3.0,2.0,1,,,81.715,2025,Spain
0 days 01:16:08.468000,BEA,12.0,0 days 00:01:22.380000,MEDIUM,4.0,2.0,1,,,82.38,2025,Spain
0 days 01:17:30.795000,BEA,13.0,0 days 00:01:22.327000,MEDIUM,5.0,2.0,1,,,82.327,2025,Spain
0 days 01:18:53.239000,BEA,14.0,0 days 00:01:22.444000,MEDIUM,6.0,2.0,1,,,82.444,2025,Spain
0 days 01:20:15.365000,BEA,15.0,0 days 00:01:22.126000,MEDIUM,7.0,2.0,1,,,82.126,2025,Spain
0 days 01:21:37.011000,BEA,16.0,0 days 00:01:21.646000,MEDIUM,8.0,2.0,1,,,81.646,2025,Spain
0 days 01:22:58.788000,BEA,17.0,0 days 00:01:21.777000,MEDIUM,9.0,2.0,1,,,81.777,2025,Spain
0 days 01:24:21.100000,BEA,18.0,0 days 00:01:22.312000,MEDIUM,10.0,2.0,1,,,82.312,2025,Spain
0 days 01:25:43.510000,BEA,19.0,0 days 00:01:22.410000,MEDIUM,11.0,2.0,1,,,82.41,2025,Spain
0 days 01:27:07.268000,BEA,20.0,0 days 00:01:23.758000,MEDIUM,12.0,2.0,1,,,83.758,2025,Spain
0 days 01:28:29.555000,BEA,21.0,0 days 00:01:22.287000,MEDIUM,13.0,2.0,1,,,82.287,2025,Spain
0 days 01:29:51.894000,BEA,22.0,0 days 00:01:22.339000,MEDIUM,14.0,2.0,1,,,82.339,2025,Spain
0 days 01:31:14.423000,BEA,23.0,0 days 00:01:22.529000,MEDIUM,15.0,2.0,1,,,82.529,2025,Spain
0 days 01:32:36.938000,BEA,24.0,0 days 00:01:22.515000,MEDIUM,16.0,2.0,1,,,82.515,2025,Spain
0 days 01:33:58.849000,BEA,25.0,0 days 00:01:21.911000,MEDIUM,17.0,2.0,1,,,81.911,2025,Spain
0 days 01:35:20.908000,BEA,26.0,0 days 00:01:22.059000,MEDIUM,18.0,2.0,1,,,82.059,2025,Spain
0 days 01:36:42.710000,BEA,27.0,0 days 00:01:21.802000,MEDIUM,19.0,2.0,1,,,81.802,2025,Spain
0 days 01:38:04.381000,BEA,28.0,0 days 00:01:21.671000,MEDIUM,20.0,2.0,1,,,81.671,2025,Spain
0 days 01:39:25.957000,BEA,29.0,0 days 00:01:21.576000,MEDIUM,21.0,2.0,1,,,81.576,2025,Spain
0 days 01:40:47.705000,BEA,30.0,0 days 00:01:21.748000,MEDIUM,22.0,2.0,1,,,81.748,2025,Spain
0 days 01:42:10.835000,BEA,31.0,0 days 00:01:23.130000,MEDIUM,23.0,2.0,1,,,83.13,2025,Spain
0 days 01:43:32.705000,BEA,32.0,0 days 00:01:21.870000,MEDIUM,24.0,2.0,1,,,81.87,2025,Spain
0 days 01:44:54.565000,BEA,33.0,0 days 00:01:21.860000,MEDIUM,25.0,2.0,1,,,81.86,2025,Spain
0 days 01:46:16.467000,BEA,34.0,0 days 00:01:21.902000,MEDIUM,26.0,2.0,1,,,81.902,2025,Spain
0 days 01:47:43.532000,BEA,35.0,0 days 00:01:27.065000,MEDIUM,27.0,2.0,1,0 days 01:47:41.016000,,87.065,2025,Spain
0 days 01:49:22.209000,BEA,36.0,0 days 00:01:38.677000,MEDIUM,1.0,3.0,1,,0 days 01:48:03.106000,98.677,2025,Spain
0 days 01:50:44.892000,BEA,37.0,0 days 00:01:22.683000,MEDIUM,2.0,3.0,1,,,82.683,2025,Spain
0 days 01:52:05.748000,BEA,38.0,0 days 00:01:20.856000,MEDIUM,3.0,3.0,1,,,80.856,2025,Spain
0 days 01:53:26.256000,BEA,39.0,0 days 00:01:20.508000,MEDIUM,4.0,3.0,1,,,80.508,2025,Spain
0 days 01:54:47.105000,BEA,40.0,0 days 00:01:20.849000,MEDIUM,5.0,3.0,1,,,80.849,2025,Spain
0 days 01:56:07.720000,BEA,41.0,0 days 00:01:20.615000,MEDIUM,6.0,3.0,1,,,80.615,2025,Spain
0 days 01:57:28.175000,BEA,42.0,0 days 00:01:20.455000,MEDIUM,7.0,3.0,1,,,80.455,2025,Spain
0 days 01:58:48.922000,BEA,43.0,0 days 00:01:20.747000,MEDIUM,8.0,3.0,1,,,80.747,2025,Spain
0 days 02:00:09.451000,BEA,44.0,0 days 00:01:20.529000,MEDIUM,9.0,3.0,1,,,80.529,2025,Spain
0 days 02:01:30.030000,BEA,45.0,0 days 00:01:20.579000,MEDIUM,10.0,3.0,1,,,80.579,2025,Spain
0 days 02:02:50.266000,BEA,46.0,0 days 00:01:20.236000,MEDIUM,11.0,3.0,1,,,80.236,2025,Spain
0 days 02:04:10.283000,BEA,47.0,0 days 00:01:20.017000,MEDIUM,12.0,3.0,1,,,80.017,2025,Spain
0 days 02:05:31.246000,BEA,48.0,0 days 00:01:20.963000,MEDIUM,13.0,3.0,1,,,80.963,2025,Spain
0 days 02:06:51.964000,BEA,49.0,0 days 00:01:20.718000,MEDIUM,14.0,3.0,1,,,80.718,2025,Spain
0 days 02:08:13.939000,BEA,50.0,0 days 00:01:21.975000,MEDIUM,15.0,3.0,1,,,81.975,2025,Spain
0 days 02:09:36.902000,BEA,51.0,0 days 00:01:22.963000,MEDIUM,16.0,3.0,1,,,82.963,2025,Spain
0 days 02:10:59.606000,BEA,52.0,0 days 00:01:22.704000,MEDIUM,17.0,3.0,1,,,82.704,2025,Spain
0 days 02:12:20.564000,BEA,53.0,0 days 00:01:20.958000,MEDIUM,18.0,3.0,1,,,80.958,2025,Spain
0 days 02:13:59.319000,BEA,54.0,0 days 00:01:38.755000,MEDIUM,19.0,3.0,124,0 days 02:13:56.541000,,98.755,2025,Spain
0 days 02:16:15.397000,BEA,55.0,0 days 00:02:16.078000,SOFT,7.0,4.0,4,,0 days 02:14:19.356000,136.078,2025,Spain
0 days 02:18:22.683000,BEA,56.0,0 days 00:02:07.286000,SOFT,8.0,4.0,4,,,127.286,2025,Spain
0 days 02:20:17.738000,BEA,57.0,0 days 00:01:55.055000,SOFT,9.0,4.0,4,,,115.055,2025,Spain
0 days 02:21:41.311000,BEA,58.0,0 days 00:01:23.573000,SOFT,10.0,4.0,4,,,83.573,2025,Spain
0 days 02:23:03.415000,BEA,59.0,0 days 00:01:22.104000,SOFT,11.0,4.0,4,,,82.104,2025,Spain
0 days 02:24:37.392000,BEA,60.0,0 days 00:01:33.977000,SOFT,12.0,4.0,41,,,93.977,2025,Spain
0 days 02:25:58.869000,BEA,61.0,0 days 00:01:21.477000,SOFT,13.0,4.0,1,,,81.477,2025,Spain
0 days 02:27:19.124000,BEA,62.0,0 days 00:01:20.255000,SOFT,14.0,4.0,1,,,80.255,2025,Spain
0 days 02:28:38.031000,BEA,63.0,0 days 00:01:18.907000,SOFT,15.0,4.0,1,,,78.907,2025,Spain
0 days 02:29:58.331000,BEA,64.0,0 days 00:01:20.300000,SOFT,16.0,4.0,1,,,80.3,2025,Spain
0 days 02:31:18.413000,BEA,65.0,0 days 00:01:20.082000,SOFT,17.0,4.0,1,,,80.082,2025,Spain
0 days 02:32:38.088000,BEA,66.0,0 days 00:01:19.675000,SOFT,18.0,4.0,1,,,79.675,2025,Spain
